"global_step","MountainCar-v0__dart_ppo__1__1768426160 - charts/episodic_return","MountainCar-v0__dart_ppo__1__1768426160 - charts/episodic_return__MIN","MountainCar-v0__dart_ppo__1__1768426160 - charts/episodic_return__MAX","MountainCar-v0__dart_ppo__1__1768426160 - _step","MountainCar-v0__dart_ppo__1__1768426160 - _step__MIN","MountainCar-v0__dart_ppo__1__1768426160 - _step__MAX","MountainCar-v0__ppo__1__1764901656 - charts/episodic_return","MountainCar-v0__ppo__1__1764901656 - charts/episodic_return__MIN","MountainCar-v0__ppo__1__1764901656 - charts/episodic_return__MAX","MountainCar-v0__ppo__1__1764901656 - _step","MountainCar-v0__ppo__1__1764901656 - _step__MIN","MountainCar-v0__ppo__1__1764901656 - _step__MAX"
"800","-200","-200","-200","2","2","2","-200","-200","-200","2","2","2"
"1600","-200","-200","-200","5","5","5","-200","-200","-200","5","5","5"
"2400","-200","-200","-200","7","7","7","-200","-200","-200","7","7","7"
"3200","-200","-200","-200","10","10","10","-200","-200","-200","10","10","10"
"4000","-200","-200","-200","12","12","12","-200","-200","-200","12","12","12"
"4800","-200","-200","-200","15","15","15","-200","-200","-200","15","15","15"
"5600","-200","-200","-200","17","17","17","-200","-200","-200","17","17","17"
"6400","-200","-200","-200","20","20","20","-200","-200","-200","20","20","20"
"7200","-200","-200","-200","23","23","23","-200","-200","-200","23","23","23"
"8000","-200","-200","-200","25","25","25","-200","-200","-200","25","25","25"
"8800","-200","-200","-200","28","28","28","-200","-200","-200","28","28","28"
"9600","-200","-200","-200","30","30","30","-200","-200","-200","30","30","30"
"10400","-200","-200","-200","33","33","33","-200","-200","-200","33","33","33"
"11200","-200","-200","-200","35","35","35","-200","-200","-200","35","35","35"
"12000","-200","-200","-200","38","38","38","-200","-200","-200","38","38","38"
"12800","-200","-200","-200","40","40","40","-200","-200","-200","40","40","40"
"13600","-200","-200","-200","42","42","42","-200","-200","-200","42","42","42"
"14400","-200","-200","-200","45","45","45","-200","-200","-200","45","45","45"
"15200","-200","-200","-200","47","47","47","-200","-200","-200","47","47","47"
"16000","-200","-200","-200","50","50","50","-200","-200","-200","50","50","50"
"16800","-200","-200","-200","52","52","52","-200","-200","-200","52","52","52"
"17600","-200","-200","-200","55","55","55","-200","-200","-200","55","55","55"
"18400","-200","-200","-200","57","57","57","-200","-200","-200","57","57","57"
"19200","-200","-200","-200","60","60","60","-200","-200","-200","60","60","60"
"20000","-200","-200","-200","63","63","63","-200","-200","-200","63","63","63"
"20800","-200","-200","-200","65","65","65","-200","-200","-200","65","65","65"
"21600","-200","-200","-200","68","68","68","-200","-200","-200","68","68","68"
"22400","-200","-200","-200","70","70","70","-200","-200","-200","70","70","70"
"23200","-200","-200","-200","73","73","73","-200","-200","-200","73","73","73"
"24000","-200","-200","-200","75","75","75","-200","-200","-200","75","75","75"
"24800","-200","-200","-200","78","78","78","-200","-200","-200","78","78","78"
"25600","-200","-200","-200","80","80","80","-200","-200","-200","80","80","80"
"26400","-200","-200","-200","82","82","82","-200","-200","-200","82","82","82"
"27200","-200","-200","-200","85","85","85","-200","-200","-200","85","85","85"
"28000","-200","-200","-200","87","87","87","-200","-200","-200","87","87","87"
"28800","-200","-200","-200","90","90","90","-200","-200","-200","90","90","90"
"29600","-200","-200","-200","92","92","92","-200","-200","-200","92","92","92"
"30400","-200","-200","-200","95","95","95","-200","-200","-200","95","95","95"
"31200","-200","-200","-200","97","97","97","-200","-200","-200","97","97","97"
"32000","-200","-200","-200","100","100","100","-200","-200","-200","100","100","100"
"32800","-200","-200","-200","103","103","103","-200","-200","-200","103","103","103"
"33600","-200","-200","-200","105","105","105","-200","-200","-200","105","105","105"
"34400","-200","-200","-200","108","108","108","-200","-200","-200","108","108","108"
"35200","-200","-200","-200","110","110","110","-200","-200","-200","110","110","110"
"36000","-200","-200","-200","113","113","113","-200","-200","-200","113","113","113"
"36800","-200","-200","-200","115","115","115","-200","-200","-200","115","115","115"
"37600","-200","-200","-200","118","118","118","-200","-200","-200","118","118","118"
"38400","-200","-200","-200","120","120","120","-200","-200","-200","120","120","120"
"39200","-200","-200","-200","122","122","122","-200","-200","-200","122","122","122"
"40000","-200","-200","-200","125","125","125","-200","-200","-200","125","125","125"
"40800","-200","-200","-200","127","127","127","-200","-200","-200","127","127","127"
"41600","-200","-200","-200","130","130","130","-200","-200","-200","130","130","130"
"42400","-200","-200","-200","132","132","132","-200","-200","-200","132","132","132"
"43200","-200","-200","-200","135","135","135","-200","-200","-200","135","135","135"
"44000","-200","-200","-200","137","137","137","-200","-200","-200","137","137","137"
"44800","-200","-200","-200","140","140","140","-200","-200","-200","140","140","140"
"45600","-200","-200","-200","143","143","143","-200","-200","-200","143","143","143"
"46400","-200","-200","-200","145","145","145","-200","-200","-200","145","145","145"
"47200","-200","-200","-200","148","148","148","-200","-200","-200","148","148","148"
"48000","-200","-200","-200","150","150","150","-200","-200","-200","150","150","150"
"48800","-200","-200","-200","153","153","153","-200","-200","-200","153","153","153"
"49600","-200","-200","-200","155","155","155","-200","-200","-200","155","155","155"
"50400","-200","-200","-200","158","158","158","-200","-200","-200","158","158","158"
"51200","-200","-200","-200","160","160","160","-200","-200","-200","160","160","160"
"52000","-200","-200","-200","162","162","162","-200","-200","-200","162","162","162"
"52800","-200","-200","-200","165","165","165","-200","-200","-200","165","165","165"
"53600","-200","-200","-200","167","167","167","-200","-200","-200","167","167","167"
"54400","-200","-200","-200","170","170","170","-200","-200","-200","170","170","170"
"55200","-200","-200","-200","172","172","172","-200","-200","-200","172","172","172"
"56000","-200","-200","-200","175","175","175","-200","-200","-200","175","175","175"
"56800","-200","-200","-200","177","177","177","-200","-200","-200","177","177","177"
"57600","-200","-200","-200","180","180","180","-200","-200","-200","180","180","180"
"58400","-200","-200","-200","183","183","183","-200","-200","-200","183","183","183"
"59200","-200","-200","-200","185","185","185","-200","-200","-200","185","185","185"
"60000","-200","-200","-200","188","188","188","-200","-200","-200","188","188","188"
"60800","-200","-200","-200","190","190","190","-200","-200","-200","190","190","190"
"61600","-200","-200","-200","193","193","193","-200","-200","-200","193","193","193"
"62400","-200","-200","-200","195","195","195","-200","-200","-200","195","195","195"
"63200","-200","-200","-200","198","198","198","-200","-200","-200","198","198","198"
"64000","-200","-200","-200","200","200","200","-200","-200","-200","200","200","200"
"64800","-200","-200","-200","202","202","202","-200","-200","-200","202","202","202"
"65600","-200","-200","-200","205","205","205","-200","-200","-200","205","205","205"
"66400","-200","-200","-200","207","207","207","-200","-200","-200","207","207","207"
"67200","-200","-200","-200","210","210","210","-200","-200","-200","210","210","210"
"68000","-200","-200","-200","212","212","212","-200","-200","-200","212","212","212"
"68800","-200","-200","-200","215","215","215","-200","-200","-200","215","215","215"
"69600","-200","-200","-200","217","217","217","-200","-200","-200","217","217","217"
"70400","-200","-200","-200","220","220","220","-200","-200","-200","220","220","220"
"71200","-200","-200","-200","223","223","223","-200","-200","-200","223","223","223"
"72000","-200","-200","-200","225","225","225","-200","-200","-200","225","225","225"
"72800","-200","-200","-200","228","228","228","-200","-200","-200","228","228","228"
"73600","-200","-200","-200","230","230","230","-200","-200","-200","230","230","230"
"74400","-200","-200","-200","233","233","233","-200","-200","-200","233","233","233"
"75200","-200","-200","-200","235","235","235","-200","-200","-200","235","235","235"
"76000","-200","-200","-200","238","238","238","-200","-200","-200","238","238","238"
"76800","-200","-200","-200","240","240","240","-200","-200","-200","240","240","240"
"77600","-200","-200","-200","242","242","242","-200","-200","-200","242","242","242"
"78400","-200","-200","-200","245","245","245","-200","-200","-200","245","245","245"
"79200","-200","-200","-200","247","247","247","-200","-200","-200","247","247","247"
"80000","-200","-200","-200","250","250","250","-200","-200","-200","250","250","250"
"80800","-200","-200","-200","252","252","252","-200","-200","-200","252","252","252"
"81600","-200","-200","-200","255","255","255","-200","-200","-200","255","255","255"
"82400","-200","-200","-200","257","257","257","-200","-200","-200","257","257","257"
"83200","-200","-200","-200","260","260","260","-200","-200","-200","260","260","260"
"84000","-200","-200","-200","263","263","263","-200","-200","-200","263","263","263"
"84800","-200","-200","-200","265","265","265","-200","-200","-200","265","265","265"
"85600","-200","-200","-200","268","268","268","-200","-200","-200","268","268","268"
"86400","-200","-200","-200","270","270","270","-200","-200","-200","270","270","270"
"87200","-200","-200","-200","273","273","273","-200","-200","-200","273","273","273"
"88000","-200","-200","-200","275","275","275","-200","-200","-200","275","275","275"
"88800","-200","-200","-200","278","278","278","-200","-200","-200","278","278","278"
"89600","-200","-200","-200","280","280","280","-200","-200","-200","280","280","280"
"90400","-200","-200","-200","282","282","282","-200","-200","-200","282","282","282"
"91200","-200","-200","-200","285","285","285","-200","-200","-200","285","285","285"
"92000","-200","-200","-200","287","287","287","-200","-200","-200","287","287","287"
"92800","-200","-200","-200","290","290","290","-200","-200","-200","290","290","290"
"93600","-200","-200","-200","292","292","292","-200","-200","-200","292","292","292"
"94400","-200","-200","-200","295","295","295","-200","-200","-200","295","295","295"
"95200","-200","-200","-200","297","297","297","-200","-200","-200","297","297","297"
"96000","-200","-200","-200","300","300","300","-200","-200","-200","300","300","300"
"96800","-200","-200","-200","303","303","303","-200","-200","-200","303","303","303"
"97600","-200","-200","-200","305","305","305","-200","-200","-200","305","305","305"
"98400","-200","-200","-200","308","308","308","-200","-200","-200","308","308","308"
"99200","-200","-200","-200","310","310","310","-200","-200","-200","310","310","310"
"100000","-200","-200","-200","313","313","313","-200","-200","-200","313","313","313"
"100800","-200","-200","-200","315","315","315","-200","-200","-200","315","315","315"
"101600","-200","-200","-200","318","318","318","-200","-200","-200","318","318","318"
"102400","-200","-200","-200","320","320","320","-200","-200","-200","320","320","320"
"103200","-200","-200","-200","322","322","322","-200","-200","-200","322","322","322"
"104000","-200","-200","-200","325","325","325","-200","-200","-200","325","325","325"
"104800","-200","-200","-200","327","327","327","-200","-200","-200","327","327","327"
"105600","-200","-200","-200","330","330","330","-200","-200","-200","330","330","330"
"106400","-200","-200","-200","332","332","332","-200","-200","-200","332","332","332"
"107200","-200","-200","-200","335","335","335","-200","-200","-200","335","335","335"
"108000","-200","-200","-200","337","337","337","-200","-200","-200","337","337","337"
"108800","-200","-200","-200","340","340","340","-200","-200","-200","340","340","340"
"109600","-200","-200","-200","343","343","343","-200","-200","-200","343","343","343"
"110400","-200","-200","-200","345","345","345","-200","-200","-200","345","345","345"
"111200","-200","-200","-200","348","348","348","-200","-200","-200","348","348","348"
"112000","-200","-200","-200","350","350","350","-200","-200","-200","350","350","350"
"112800","-200","-200","-200","353","353","353","-200","-200","-200","353","353","353"
"113600","-200","-200","-200","355","355","355","-200","-200","-200","355","355","355"
"114400","-200","-200","-200","358","358","358","-200","-200","-200","358","358","358"
"115200","-200","-200","-200","360","360","360","-200","-200","-200","360","360","360"
"116000","-200","-200","-200","362","362","362","-200","-200","-200","362","362","362"
"116800","-200","-200","-200","365","365","365","-200","-200","-200","365","365","365"
"117600","-200","-200","-200","367","367","367","-200","-200","-200","367","367","367"
"118400","-200","-200","-200","370","370","370","-200","-200","-200","370","370","370"
"119200","-200","-200","-200","372","372","372","-200","-200","-200","372","372","372"
"120000","-200","-200","-200","375","375","375","-200","-200","-200","375","375","375"
"120800","-200","-200","-200","377","377","377","-200","-200","-200","377","377","377"
"121600","-200","-200","-200","380","380","380","-200","-200","-200","380","380","380"
"122400","-200","-200","-200","383","383","383","-200","-200","-200","383","383","383"
"123200","-200","-200","-200","385","385","385","-200","-200","-200","385","385","385"
"124000","-200","-200","-200","388","388","388","-200","-200","-200","388","388","388"
"124800","-200","-200","-200","390","390","390","-200","-200","-200","390","390","390"
"125600","-200","-200","-200","393","393","393","-200","-200","-200","393","393","393"
"126400","-200","-200","-200","395","395","395","-200","-200","-200","395","395","395"
"127200","-200","-200","-200","398","398","398","-200","-200","-200","398","398","398"
"128000","-200","-200","-200","400","400","400","-200","-200","-200","400","400","400"
"128800","-200","-200","-200","402","402","402","-200","-200","-200","402","402","402"
"129600","-200","-200","-200","405","405","405","-200","-200","-200","405","405","405"
"130400","-200","-200","-200","407","407","407","-200","-200","-200","407","407","407"
"131200","-200","-200","-200","410","410","410","-200","-200","-200","410","410","410"
"132000","-200","-200","-200","412","412","412","-200","-200","-200","412","412","412"
"132800","-200","-200","-200","415","415","415","-200","-200","-200","415","415","415"
"133600","-200","-200","-200","417","417","417","-200","-200","-200","417","417","417"
"134400","-200","-200","-200","420","420","420","-200","-200","-200","420","420","420"
"135200","-200","-200","-200","423","423","423","-200","-200","-200","423","423","423"
"136000","-200","-200","-200","425","425","425","-200","-200","-200","425","425","425"
"136800","-200","-200","-200","428","428","428","-200","-200","-200","428","428","428"
"137600","-200","-200","-200","430","430","430","-200","-200","-200","430","430","430"
"138400","-200","-200","-200","433","433","433","-200","-200","-200","433","433","433"
"139200","-200","-200","-200","435","435","435","-200","-200","-200","435","435","435"
"140000","-200","-200","-200","438","438","438","-200","-200","-200","438","438","438"
"140800","-200","-200","-200","440","440","440","-200","-200","-200","440","440","440"
"141600","-200","-200","-200","442","442","442","-200","-200","-200","442","442","442"
"142400","-200","-200","-200","445","445","445","-200","-200","-200","445","445","445"
"143200","-200","-200","-200","447","447","447","-200","-200","-200","447","447","447"
"144000","-200","-200","-200","450","450","450","-200","-200","-200","450","450","450"
"144800","-200","-200","-200","452","452","452","-200","-200","-200","452","452","452"
"145600","-200","-200","-200","455","455","455","-200","-200","-200","455","455","455"
"146400","-200","-200","-200","457","457","457","-200","-200","-200","457","457","457"
"147200","-200","-200","-200","460","460","460","-200","-200","-200","460","460","460"
"148000","-200","-200","-200","463","463","463","-200","-200","-200","463","463","463"
"148800","-200","-200","-200","465","465","465","-200","-200","-200","465","465","465"
"149600","-200","-200","-200","468","468","468","-200","-200","-200","468","468","468"
"150400","-200","-200","-200","470","470","470","-200","-200","-200","470","470","470"
"151200","-200","-200","-200","473","473","473","-200","-200","-200","473","473","473"
"152000","-200","-200","-200","475","475","475","-200","-200","-200","475","475","475"
"152800","-200","-200","-200","478","478","478","-200","-200","-200","478","478","478"
"153600","-200","-200","-200","480","480","480","-200","-200","-200","480","480","480"
"154400","-200","-200","-200","482","482","482","-200","-200","-200","482","482","482"
"155200","-200","-200","-200","485","485","485","-200","-200","-200","485","485","485"
"156000","-200","-200","-200","487","487","487","-200","-200","-200","487","487","487"
"156800","-200","-200","-200","490","490","490","-200","-200","-200","490","490","490"
"157600","-200","-200","-200","492","492","492","-200","-200","-200","492","492","492"
"158400","-200","-200","-200","495","495","495","-200","-200","-200","495","495","495"
"159200","-200","-200","-200","497","497","497","-200","-200","-200","497","497","497"
"160000","-200","-200","-200","500","500","500","-200","-200","-200","500","500","500"
"160800","-200","-200","-200","503","503","503","-200","-200","-200","503","503","503"
"161600","-200","-200","-200","505","505","505","-200","-200","-200","505","505","505"
"162400","-200","-200","-200","508","508","508","-200","-200","-200","508","508","508"
"163200","-200","-200","-200","510","510","510","-200","-200","-200","510","510","510"
"164000","-200","-200","-200","513","513","513","-200","-200","-200","513","513","513"
"164800","-200","-200","-200","515","515","515","-200","-200","-200","515","515","515"
"165600","-200","-200","-200","518","518","518","-200","-200","-200","518","518","518"
"166400","-200","-200","-200","520","520","520","-200","-200","-200","520","520","520"
"167200","-200","-200","-200","522","522","522","-200","-200","-200","522","522","522"
"168000","-200","-200","-200","525","525","525","-200","-200","-200","525","525","525"
"168800","-200","-200","-200","527","527","527","-200","-200","-200","527","527","527"
"169600","-200","-200","-200","530","530","530","-200","-200","-200","530","530","530"
"170400","-200","-200","-200","532","532","532","-200","-200","-200","532","532","532"
"171200","-200","-200","-200","535","535","535","-200","-200","-200","535","535","535"
"172000","-200","-200","-200","537","537","537","-200","-200","-200","537","537","537"
"172800","-200","-200","-200","540","540","540","-200","-200","-200","540","540","540"
"173600","-200","-200","-200","543","543","543","-200","-200","-200","543","543","543"
"174400","-200","-200","-200","545","545","545","-200","-200","-200","545","545","545"
"175200","-200","-200","-200","548","548","548","-200","-200","-200","548","548","548"
"176000","-200","-200","-200","550","550","550","-200","-200","-200","550","550","550"
"176800","-200","-200","-200","553","553","553","-200","-200","-200","553","553","553"
"177600","-200","-200","-200","555","555","555","-200","-200","-200","555","555","555"
"178400","-200","-200","-200","558","558","558","-200","-200","-200","558","558","558"
"179200","-200","-200","-200","560","560","560","-200","-200","-200","560","560","560"
"180000","-200","-200","-200","562","562","562","-200","-200","-200","562","562","562"
"180800","-200","-200","-200","565","565","565","-200","-200","-200","565","565","565"
"181600","-200","-200","-200","567","567","567","-200","-200","-200","567","567","567"
"182400","-200","-200","-200","570","570","570","-200","-200","-200","570","570","570"
"183200","-200","-200","-200","572","572","572","-200","-200","-200","572","572","572"
"184000","-200","-200","-200","575","575","575","-200","-200","-200","575","575","575"
"184800","-200","-200","-200","577","577","577","-200","-200","-200","577","577","577"
"185600","-200","-200","-200","580","580","580","-200","-200","-200","580","580","580"
"186400","-200","-200","-200","583","583","583","-200","-200","-200","583","583","583"
"187200","-200","-200","-200","585","585","585","-200","-200","-200","585","585","585"
"188000","-200","-200","-200","588","588","588","-200","-200","-200","588","588","588"
"188800","-200","-200","-200","590","590","590","-200","-200","-200","590","590","590"
"189600","-200","-200","-200","593","593","593","-200","-200","-200","593","593","593"
"190400","-200","-200","-200","595","595","595","-200","-200","-200","595","595","595"
"191200","-200","-200","-200","598","598","598","-200","-200","-200","598","598","598"
"192000","-200","-200","-200","600","600","600","-200","-200","-200","600","600","600"
"192800","-200","-200","-200","602","602","602","-200","-200","-200","602","602","602"
"193600","-200","-200","-200","605","605","605","-200","-200","-200","605","605","605"
"194400","-200","-200","-200","607","607","607","-200","-200","-200","607","607","607"
"195200","-200","-200","-200","610","610","610","-200","-200","-200","610","610","610"
"196000","-200","-200","-200","612","612","612","-200","-200","-200","612","612","612"
"196800","-200","-200","-200","615","615","615","-200","-200","-200","615","615","615"
"197600","-200","-200","-200","617","617","617","-200","-200","-200","617","617","617"
"198400","-200","-200","-200","620","620","620","-200","-200","-200","620","620","620"
"199200","-200","-200","-200","623","623","623","-200","-200","-200","623","623","623"
"200000","-200","-200","-200","625","625","625","-200","-200","-200","625","625","625"
"200800","-200","-200","-200","628","628","628","-200","-200","-200","628","628","628"
"201600","-200","-200","-200","630","630","630","-200","-200","-200","630","630","630"
"202400","-200","-200","-200","633","633","633","-200","-200","-200","633","633","633"
"203200","-200","-200","-200","635","635","635","-200","-200","-200","635","635","635"
"204000","-200","-200","-200","638","638","638","-200","-200","-200","638","638","638"
"204800","-200","-200","-200","640","640","640","-200","-200","-200","640","640","640"
"205600","-200","-200","-200","642","642","642","-200","-200","-200","642","642","642"
"206400","-200","-200","-200","645","645","645","-200","-200","-200","645","645","645"
"207200","-200","-200","-200","647","647","647","-200","-200","-200","647","647","647"
"208000","-200","-200","-200","650","650","650","-200","-200","-200","650","650","650"
"208800","-200","-200","-200","652","652","652","-200","-200","-200","652","652","652"
"209600","-200","-200","-200","655","655","655","-200","-200","-200","655","655","655"
"210400","-200","-200","-200","657","657","657","-200","-200","-200","657","657","657"
"211200","-200","-200","-200","660","660","660","-200","-200","-200","660","660","660"
"212000","-200","-200","-200","663","663","663","-200","-200","-200","663","663","663"
"212800","-200","-200","-200","665","665","665","-200","-200","-200","665","665","665"
"213600","-200","-200","-200","668","668","668","-200","-200","-200","668","668","668"
"214400","-200","-200","-200","670","670","670","-200","-200","-200","670","670","670"
"215200","-200","-200","-200","673","673","673","-200","-200","-200","673","673","673"
"216000","-200","-200","-200","675","675","675","-200","-200","-200","675","675","675"
"216800","-200","-200","-200","678","678","678","-200","-200","-200","678","678","678"
"217600","-200","-200","-200","680","680","680","-200","-200","-200","680","680","680"
"218400","-200","-200","-200","682","682","682","-200","-200","-200","682","682","682"
"219200","-200","-200","-200","685","685","685","-200","-200","-200","685","685","685"
"220000","-200","-200","-200","687","687","687","-200","-200","-200","687","687","687"
"220800","-200","-200","-200","690","690","690","-200","-200","-200","690","690","690"
"221600","-200","-200","-200","692","692","692","-200","-200","-200","692","692","692"
"222400","-200","-200","-200","695","695","695","-200","-200","-200","695","695","695"
"223200","-200","-200","-200","697","697","697","-200","-200","-200","697","697","697"
"224000","-200","-200","-200","700","700","700","-200","-200","-200","700","700","700"
"224800","-200","-200","-200","703","703","703","-200","-200","-200","703","703","703"
"225600","-200","-200","-200","705","705","705","-200","-200","-200","705","705","705"
"226400","-200","-200","-200","708","708","708","-200","-200","-200","708","708","708"
"227200","-200","-200","-200","710","710","710","-200","-200","-200","710","710","710"
"228000","-200","-200","-200","713","713","713","-200","-200","-200","713","713","713"
"228800","-200","-200","-200","715","715","715","-200","-200","-200","715","715","715"
"229600","-200","-200","-200","718","718","718","-200","-200","-200","718","718","718"
"230400","-200","-200","-200","720","720","720","-200","-200","-200","720","720","720"
"231200","-200","-200","-200","722","722","722","-200","-200","-200","722","722","722"
"232000","-200","-200","-200","725","725","725","-200","-200","-200","725","725","725"
"232800","-200","-200","-200","727","727","727","-200","-200","-200","727","727","727"
"233600","-200","-200","-200","730","730","730","-200","-200","-200","730","730","730"
"234400","-200","-200","-200","732","732","732","-200","-200","-200","732","732","732"
"235200","-200","-200","-200","735","735","735","-200","-200","-200","735","735","735"
"236000","-200","-200","-200","737","737","737","-200","-200","-200","737","737","737"
"236800","-200","-200","-200","740","740","740","-200","-200","-200","740","740","740"
"237600","-200","-200","-200","743","743","743","-200","-200","-200","743","743","743"
"238400","-200","-200","-200","745","745","745","-200","-200","-200","745","745","745"
"239200","-200","-200","-200","748","748","748","-200","-200","-200","748","748","748"
"240000","-200","-200","-200","750","750","750","-200","-200","-200","750","750","750"
"240800","-200","-200","-200","753","753","753","-200","-200","-200","753","753","753"
"241600","-200","-200","-200","755","755","755","-200","-200","-200","755","755","755"
"242400","-200","-200","-200","758","758","758","-200","-200","-200","758","758","758"
"243200","-200","-200","-200","760","760","760","-200","-200","-200","760","760","760"
"244000","-200","-200","-200","762","762","762","-200","-200","-200","762","762","762"
"244800","-200","-200","-200","765","765","765","-200","-200","-200","765","765","765"
"245600","-200","-200","-200","767","767","767","-200","-200","-200","767","767","767"
"246400","-200","-200","-200","770","770","770","-200","-200","-200","770","770","770"
"247200","-200","-200","-200","772","772","772","-200","-200","-200","772","772","772"
"248000","-200","-200","-200","775","775","775","-200","-200","-200","775","775","775"
"248800","-200","-200","-200","777","777","777","-200","-200","-200","777","777","777"
"249600","-200","-200","-200","780","780","780","-200","-200","-200","780","780","780"
"250400","-200","-200","-200","783","783","783","-200","-200","-200","783","783","783"
"251200","-200","-200","-200","785","785","785","-200","-200","-200","785","785","785"
"252000","-200","-200","-200","788","788","788","-200","-200","-200","788","788","788"
"252800","-200","-200","-200","790","790","790","-200","-200","-200","790","790","790"
"253600","-200","-200","-200","793","793","793","-200","-200","-200","793","793","793"
"254400","-200","-200","-200","795","795","795","-200","-200","-200","795","795","795"
"255200","-200","-200","-200","798","798","798","-200","-200","-200","798","798","798"
"256000","-200","-200","-200","800","800","800","-200","-200","-200","800","800","800"
"256800","-200","-200","-200","802","802","802","-200","-200","-200","802","802","802"
"257600","-200","-200","-200","805","805","805","-200","-200","-200","805","805","805"
"258400","-200","-200","-200","807","807","807","-200","-200","-200","807","807","807"
"259200","-200","-200","-200","810","810","810","-200","-200","-200","810","810","810"
"260000","-200","-200","-200","812","812","812","-200","-200","-200","812","812","812"
"260800","-200","-200","-200","815","815","815","-200","-200","-200","815","815","815"
"261600","-200","-200","-200","817","817","817","-200","-200","-200","817","817","817"
"262400","-200","-200","-200","820","820","820","-200","-200","-200","820","820","820"
"263200","-200","-200","-200","823","823","823","-200","-200","-200","823","823","823"
"264000","-200","-200","-200","825","825","825","-200","-200","-200","825","825","825"
"264800","-200","-200","-200","828","828","828","-200","-200","-200","828","828","828"
"265600","-200","-200","-200","830","830","830","-200","-200","-200","830","830","830"
"266400","-200","-200","-200","833","833","833","-200","-200","-200","833","833","833"
"267200","-200","-200","-200","835","835","835","-200","-200","-200","835","835","835"
"268000","-200","-200","-200","838","838","838","-200","-200","-200","838","838","838"
"268800","-200","-200","-200","840","840","840","-200","-200","-200","840","840","840"
"269600","-200","-200","-200","842","842","842","-200","-200","-200","842","842","842"
"270400","-200","-200","-200","845","845","845","-200","-200","-200","845","845","845"
"271200","-200","-200","-200","847","847","847","-200","-200","-200","847","847","847"
"272000","-200","-200","-200","850","850","850","-200","-200","-200","850","850","850"
"272800","-200","-200","-200","852","852","852","-200","-200","-200","852","852","852"
"273600","-200","-200","-200","855","855","855","-200","-200","-200","855","855","855"
"274400","-200","-200","-200","857","857","857","-200","-200","-200","857","857","857"
"275200","-200","-200","-200","860","860","860","-200","-200","-200","860","860","860"
"276000","-200","-200","-200","863","863","863","-200","-200","-200","863","863","863"
"276800","-200","-200","-200","865","865","865","-200","-200","-200","865","865","865"
"277600","-200","-200","-200","868","868","868","-200","-200","-200","868","868","868"
"278400","-200","-200","-200","870","870","870","-200","-200","-200","870","870","870"
"279200","-200","-200","-200","873","873","873","-200","-200","-200","873","873","873"
"280000","-200","-200","-200","875","875","875","-200","-200","-200","875","875","875"
"280800","-200","-200","-200","878","878","878","-200","-200","-200","878","878","878"
"281600","-200","-200","-200","880","880","880","-200","-200","-200","880","880","880"
"282400","-200","-200","-200","882","882","882","-200","-200","-200","882","882","882"
"283200","-200","-200","-200","885","885","885","-200","-200","-200","885","885","885"
"284000","-200","-200","-200","887","887","887","-200","-200","-200","887","887","887"
"284800","-200","-200","-200","890","890","890","-200","-200","-200","890","890","890"
"285600","-200","-200","-200","892","892","892","-200","-200","-200","892","892","892"
"286400","-200","-200","-200","895","895","895","-200","-200","-200","895","895","895"
"287200","-200","-200","-200","897","897","897","-200","-200","-200","897","897","897"
"288000","-200","-200","-200","900","900","900","-200","-200","-200","900","900","900"
"288800","-200","-200","-200","903","903","903","-200","-200","-200","903","903","903"
"289600","-200","-200","-200","905","905","905","-200","-200","-200","905","905","905"
"290400","-200","-200","-200","908","908","908","-200","-200","-200","908","908","908"
"291200","-200","-200","-200","910","910","910","-200","-200","-200","910","910","910"
"292000","-200","-200","-200","913","913","913","-200","-200","-200","913","913","913"
"292800","-200","-200","-200","915","915","915","-200","-200","-200","915","915","915"
"293600","-200","-200","-200","918","918","918","-200","-200","-200","918","918","918"
"294400","-200","-200","-200","920","920","920","-200","-200","-200","920","920","920"
"295200","-200","-200","-200","922","922","922","-200","-200","-200","922","922","922"
"296000","-200","-200","-200","925","925","925","-200","-200","-200","925","925","925"
"296800","-200","-200","-200","927","927","927","-200","-200","-200","927","927","927"
"297600","-200","-200","-200","930","930","930","-200","-200","-200","930","930","930"
"298400","-200","-200","-200","932","932","932","-200","-200","-200","932","932","932"
"299200","-200","-200","-200","935","935","935","-200","-200","-200","935","935","935"
"300000","-200","-200","-200","937","937","937","-200","-200","-200","937","937","937"
"300800","-200","-200","-200","940","940","940","-200","-200","-200","940","940","940"
"301600","-200","-200","-200","943","943","943","-200","-200","-200","943","943","943"
"302400","-200","-200","-200","945","945","945","-200","-200","-200","945","945","945"
"303200","-200","-200","-200","948","948","948","-200","-200","-200","948","948","948"
"304000","-200","-200","-200","950","950","950","-200","-200","-200","950","950","950"
"304800","-200","-200","-200","953","953","953","-200","-200","-200","953","953","953"
"305600","-200","-200","-200","955","955","955","-200","-200","-200","955","955","955"
"306400","-200","-200","-200","958","958","958","-200","-200","-200","958","958","958"
"307200","-200","-200","-200","960","960","960","-200","-200","-200","960","960","960"
"308000","-200","-200","-200","962","962","962","-200","-200","-200","962","962","962"
"308800","-200","-200","-200","965","965","965","-200","-200","-200","965","965","965"
"309600","-200","-200","-200","967","967","967","-200","-200","-200","967","967","967"
"310400","-200","-200","-200","970","970","970","-200","-200","-200","970","970","970"
"311200","-200","-200","-200","972","972","972","-200","-200","-200","972","972","972"
"312000","-200","-200","-200","975","975","975","-200","-200","-200","975","975","975"
"312800","-200","-200","-200","977","977","977","-200","-200","-200","977","977","977"
"313600","-200","-200","-200","980","980","980","-200","-200","-200","980","980","980"
"314400","-200","-200","-200","983","983","983","-200","-200","-200","983","983","983"
"315200","-200","-200","-200","985","985","985","-200","-200","-200","985","985","985"
"316000","-200","-200","-200","988","988","988","-200","-200","-200","988","988","988"
"316800","-200","-200","-200","990","990","990","-200","-200","-200","990","990","990"
"317600","-200","-200","-200","993","993","993","-200","-200","-200","993","993","993"
"318400","-200","-200","-200","995","995","995","-200","-200","-200","995","995","995"
"319200","-200","-200","-200","998","998","998","-200","-200","-200","998","998","998"
"320000","-200","-200","-200","1000","1000","1000","-200","-200","-200","1000","1000","1000"
"320800","-200","-200","-200","1002","1002","1002","-200","-200","-200","1002","1002","1002"
"321600","-200","-200","-200","1005","1005","1005","-200","-200","-200","1005","1005","1005"
"322400","-200","-200","-200","1007","1007","1007","-200","-200","-200","1007","1007","1007"
"323200","-200","-200","-200","1010","1010","1010","-200","-200","-200","1010","1010","1010"
"324000","-200","-200","-200","1012","1012","1012","-200","-200","-200","1012","1012","1012"
"324800","-200","-200","-200","1015","1015","1015","-200","-200","-200","1015","1015","1015"
"325600","-200","-200","-200","1017","1017","1017","-200","-200","-200","1017","1017","1017"
"326400","-200","-200","-200","1020","1020","1020","-200","-200","-200","1020","1020","1020"
"327200","-200","-200","-200","1023","1023","1023","-200","-200","-200","1023","1023","1023"
"328000","-200","-200","-200","1025","1025","1025","-200","-200","-200","1025","1025","1025"
"328800","-200","-200","-200","1028","1028","1028","-200","-200","-200","1028","1028","1028"
"329600","-200","-200","-200","1030","1030","1030","-200","-200","-200","1030","1030","1030"
"330400","-200","-200","-200","1033","1033","1033","-200","-200","-200","1033","1033","1033"
"331200","-200","-200","-200","1035","1035","1035","-200","-200","-200","1035","1035","1035"
"332000","-200","-200","-200","1038","1038","1038","-200","-200","-200","1038","1038","1038"
"332800","-200","-200","-200","1040","1040","1040","-200","-200","-200","1040","1040","1040"
"333600","-200","-200","-200","1042","1042","1042","-200","-200","-200","1042","1042","1042"
"334400","-200","-200","-200","1045","1045","1045","-200","-200","-200","1045","1045","1045"
"335200","-200","-200","-200","1047","1047","1047","-200","-200","-200","1047","1047","1047"
"336000","-200","-200","-200","1050","1050","1050","-200","-200","-200","1050","1050","1050"
"336800","-200","-200","-200","1052","1052","1052","-200","-200","-200","1052","1052","1052"
"337600","-200","-200","-200","1055","1055","1055","-200","-200","-200","1055","1055","1055"
"338400","-200","-200","-200","1057","1057","1057","-200","-200","-200","1057","1057","1057"
"339200","-200","-200","-200","1060","1060","1060","-200","-200","-200","1060","1060","1060"
"340000","-200","-200","-200","1063","1063","1063","-200","-200","-200","1063","1063","1063"
"340800","-200","-200","-200","1065","1065","1065","-200","-200","-200","1065","1065","1065"
"341600","-200","-200","-200","1068","1068","1068","-200","-200","-200","1068","1068","1068"
"342400","-200","-200","-200","1070","1070","1070","-200","-200","-200","1070","1070","1070"
"343200","-200","-200","-200","1073","1073","1073","-200","-200","-200","1073","1073","1073"
"344000","-200","-200","-200","1075","1075","1075","-200","-200","-200","1075","1075","1075"
"344800","-200","-200","-200","1078","1078","1078","-200","-200","-200","1078","1078","1078"
"345600","-200","-200","-200","1080","1080","1080","-200","-200","-200","1080","1080","1080"
"346400","-200","-200","-200","1082","1082","1082","-200","-200","-200","1082","1082","1082"
"347200","-200","-200","-200","1085","1085","1085","-200","-200","-200","1085","1085","1085"
"348000","-200","-200","-200","1087","1087","1087","-200","-200","-200","1087","1087","1087"
"348800","-200","-200","-200","1090","1090","1090","-200","-200","-200","1090","1090","1090"
"349600","-200","-200","-200","1092","1092","1092","-200","-200","-200","1092","1092","1092"
"350400","-200","-200","-200","1095","1095","1095","-200","-200","-200","1095","1095","1095"
"351200","-200","-200","-200","1097","1097","1097","-200","-200","-200","1097","1097","1097"
"352000","-200","-200","-200","1100","1100","1100","-200","-200","-200","1100","1100","1100"
"352800","-200","-200","-200","1103","1103","1103","-200","-200","-200","1103","1103","1103"
"353600","-200","-200","-200","1105","1105","1105","-200","-200","-200","1105","1105","1105"
"354400","-200","-200","-200","1108","1108","1108","-200","-200","-200","1108","1108","1108"
"355200","-200","-200","-200","1110","1110","1110","-200","-200","-200","1110","1110","1110"
"356000","-200","-200","-200","1113","1113","1113","-200","-200","-200","1113","1113","1113"
"356800","-200","-200","-200","1115","1115","1115","-200","-200","-200","1115","1115","1115"
"357600","-200","-200","-200","1118","1118","1118","-200","-200","-200","1118","1118","1118"
"358400","-200","-200","-200","1120","1120","1120","-200","-200","-200","1120","1120","1120"
"359200","-200","-200","-200","1122","1122","1122","-200","-200","-200","1122","1122","1122"
"360000","-200","-200","-200","1125","1125","1125","-200","-200","-200","1125","1125","1125"
"360800","-200","-200","-200","1127","1127","1127","-200","-200","-200","1127","1127","1127"
"361600","-200","-200","-200","1130","1130","1130","-200","-200","-200","1130","1130","1130"
"362400","-200","-200","-200","1132","1132","1132","-200","-200","-200","1132","1132","1132"
"363200","-200","-200","-200","1135","1135","1135","-200","-200","-200","1135","1135","1135"
"364000","-200","-200","-200","1137","1137","1137","-200","-200","-200","1137","1137","1137"
"364800","-200","-200","-200","1140","1140","1140","-200","-200","-200","1140","1140","1140"
"365600","-200","-200","-200","1143","1143","1143","-200","-200","-200","1143","1143","1143"
"366400","-200","-200","-200","1145","1145","1145","-200","-200","-200","1145","1145","1145"
"367200","-200","-200","-200","1148","1148","1148","-200","-200","-200","1148","1148","1148"
"368000","-200","-200","-200","1150","1150","1150","-200","-200","-200","1150","1150","1150"
"368800","-200","-200","-200","1153","1153","1153","-200","-200","-200","1153","1153","1153"
"369600","-200","-200","-200","1155","1155","1155","-200","-200","-200","1155","1155","1155"
"370400","-200","-200","-200","1158","1158","1158","-200","-200","-200","1158","1158","1158"
"371200","-200","-200","-200","1160","1160","1160","-200","-200","-200","1160","1160","1160"
"372000","-200","-200","-200","1162","1162","1162","-200","-200","-200","1162","1162","1162"
"372800","-200","-200","-200","1165","1165","1165","-200","-200","-200","1165","1165","1165"
"373600","-200","-200","-200","1167","1167","1167","-200","-200","-200","1167","1167","1167"
"374400","-200","-200","-200","1170","1170","1170","-200","-200","-200","1170","1170","1170"
"375200","-200","-200","-200","1172","1172","1172","-200","-200","-200","1172","1172","1172"
"376000","-200","-200","-200","1175","1175","1175","-200","-200","-200","1175","1175","1175"
"376800","-200","-200","-200","1177","1177","1177","-200","-200","-200","1177","1177","1177"
"377600","-200","-200","-200","1180","1180","1180","-200","-200","-200","1180","1180","1180"
"378400","-200","-200","-200","1183","1183","1183","-200","-200","-200","1183","1183","1183"
"379200","-200","-200","-200","1185","1185","1185","-200","-200","-200","1185","1185","1185"
"380000","-200","-200","-200","1188","1188","1188","-200","-200","-200","1188","1188","1188"
"380800","-200","-200","-200","1190","1190","1190","-200","-200","-200","1190","1190","1190"
"381600","-200","-200","-200","1193","1193","1193","-200","-200","-200","1193","1193","1193"
"382400","-200","-200","-200","1195","1195","1195","-200","-200","-200","1195","1195","1195"
"383200","-200","-200","-200","1198","1198","1198","-200","-200","-200","1198","1198","1198"
"384000","-200","-200","-200","1200","1200","1200","-200","-200","-200","1200","1200","1200"
"384800","-200","-200","-200","1202","1202","1202","-200","-200","-200","1202","1202","1202"
"385600","-200","-200","-200","1205","1205","1205","-200","-200","-200","1205","1205","1205"
"386400","-200","-200","-200","1207","1207","1207","-200","-200","-200","1207","1207","1207"
"387200","-200","-200","-200","1210","1210","1210","-200","-200","-200","1210","1210","1210"
"388000","-200","-200","-200","1212","1212","1212","-200","-200","-200","1212","1212","1212"
"388800","-200","-200","-200","1215","1215","1215","-200","-200","-200","1215","1215","1215"
"389600","-200","-200","-200","1217","1217","1217","-200","-200","-200","1217","1217","1217"
"390400","-200","-200","-200","1220","1220","1220","-200","-200","-200","1220","1220","1220"
"391200","-200","-200","-200","1223","1223","1223","-200","-200","-200","1223","1223","1223"
"392000","-200","-200","-200","1225","1225","1225","-200","-200","-200","1225","1225","1225"
"392800","-200","-200","-200","1228","1228","1228","-200","-200","-200","1228","1228","1228"
"393600","-200","-200","-200","1230","1230","1230","-200","-200","-200","1230","1230","1230"
"394400","-200","-200","-200","1233","1233","1233","-200","-200","-200","1233","1233","1233"
"395200","-200","-200","-200","1235","1235","1235","-200","-200","-200","1235","1235","1235"
"396000","-200","-200","-200","1238","1238","1238","-200","-200","-200","1238","1238","1238"
"396800","-200","-200","-200","1240","1240","1240","-200","-200","-200","1240","1240","1240"
"397600","-200","-200","-200","1242","1242","1242","-200","-200","-200","1242","1242","1242"
"398400","-200","-200","-200","1245","1245","1245","-200","-200","-200","1245","1245","1245"
"399200","-200","-200","-200","1247","1247","1247","-200","-200","-200","1247","1247","1247"
"400000","-200","-200","-200","1250","1250","1250","-200","-200","-200","1250","1250","1250"
"400800","-200","-200","-200","1252","1252","1252","-200","-200","-200","1252","1252","1252"
"401600","-200","-200","-200","1255","1255","1255","-200","-200","-200","1255","1255","1255"
"402400","-200","-200","-200","1257","1257","1257","-200","-200","-200","1257","1257","1257"
"403200","-200","-200","-200","1260","1260","1260","-200","-200","-200","1260","1260","1260"
"404000","-200","-200","-200","1263","1263","1263","-200","-200","-200","1263","1263","1263"
"404800","-200","-200","-200","1265","1265","1265","-200","-200","-200","1265","1265","1265"
"405600","-200","-200","-200","1268","1268","1268","-200","-200","-200","1268","1268","1268"
"406400","-200","-200","-200","1270","1270","1270","-200","-200","-200","1270","1270","1270"
"407200","-200","-200","-200","1273","1273","1273","-200","-200","-200","1273","1273","1273"
"408000","-200","-200","-200","1275","1275","1275","-200","-200","-200","1275","1275","1275"
"408800","-200","-200","-200","1278","1278","1278","-200","-200","-200","1278","1278","1278"
"409600","-200","-200","-200","1280","1280","1280","-200","-200","-200","1280","1280","1280"
"410400","-200","-200","-200","1282","1282","1282","-200","-200","-200","1282","1282","1282"
"411200","-200","-200","-200","1285","1285","1285","-200","-200","-200","1285","1285","1285"
"412000","-200","-200","-200","1287","1287","1287","-200","-200","-200","1287","1287","1287"
"412800","-200","-200","-200","1290","1290","1290","-200","-200","-200","1290","1290","1290"
"413600","-200","-200","-200","1292","1292","1292","-200","-200","-200","1292","1292","1292"
"414400","-200","-200","-200","1295","1295","1295","-200","-200","-200","1295","1295","1295"
"415200","-200","-200","-200","1297","1297","1297","-200","-200","-200","1297","1297","1297"
"416000","-200","-200","-200","1300","1300","1300","-200","-200","-200","1300","1300","1300"
"416800","-200","-200","-200","1303","1303","1303","-200","-200","-200","1303","1303","1303"
"417600","-200","-200","-200","1305","1305","1305","-200","-200","-200","1305","1305","1305"
"418400","-200","-200","-200","1308","1308","1308","-200","-200","-200","1308","1308","1308"
"419200","-200","-200","-200","1310","1310","1310","-200","-200","-200","1310","1310","1310"
"420000","-200","-200","-200","1313","1313","1313","-200","-200","-200","1313","1313","1313"
"420800","-200","-200","-200","1315","1315","1315","-200","-200","-200","1315","1315","1315"
"421600","-200","-200","-200","1318","1318","1318","-200","-200","-200","1318","1318","1318"
"422400","-200","-200","-200","1320","1320","1320","-200","-200","-200","1320","1320","1320"
"423200","-200","-200","-200","1322","1322","1322","-200","-200","-200","1322","1322","1322"
"424000","-200","-200","-200","1325","1325","1325","-200","-200","-200","1325","1325","1325"
"424800","-200","-200","-200","1327","1327","1327","-200","-200","-200","1327","1327","1327"
"425600","-200","-200","-200","1330","1330","1330","-200","-200","-200","1330","1330","1330"
"426400","-200","-200","-200","1332","1332","1332","-200","-200","-200","1332","1332","1332"
"427200","-200","-200","-200","1335","1335","1335","-200","-200","-200","1335","1335","1335"
"428000","-200","-200","-200","1337","1337","1337","-200","-200","-200","1337","1337","1337"
"428800","-200","-200","-200","1340","1340","1340","-200","-200","-200","1340","1340","1340"
"429600","-200","-200","-200","1343","1343","1343","-200","-200","-200","1343","1343","1343"
"430400","-200","-200","-200","1345","1345","1345","-200","-200","-200","1345","1345","1345"
"431200","-200","-200","-200","1348","1348","1348","-200","-200","-200","1348","1348","1348"
"432000","-200","-200","-200","1350","1350","1350","-200","-200","-200","1350","1350","1350"
"432800","-200","-200","-200","1353","1353","1353","-200","-200","-200","1353","1353","1353"
"433600","-200","-200","-200","1355","1355","1355","-200","-200","-200","1355","1355","1355"
"434400","-200","-200","-200","1358","1358","1358","-200","-200","-200","1358","1358","1358"
"435200","-200","-200","-200","1360","1360","1360","-200","-200","-200","1360","1360","1360"
"436000","-200","-200","-200","1362","1362","1362","-200","-200","-200","1362","1362","1362"
"436800","-200","-200","-200","1365","1365","1365","-200","-200","-200","1365","1365","1365"
"437600","-200","-200","-200","1367","1367","1367","-200","-200","-200","1367","1367","1367"
"438400","-200","-200","-200","1370","1370","1370","-200","-200","-200","1370","1370","1370"
"439200","-200","-200","-200","1372","1372","1372","-200","-200","-200","1372","1372","1372"
"440000","-200","-200","-200","1375","1375","1375","-200","-200","-200","1375","1375","1375"
"440800","-200","-200","-200","1377","1377","1377","-200","-200","-200","1377","1377","1377"
"441600","-200","-200","-200","1380","1380","1380","-200","-200","-200","1380","1380","1380"
"442400","-200","-200","-200","1383","1383","1383","-200","-200","-200","1383","1383","1383"
"443200","-200","-200","-200","1385","1385","1385","-200","-200","-200","1385","1385","1385"
"444000","-200","-200","-200","1388","1388","1388","-200","-200","-200","1388","1388","1388"
"444800","-200","-200","-200","1390","1390","1390","-200","-200","-200","1390","1390","1390"
"445600","-200","-200","-200","1393","1393","1393","-200","-200","-200","1393","1393","1393"
"446400","-200","-200","-200","1395","1395","1395","-200","-200","-200","1395","1395","1395"
"447200","-200","-200","-200","1398","1398","1398","-200","-200","-200","1398","1398","1398"
"448000","-200","-200","-200","1400","1400","1400","-200","-200","-200","1400","1400","1400"
"448800","-200","-200","-200","1402","1402","1402","-200","-200","-200","1402","1402","1402"
"449600","-200","-200","-200","1405","1405","1405","-200","-200","-200","1405","1405","1405"
"450400","-200","-200","-200","1407","1407","1407","-200","-200","-200","1407","1407","1407"
"451200","-200","-200","-200","1410","1410","1410","-200","-200","-200","1410","1410","1410"
"452000","-200","-200","-200","1412","1412","1412","-200","-200","-200","1412","1412","1412"
"452800","-200","-200","-200","1415","1415","1415","-200","-200","-200","1415","1415","1415"
"453600","-200","-200","-200","1417","1417","1417","-200","-200","-200","1417","1417","1417"
"454400","-200","-200","-200","1420","1420","1420","-200","-200","-200","1420","1420","1420"
"455200","-200","-200","-200","1423","1423","1423","-200","-200","-200","1423","1423","1423"
"456000","-200","-200","-200","1425","1425","1425","-200","-200","-200","1425","1425","1425"
"456800","-200","-200","-200","1428","1428","1428","-200","-200","-200","1428","1428","1428"
"457600","-200","-200","-200","1430","1430","1430","-200","-200","-200","1430","1430","1430"
"458400","-200","-200","-200","1433","1433","1433","-200","-200","-200","1433","1433","1433"
"459200","-200","-200","-200","1435","1435","1435","-200","-200","-200","1435","1435","1435"
"460000","-200","-200","-200","1438","1438","1438","-200","-200","-200","1438","1438","1438"
"460800","-200","-200","-200","1440","1440","1440","-200","-200","-200","1440","1440","1440"
"461600","-200","-200","-200","1442","1442","1442","-200","-200","-200","1442","1442","1442"
"462400","-200","-200","-200","1445","1445","1445","-200","-200","-200","1445","1445","1445"
"463200","-200","-200","-200","1447","1447","1447","-200","-200","-200","1447","1447","1447"
"464000","-200","-200","-200","1450","1450","1450","-200","-200","-200","1450","1450","1450"
"464800","-200","-200","-200","1452","1452","1452","-200","-200","-200","1452","1452","1452"
"465600","-200","-200","-200","1455","1455","1455","-200","-200","-200","1455","1455","1455"
"466400","-200","-200","-200","1457","1457","1457","-200","-200","-200","1457","1457","1457"
"467200","-200","-200","-200","1460","1460","1460","-200","-200","-200","1460","1460","1460"
"468000","-200","-200","-200","1463","1463","1463","-200","-200","-200","1463","1463","1463"
"468800","-200","-200","-200","1465","1465","1465","-200","-200","-200","1465","1465","1465"
"469600","-200","-200","-200","1468","1468","1468","-200","-200","-200","1468","1468","1468"
"470400","-200","-200","-200","1470","1470","1470","-200","-200","-200","1470","1470","1470"
"471200","-200","-200","-200","1473","1473","1473","-200","-200","-200","1473","1473","1473"
"472000","-200","-200","-200","1475","1475","1475","-200","-200","-200","1475","1475","1475"
"472800","-200","-200","-200","1478","1478","1478","-200","-200","-200","1478","1478","1478"
"473600","-200","-200","-200","1480","1480","1480","-200","-200","-200","1480","1480","1480"
"474400","-200","-200","-200","1482","1482","1482","-200","-200","-200","1482","1482","1482"
"475200","-200","-200","-200","1485","1485","1485","-200","-200","-200","1485","1485","1485"
"476000","-200","-200","-200","1487","1487","1487","-200","-200","-200","1487","1487","1487"
"476800","-200","-200","-200","1490","1490","1490","-200","-200","-200","1490","1490","1490"
"477600","-200","-200","-200","1492","1492","1492","-200","-200","-200","1492","1492","1492"
"478400","-200","-200","-200","1495","1495","1495","-200","-200","-200","1495","1495","1495"
"479200","-200","-200","-200","1497","1497","1497","-200","-200","-200","1497","1497","1497"
"480000","-200","-200","-200","1500","1500","1500","-200","-200","-200","1500","1500","1500"
"480800","-200","-200","-200","1503","1503","1503","-200","-200","-200","1503","1503","1503"
"481600","-200","-200","-200","1505","1505","1505","-200","-200","-200","1505","1505","1505"
"482400","-200","-200","-200","1508","1508","1508","-200","-200","-200","1508","1508","1508"
"483200","-200","-200","-200","1510","1510","1510","-200","-200","-200","1510","1510","1510"
"484000","-200","-200","-200","1513","1513","1513","-200","-200","-200","1513","1513","1513"
"484800","-200","-200","-200","1515","1515","1515","-200","-200","-200","1515","1515","1515"
"485600","-200","-200","-200","1518","1518","1518","-200","-200","-200","1518","1518","1518"
"486400","-200","-200","-200","1520","1520","1520","-200","-200","-200","1520","1520","1520"
"487200","-200","-200","-200","1522","1522","1522","-200","-200","-200","1522","1522","1522"
"488000","-200","-200","-200","1525","1525","1525","-200","-200","-200","1525","1525","1525"
"488800","-200","-200","-200","1527","1527","1527","-200","-200","-200","1527","1527","1527"
"489600","-200","-200","-200","1530","1530","1530","-200","-200","-200","1530","1530","1530"
"490400","-200","-200","-200","1532","1532","1532","-200","-200","-200","1532","1532","1532"
"491200","-200","-200","-200","1535","1535","1535","-200","-200","-200","1535","1535","1535"
"492000","-200","-200","-200","1537","1537","1537","-200","-200","-200","1537","1537","1537"
"492800","-200","-200","-200","1540","1540","1540","-200","-200","-200","1540","1540","1540"
"493600","-200","-200","-200","1543","1543","1543","-200","-200","-200","1543","1543","1543"
"494400","-200","-200","-200","1545","1545","1545","-200","-200","-200","1545","1545","1545"
"495200","-200","-200","-200","1548","1548","1548","-200","-200","-200","1548","1548","1548"
"496000","-200","-200","-200","1550","1550","1550","-200","-200","-200","1550","1550","1550"
"496800","-200","-200","-200","1553","1553","1553","-200","-200","-200","1553","1553","1553"
"497600","-200","-200","-200","1555","1555","1555","-200","-200","-200","1555","1555","1555"
"498400","-200","-200","-200","1558","1558","1558","-200","-200","-200","1558","1558","1558"
"499200","-200","-200","-200","1560","1560","1560","-200","-200","-200","1560","1560","1560"
"500000","-200","-200","-200","1562","1562","1562","-200","-200","-200","1562","1562","1562"
"500800","-200","-200","-200","1565","1565","1565","-200","-200","-200","1565","1565","1565"
"501600","-200","-200","-200","1567","1567","1567","-200","-200","-200","1567","1567","1567"
"502400","-200","-200","-200","1570","1570","1570","-200","-200","-200","1570","1570","1570"
"503200","-200","-200","-200","1572","1572","1572","-200","-200","-200","1572","1572","1572"
"504000","-200","-200","-200","1575","1575","1575","-200","-200","-200","1575","1575","1575"
"504800","-200","-200","-200","1577","1577","1577","-200","-200","-200","1577","1577","1577"
"505600","-200","-200","-200","1580","1580","1580","-200","-200","-200","1580","1580","1580"
"506400","-200","-200","-200","1583","1583","1583","-200","-200","-200","1583","1583","1583"
"507200","-200","-200","-200","1585","1585","1585","-200","-200","-200","1585","1585","1585"
"508000","-200","-200","-200","1588","1588","1588","-200","-200","-200","1588","1588","1588"
"508800","-200","-200","-200","1590","1590","1590","-200","-200","-200","1590","1590","1590"
"509600","-200","-200","-200","1593","1593","1593","-200","-200","-200","1593","1593","1593"
"510400","-200","-200","-200","1595","1595","1595","-200","-200","-200","1595","1595","1595"
"511200","-200","-200","-200","1598","1598","1598","-200","-200","-200","1598","1598","1598"
"512000","-200","-200","-200","1600","1600","1600","-200","-200","-200","1600","1600","1600"
"512800","-200","-200","-200","1602","1602","1602","-200","-200","-200","1602","1602","1602"
"513600","-200","-200","-200","1605","1605","1605","-200","-200","-200","1605","1605","1605"
"514400","-200","-200","-200","1607","1607","1607","-200","-200","-200","1607","1607","1607"
"515200","-200","-200","-200","1610","1610","1610","-200","-200","-200","1610","1610","1610"
"516000","-200","-200","-200","1612","1612","1612","-200","-200","-200","1612","1612","1612"
"516800","-200","-200","-200","1615","1615","1615","-200","-200","-200","1615","1615","1615"
"517600","-200","-200","-200","1617","1617","1617","-200","-200","-200","1617","1617","1617"
"518400","-200","-200","-200","1620","1620","1620","-200","-200","-200","1620","1620","1620"
"519200","-200","-200","-200","1623","1623","1623","-200","-200","-200","1623","1623","1623"
"520000","-200","-200","-200","1625","1625","1625","-200","-200","-200","1625","1625","1625"
"520800","-200","-200","-200","1628","1628","1628","-200","-200","-200","1628","1628","1628"
"521600","-200","-200","-200","1630","1630","1630","-200","-200","-200","1630","1630","1630"
"522400","-200","-200","-200","1633","1633","1633","-200","-200","-200","1633","1633","1633"
"523200","-200","-200","-200","1635","1635","1635","-200","-200","-200","1635","1635","1635"
"524000","-200","-200","-200","1638","1638","1638","-200","-200","-200","1638","1638","1638"
"524800","-200","-200","-200","1640","1640","1640","-200","-200","-200","1640","1640","1640"
"525600","-200","-200","-200","1642","1642","1642","-200","-200","-200","1642","1642","1642"
"526400","-200","-200","-200","1645","1645","1645","-200","-200","-200","1645","1645","1645"
"527200","-200","-200","-200","1647","1647","1647","-200","-200","-200","1647","1647","1647"
"528000","-200","-200","-200","1650","1650","1650","-200","-200","-200","1650","1650","1650"
"528800","-200","-200","-200","1652","1652","1652","-200","-200","-200","1652","1652","1652"
"529600","-200","-200","-200","1655","1655","1655","-200","-200","-200","1655","1655","1655"
"530400","-200","-200","-200","1657","1657","1657","-200","-200","-200","1657","1657","1657"
"531200","-200","-200","-200","1660","1660","1660","-200","-200","-200","1660","1660","1660"
"532000","-200","-200","-200","1663","1663","1663","-200","-200","-200","1663","1663","1663"
"532800","-200","-200","-200","1665","1665","1665","-200","-200","-200","1665","1665","1665"
"533600","-200","-200","-200","1668","1668","1668","-200","-200","-200","1668","1668","1668"
"534400","-200","-200","-200","1670","1670","1670","-200","-200","-200","1670","1670","1670"
"535200","-200","-200","-200","1673","1673","1673","-200","-200","-200","1673","1673","1673"
"536000","-200","-200","-200","1675","1675","1675","-200","-200","-200","1675","1675","1675"
"536800","-200","-200","-200","1678","1678","1678","-200","-200","-200","1678","1678","1678"
"537600","-200","-200","-200","1680","1680","1680","-200","-200","-200","1680","1680","1680"
"538400","-200","-200","-200","1682","1682","1682","-200","-200","-200","1682","1682","1682"
"539200","-200","-200","-200","1685","1685","1685","-200","-200","-200","1685","1685","1685"
"540000","-200","-200","-200","1687","1687","1687","-200","-200","-200","1687","1687","1687"
"540800","-200","-200","-200","1690","1690","1690","-200","-200","-200","1690","1690","1690"
"541600","-200","-200","-200","1692","1692","1692","-200","-200","-200","1692","1692","1692"
"542400","-200","-200","-200","1695","1695","1695","-200","-200","-200","1695","1695","1695"
"543200","-200","-200","-200","1697","1697","1697","-200","-200","-200","1697","1697","1697"
"544000","-200","-200","-200","1700","1700","1700","-200","-200","-200","1700","1700","1700"
"544800","-200","-200","-200","1703","1703","1703","-200","-200","-200","1703","1703","1703"
"545600","-200","-200","-200","1705","1705","1705","-200","-200","-200","1705","1705","1705"
"546400","-200","-200","-200","1708","1708","1708","-200","-200","-200","1708","1708","1708"
"547200","-200","-200","-200","1710","1710","1710","-200","-200","-200","1710","1710","1710"
"548000","-200","-200","-200","1713","1713","1713","-200","-200","-200","1713","1713","1713"
"548800","-200","-200","-200","1715","1715","1715","-200","-200","-200","1715","1715","1715"
"549600","-200","-200","-200","1718","1718","1718","-200","-200","-200","1718","1718","1718"
"550400","-200","-200","-200","1720","1720","1720","-200","-200","-200","1720","1720","1720"
"551200","-200","-200","-200","1722","1722","1722","-200","-200","-200","1722","1722","1722"
"552000","-200","-200","-200","1725","1725","1725","-200","-200","-200","1725","1725","1725"
"552800","-200","-200","-200","1727","1727","1727","-200","-200","-200","1727","1727","1727"
"553600","-200","-200","-200","1730","1730","1730","-200","-200","-200","1730","1730","1730"
"554400","-200","-200","-200","1732","1732","1732","-200","-200","-200","1732","1732","1732"
"555200","-200","-200","-200","1735","1735","1735","-200","-200","-200","1735","1735","1735"
"556000","-200","-200","-200","1737","1737","1737","-200","-200","-200","1737","1737","1737"
"556800","-200","-200","-200","1740","1740","1740","-200","-200","-200","1740","1740","1740"
"557600","-200","-200","-200","1743","1743","1743","-200","-200","-200","1743","1743","1743"
"558400","-200","-200","-200","1745","1745","1745","-200","-200","-200","1745","1745","1745"
"559200","-200","-200","-200","1748","1748","1748","-200","-200","-200","1748","1748","1748"
"560000","-200","-200","-200","1750","1750","1750","-200","-200","-200","1750","1750","1750"
"560800","-200","-200","-200","1753","1753","1753","-200","-200","-200","1753","1753","1753"
"561600","-200","-200","-200","1755","1755","1755","-200","-200","-200","1755","1755","1755"
"562400","-200","-200","-200","1758","1758","1758","-200","-200","-200","1758","1758","1758"
"563200","-200","-200","-200","1760","1760","1760","-200","-200","-200","1760","1760","1760"
"564000","-200","-200","-200","1762","1762","1762","-200","-200","-200","1762","1762","1762"
"564800","-200","-200","-200","1765","1765","1765","-200","-200","-200","1765","1765","1765"
"565600","-200","-200","-200","1767","1767","1767","-200","-200","-200","1767","1767","1767"
"566400","-200","-200","-200","1770","1770","1770","-200","-200","-200","1770","1770","1770"
"567200","-200","-200","-200","1772","1772","1772","-200","-200","-200","1772","1772","1772"
"568000","-200","-200","-200","1775","1775","1775","-200","-200","-200","1775","1775","1775"
"568800","-200","-200","-200","1777","1777","1777","-200","-200","-200","1777","1777","1777"
"569600","-200","-200","-200","1780","1780","1780","-200","-200","-200","1780","1780","1780"
"570400","-200","-200","-200","1783","1783","1783","-200","-200","-200","1783","1783","1783"
"571200","-200","-200","-200","1785","1785","1785","-200","-200","-200","1785","1785","1785"
"572000","-200","-200","-200","1788","1788","1788","-200","-200","-200","1788","1788","1788"
"572800","-200","-200","-200","1790","1790","1790","-200","-200","-200","1790","1790","1790"
"573600","-200","-200","-200","1793","1793","1793","-200","-200","-200","1793","1793","1793"
"574400","-200","-200","-200","1795","1795","1795","-200","-200","-200","1795","1795","1795"
"575200","-200","-200","-200","1798","1798","1798","-200","-200","-200","1798","1798","1798"
"576000","-200","-200","-200","1800","1800","1800","-200","-200","-200","1800","1800","1800"
"576800","-200","-200","-200","1802","1802","1802","-200","-200","-200","1802","1802","1802"
"577600","-200","-200","-200","1805","1805","1805","-200","-200","-200","1805","1805","1805"
"578400","-200","-200","-200","1807","1807","1807","-200","-200","-200","1807","1807","1807"
"579200","-200","-200","-200","1810","1810","1810","-200","-200","-200","1810","1810","1810"
"580000","-200","-200","-200","1812","1812","1812","-200","-200","-200","1812","1812","1812"
"580800","-200","-200","-200","1815","1815","1815","-200","-200","-200","1815","1815","1815"
"581600","-200","-200","-200","1817","1817","1817","-200","-200","-200","1817","1817","1817"
"582400","-200","-200","-200","1820","1820","1820","-200","-200","-200","1820","1820","1820"
"583200","-200","-200","-200","1823","1823","1823","-200","-200","-200","1823","1823","1823"
"584000","-200","-200","-200","1825","1825","1825","-200","-200","-200","1825","1825","1825"
"584800","-200","-200","-200","1828","1828","1828","-200","-200","-200","1828","1828","1828"
"585600","-200","-200","-200","1830","1830","1830","-200","-200","-200","1830","1830","1830"
"586400","-200","-200","-200","1833","1833","1833","-200","-200","-200","1833","1833","1833"
"587200","-200","-200","-200","1835","1835","1835","-200","-200","-200","1835","1835","1835"
"588000","-200","-200","-200","1838","1838","1838","-200","-200","-200","1838","1838","1838"
"588800","-200","-200","-200","1840","1840","1840","-200","-200","-200","1840","1840","1840"
"589600","-200","-200","-200","1842","1842","1842","-200","-200","-200","1842","1842","1842"
"590400","-200","-200","-200","1845","1845","1845","-200","-200","-200","1845","1845","1845"
"591200","-200","-200","-200","1847","1847","1847","-200","-200","-200","1847","1847","1847"
"592000","-200","-200","-200","1850","1850","1850","-200","-200","-200","1850","1850","1850"
"592800","-200","-200","-200","1852","1852","1852","-200","-200","-200","1852","1852","1852"
"593600","-200","-200","-200","1855","1855","1855","-200","-200","-200","1855","1855","1855"
"594400","-200","-200","-200","1857","1857","1857","-200","-200","-200","1857","1857","1857"
"595200","-200","-200","-200","1860","1860","1860","-200","-200","-200","1860","1860","1860"
"596000","-200","-200","-200","1863","1863","1863","-200","-200","-200","1863","1863","1863"
"596800","-200","-200","-200","1865","1865","1865","-200","-200","-200","1865","1865","1865"
"597600","-200","-200","-200","1868","1868","1868","-200","-200","-200","1868","1868","1868"
"598400","-200","-200","-200","1870","1870","1870","-200","-200","-200","1870","1870","1870"
"599200","-200","-200","-200","1873","1873","1873","-200","-200","-200","1873","1873","1873"
"600000","-200","-200","-200","1875","1875","1875","-200","-200","-200","1875","1875","1875"
"600800","-200","-200","-200","1878","1878","1878","-200","-200","-200","1878","1878","1878"
"601600","-200","-200","-200","1880","1880","1880","-200","-200","-200","1880","1880","1880"
"602400","-200","-200","-200","1882","1882","1882","-200","-200","-200","1882","1882","1882"
"603200","-200","-200","-200","1885","1885","1885","-200","-200","-200","1885","1885","1885"
"604000","-200","-200","-200","1887","1887","1887","-200","-200","-200","1887","1887","1887"
"604800","-200","-200","-200","1890","1890","1890","-200","-200","-200","1890","1890","1890"
"605600","-200","-200","-200","1892","1892","1892","-200","-200","-200","1892","1892","1892"
"606400","-200","-200","-200","1895","1895","1895","-200","-200","-200","1895","1895","1895"
"607200","-200","-200","-200","1897","1897","1897","-200","-200","-200","1897","1897","1897"
"608000","-200","-200","-200","1900","1900","1900","-200","-200","-200","1900","1900","1900"
"608800","-200","-200","-200","1903","1903","1903","-200","-200","-200","1903","1903","1903"
"609600","-200","-200","-200","1905","1905","1905","-200","-200","-200","1905","1905","1905"
"610400","-200","-200","-200","1908","1908","1908","-200","-200","-200","1908","1908","1908"
"611200","-200","-200","-200","1910","1910","1910","-200","-200","-200","1910","1910","1910"
"612000","-200","-200","-200","1913","1913","1913","-200","-200","-200","1913","1913","1913"
"612800","-200","-200","-200","1915","1915","1915","-200","-200","-200","1915","1915","1915"
"613600","-200","-200","-200","1918","1918","1918","-200","-200","-200","1918","1918","1918"
"614400","-200","-200","-200","1920","1920","1920","-200","-200","-200","1920","1920","1920"
"615200","-200","-200","-200","1922","1922","1922","-200","-200","-200","1922","1922","1922"
"616000","-200","-200","-200","1925","1925","1925","-200","-200","-200","1925","1925","1925"
"616800","-200","-200","-200","1927","1927","1927","-200","-200","-200","1927","1927","1927"
"617600","-200","-200","-200","1930","1930","1930","-200","-200","-200","1930","1930","1930"
"618400","-200","-200","-200","1932","1932","1932","-200","-200","-200","1932","1932","1932"
"619200","-200","-200","-200","1935","1935","1935","-200","-200","-200","1935","1935","1935"
"620000","-200","-200","-200","1937","1937","1937","-200","-200","-200","1937","1937","1937"
"620800","-200","-200","-200","1940","1940","1940","-200","-200","-200","1940","1940","1940"
"621600","-200","-200","-200","1943","1943","1943","-200","-200","-200","1943","1943","1943"
"622400","-200","-200","-200","1945","1945","1945","-200","-200","-200","1945","1945","1945"
"623200","-200","-200","-200","1948","1948","1948","-200","-200","-200","1948","1948","1948"
"624000","-200","-200","-200","1950","1950","1950","-200","-200","-200","1950","1950","1950"
"624800","-200","-200","-200","1953","1953","1953","-200","-200","-200","1953","1953","1953"
"625600","-200","-200","-200","1955","1955","1955","-200","-200","-200","1955","1955","1955"
"626400","-200","-200","-200","1958","1958","1958","-200","-200","-200","1958","1958","1958"
"627200","-200","-200","-200","1960","1960","1960","-200","-200","-200","1960","1960","1960"
"628000","-200","-200","-200","1962","1962","1962","-200","-200","-200","1962","1962","1962"
"628800","-200","-200","-200","1965","1965","1965","-200","-200","-200","1965","1965","1965"
"629600","-200","-200","-200","1967","1967","1967","-200","-200","-200","1967","1967","1967"
"630400","-200","-200","-200","1970","1970","1970","-200","-200","-200","1970","1970","1970"
"631200","-200","-200","-200","1972","1972","1972","-200","-200","-200","1972","1972","1972"
"632000","-200","-200","-200","1975","1975","1975","-200","-200","-200","1975","1975","1975"
"632800","-200","-200","-200","1977","1977","1977","-200","-200","-200","1977","1977","1977"
"633600","-200","-200","-200","1980","1980","1980","-200","-200","-200","1980","1980","1980"
"634400","-200","-200","-200","1983","1983","1983","-200","-200","-200","1983","1983","1983"
"635200","-200","-200","-200","1985","1985","1985","-200","-200","-200","1985","1985","1985"
"636000","-200","-200","-200","1988","1988","1988","-200","-200","-200","1988","1988","1988"
"636800","-200","-200","-200","1990","1990","1990","-200","-200","-200","1990","1990","1990"
"637600","-200","-200","-200","1993","1993","1993","-200","-200","-200","1993","1993","1993"
"638400","-200","-200","-200","1995","1995","1995","-200","-200","-200","1995","1995","1995"
"639200","-200","-200","-200","1998","1998","1998","-200","-200","-200","1998","1998","1998"
"640000","-200","-200","-200","2000","2000","2000","-200","-200","-200","2000","2000","2000"
"640800","-200","-200","-200","2002","2002","2002","-200","-200","-200","2002","2002","2002"
"641600","-200","-200","-200","2005","2005","2005","-200","-200","-200","2005","2005","2005"
"642400","-200","-200","-200","2007","2007","2007","-200","-200","-200","2007","2007","2007"
"643200","-200","-200","-200","2010","2010","2010","-200","-200","-200","2010","2010","2010"
"644000","-200","-200","-200","2012","2012","2012","-200","-200","-200","2012","2012","2012"
"644800","-200","-200","-200","2015","2015","2015","-200","-200","-200","2015","2015","2015"
"645600","-200","-200","-200","2017","2017","2017","-200","-200","-200","2017","2017","2017"
"646400","-200","-200","-200","2020","2020","2020","-200","-200","-200","2020","2020","2020"
"647200","-200","-200","-200","2023","2023","2023","-200","-200","-200","2023","2023","2023"
"648000","-200","-200","-200","2025","2025","2025","-200","-200","-200","2025","2025","2025"
"648800","-200","-200","-200","2028","2028","2028","-200","-200","-200","2028","2028","2028"
"649600","-200","-200","-200","2030","2030","2030","-200","-200","-200","2030","2030","2030"
"650400","-200","-200","-200","2033","2033","2033","-200","-200","-200","2033","2033","2033"
"651200","-200","-200","-200","2035","2035","2035","-200","-200","-200","2035","2035","2035"
"652000","-200","-200","-200","2038","2038","2038","-200","-200","-200","2038","2038","2038"
"652800","-200","-200","-200","2040","2040","2040","-200","-200","-200","2040","2040","2040"
"653600","-200","-200","-200","2042","2042","2042","-200","-200","-200","2042","2042","2042"
"654400","-200","-200","-200","2045","2045","2045","-200","-200","-200","2045","2045","2045"
"655200","-200","-200","-200","2047","2047","2047","-200","-200","-200","2047","2047","2047"
"656000","-200","-200","-200","2050","2050","2050","-200","-200","-200","2050","2050","2050"
"656800","-200","-200","-200","2052","2052","2052","-200","-200","-200","2052","2052","2052"
"657600","-200","-200","-200","2055","2055","2055","-200","-200","-200","2055","2055","2055"
"658400","-200","-200","-200","2057","2057","2057","-200","-200","-200","2057","2057","2057"
"659200","-200","-200","-200","2060","2060","2060","-200","-200","-200","2060","2060","2060"
"660000","-200","-200","-200","2063","2063","2063","-200","-200","-200","2063","2063","2063"
"660800","-200","-200","-200","2065","2065","2065","-200","-200","-200","2065","2065","2065"
"661600","-200","-200","-200","2068","2068","2068","-200","-200","-200","2068","2068","2068"
"662400","-200","-200","-200","2070","2070","2070","-200","-200","-200","2070","2070","2070"
"663200","-200","-200","-200","2073","2073","2073","-200","-200","-200","2073","2073","2073"
"664000","-200","-200","-200","2075","2075","2075","-200","-200","-200","2075","2075","2075"
"664800","-200","-200","-200","2078","2078","2078","-200","-200","-200","2078","2078","2078"
"665600","-200","-200","-200","2080","2080","2080","-200","-200","-200","2080","2080","2080"
"666400","-200","-200","-200","2082","2082","2082","-200","-200","-200","2082","2082","2082"
"667200","-200","-200","-200","2085","2085","2085","-200","-200","-200","2085","2085","2085"
"668000","-200","-200","-200","2087","2087","2087","-200","-200","-200","2087","2087","2087"
"668800","-200","-200","-200","2090","2090","2090","-200","-200","-200","2090","2090","2090"
"669600","-200","-200","-200","2092","2092","2092","-200","-200","-200","2092","2092","2092"
"670400","-200","-200","-200","2095","2095","2095","-200","-200","-200","2095","2095","2095"
"671200","-200","-200","-200","2097","2097","2097","-200","-200","-200","2097","2097","2097"
"672000","-200","-200","-200","2100","2100","2100","-200","-200","-200","2100","2100","2100"
"672800","-200","-200","-200","2103","2103","2103","-200","-200","-200","2103","2103","2103"
"673600","-200","-200","-200","2105","2105","2105","-200","-200","-200","2105","2105","2105"
"674400","-200","-200","-200","2108","2108","2108","-200","-200","-200","2108","2108","2108"
"675200","-200","-200","-200","2110","2110","2110","-200","-200","-200","2110","2110","2110"
"676000","-200","-200","-200","2113","2113","2113","-200","-200","-200","2113","2113","2113"
"676800","-200","-200","-200","2115","2115","2115","-200","-200","-200","2115","2115","2115"
"677600","-200","-200","-200","2118","2118","2118","-200","-200","-200","2118","2118","2118"
"678400","-200","-200","-200","2120","2120","2120","-200","-200","-200","2120","2120","2120"
"679200","-200","-200","-200","2122","2122","2122","-200","-200","-200","2122","2122","2122"
"680000","-200","-200","-200","2125","2125","2125","-200","-200","-200","2125","2125","2125"
"680800","-200","-200","-200","2127","2127","2127","-200","-200","-200","2127","2127","2127"
"681600","-200","-200","-200","2130","2130","2130","-200","-200","-200","2130","2130","2130"
"682400","-200","-200","-200","2132","2132","2132","-200","-200","-200","2132","2132","2132"
"683200","-200","-200","-200","2135","2135","2135","-200","-200","-200","2135","2135","2135"
"684000","-200","-200","-200","2137","2137","2137","-200","-200","-200","2137","2137","2137"
"684800","-200","-200","-200","2140","2140","2140","-200","-200","-200","2140","2140","2140"
"685600","-200","-200","-200","2143","2143","2143","-200","-200","-200","2143","2143","2143"
"686400","-200","-200","-200","2145","2145","2145","-200","-200","-200","2145","2145","2145"
"687200","-200","-200","-200","2148","2148","2148","-200","-200","-200","2148","2148","2148"
"688000","-200","-200","-200","2150","2150","2150","-200","-200","-200","2150","2150","2150"
"688800","-200","-200","-200","2153","2153","2153","-200","-200","-200","2153","2153","2153"
"689600","-200","-200","-200","2155","2155","2155","-200","-200","-200","2155","2155","2155"
"690400","-200","-200","-200","2158","2158","2158","-200","-200","-200","2158","2158","2158"
"691200","-200","-200","-200","2160","2160","2160","-200","-200","-200","2160","2160","2160"
"692000","-200","-200","-200","2162","2162","2162","-200","-200","-200","2162","2162","2162"
"692800","-200","-200","-200","2165","2165","2165","-200","-200","-200","2165","2165","2165"
"693600","-200","-200","-200","2167","2167","2167","-200","-200","-200","2167","2167","2167"
"694400","-200","-200","-200","2170","2170","2170","-200","-200","-200","2170","2170","2170"
"695200","-200","-200","-200","2172","2172","2172","-200","-200","-200","2172","2172","2172"
"696000","-200","-200","-200","2175","2175","2175","-200","-200","-200","2175","2175","2175"
"696800","-200","-200","-200","2177","2177","2177","-200","-200","-200","2177","2177","2177"
"697600","-200","-200","-200","2180","2180","2180","-200","-200","-200","2180","2180","2180"
"698400","-200","-200","-200","2183","2183","2183","-200","-200","-200","2183","2183","2183"
"699200","-200","-200","-200","2185","2185","2185","-200","-200","-200","2185","2185","2185"
"700000","-200","-200","-200","2188","2188","2188","-200","-200","-200","2188","2188","2188"
"700800","-200","-200","-200","2190","2190","2190","-200","-200","-200","2190","2190","2190"
"701600","-200","-200","-200","2193","2193","2193","-200","-200","-200","2193","2193","2193"
"702400","-200","-200","-200","2195","2195","2195","-200","-200","-200","2195","2195","2195"
"703200","-200","-200","-200","2198","2198","2198","-200","-200","-200","2198","2198","2198"
"704000","-200","-200","-200","2200","2200","2200","-200","-200","-200","2200","2200","2200"
"704800","-200","-200","-200","2202","2202","2202","-200","-200","-200","2202","2202","2202"
"705600","-200","-200","-200","2205","2205","2205","-200","-200","-200","2205","2205","2205"
"706400","-200","-200","-200","2207","2207","2207","-200","-200","-200","2207","2207","2207"
"707200","-200","-200","-200","2210","2210","2210","-200","-200","-200","2210","2210","2210"
"708000","-200","-200","-200","2212","2212","2212","-200","-200","-200","2212","2212","2212"
"708800","-200","-200","-200","2215","2215","2215","-200","-200","-200","2215","2215","2215"
"709600","-200","-200","-200","2217","2217","2217","-200","-200","-200","2217","2217","2217"
"710400","-200","-200","-200","2220","2220","2220","-200","-200","-200","2220","2220","2220"
"711200","-200","-200","-200","2223","2223","2223","-200","-200","-200","2223","2223","2223"
"712000","-200","-200","-200","2225","2225","2225","-200","-200","-200","2225","2225","2225"
"712800","-200","-200","-200","2228","2228","2228","-200","-200","-200","2228","2228","2228"
"713600","-200","-200","-200","2230","2230","2230","-200","-200","-200","2230","2230","2230"
"714400","-200","-200","-200","2233","2233","2233","-200","-200","-200","2233","2233","2233"
"715200","-200","-200","-200","2235","2235","2235","-200","-200","-200","2235","2235","2235"
"716000","-200","-200","-200","2238","2238","2238","-200","-200","-200","2238","2238","2238"
"716800","-200","-200","-200","2240","2240","2240","-200","-200","-200","2240","2240","2240"
"717600","-200","-200","-200","2242","2242","2242","-200","-200","-200","2242","2242","2242"
"718400","-200","-200","-200","2245","2245","2245","-200","-200","-200","2245","2245","2245"
"719200","-200","-200","-200","2247","2247","2247","-200","-200","-200","2247","2247","2247"
"720000","-200","-200","-200","2250","2250","2250","-200","-200","-200","2250","2250","2250"
"720800","-200","-200","-200","2252","2252","2252","-200","-200","-200","2252","2252","2252"
"721600","-200","-200","-200","2255","2255","2255","-200","-200","-200","2255","2255","2255"
"722400","-200","-200","-200","2257","2257","2257","-200","-200","-200","2257","2257","2257"
"723200","-200","-200","-200","2260","2260","2260","-200","-200","-200","2260","2260","2260"
"724000","-200","-200","-200","2263","2263","2263","-200","-200","-200","2263","2263","2263"
"724800","-200","-200","-200","2265","2265","2265","-200","-200","-200","2265","2265","2265"
"725600","-200","-200","-200","2268","2268","2268","-200","-200","-200","2268","2268","2268"
"726400","-200","-200","-200","2270","2270","2270","-200","-200","-200","2270","2270","2270"
"727200","-200","-200","-200","2273","2273","2273","-200","-200","-200","2273","2273","2273"
"728000","-200","-200","-200","2275","2275","2275","-200","-200","-200","2275","2275","2275"
"728800","-200","-200","-200","2278","2278","2278","-200","-200","-200","2278","2278","2278"
"729600","-200","-200","-200","2280","2280","2280","-200","-200","-200","2280","2280","2280"
"730400","-200","-200","-200","2282","2282","2282","-200","-200","-200","2282","2282","2282"
"731200","-200","-200","-200","2285","2285","2285","-200","-200","-200","2285","2285","2285"
"732000","-200","-200","-200","2287","2287","2287","-200","-200","-200","2287","2287","2287"
"732800","-200","-200","-200","2290","2290","2290","-200","-200","-200","2290","2290","2290"
"733600","-200","-200","-200","2292","2292","2292","-200","-200","-200","2292","2292","2292"
"734400","-200","-200","-200","2295","2295","2295","-200","-200","-200","2295","2295","2295"
"735200","-200","-200","-200","2297","2297","2297","-200","-200","-200","2297","2297","2297"
"736000","-200","-200","-200","2300","2300","2300","-200","-200","-200","2300","2300","2300"
"736800","-200","-200","-200","2303","2303","2303","-200","-200","-200","2303","2303","2303"
"737600","-200","-200","-200","2305","2305","2305","-200","-200","-200","2305","2305","2305"
"738400","-200","-200","-200","2308","2308","2308","-200","-200","-200","2308","2308","2308"
"739200","-200","-200","-200","2310","2310","2310","-200","-200","-200","2310","2310","2310"
"740000","-200","-200","-200","2313","2313","2313","-200","-200","-200","2313","2313","2313"
"740800","-200","-200","-200","2315","2315","2315","-200","-200","-200","2315","2315","2315"
"741600","-200","-200","-200","2318","2318","2318","-200","-200","-200","2318","2318","2318"
"742400","-200","-200","-200","2320","2320","2320","-200","-200","-200","2320","2320","2320"
"743200","-200","-200","-200","2322","2322","2322","-200","-200","-200","2322","2322","2322"
"744000","-200","-200","-200","2325","2325","2325","-200","-200","-200","2325","2325","2325"
"744800","-200","-200","-200","2327","2327","2327","-200","-200","-200","2327","2327","2327"
"745600","-200","-200","-200","2330","2330","2330","-200","-200","-200","2330","2330","2330"
"746400","-200","-200","-200","2332","2332","2332","-200","-200","-200","2332","2332","2332"
"747200","-200","-200","-200","2335","2335","2335","-200","-200","-200","2335","2335","2335"
"748000","-200","-200","-200","2337","2337","2337","-200","-200","-200","2337","2337","2337"
"748800","-200","-200","-200","2340","2340","2340","-200","-200","-200","2340","2340","2340"
"749600","-200","-200","-200","2343","2343","2343","-200","-200","-200","2343","2343","2343"
"750400","-200","-200","-200","2345","2345","2345","-200","-200","-200","2345","2345","2345"
"751200","-200","-200","-200","2348","2348","2348","-200","-200","-200","2348","2348","2348"
"752000","-200","-200","-200","2350","2350","2350","-200","-200","-200","2350","2350","2350"
"752800","-200","-200","-200","2353","2353","2353","-200","-200","-200","2353","2353","2353"
"753600","-200","-200","-200","2355","2355","2355","-200","-200","-200","2355","2355","2355"
"754400","-200","-200","-200","2358","2358","2358","-200","-200","-200","2358","2358","2358"
"755200","-200","-200","-200","2360","2360","2360","-200","-200","-200","2360","2360","2360"
"756000","-200","-200","-200","2362","2362","2362","-200","-200","-200","2362","2362","2362"
"756800","-200","-200","-200","2365","2365","2365","-200","-200","-200","2365","2365","2365"
"757600","-200","-200","-200","2367","2367","2367","-200","-200","-200","2367","2367","2367"
"758400","-200","-200","-200","2370","2370","2370","-200","-200","-200","2370","2370","2370"
"759200","-200","-200","-200","2372","2372","2372","-200","-200","-200","2372","2372","2372"
"760000","-200","-200","-200","2375","2375","2375","-200","-200","-200","2375","2375","2375"
"760800","-200","-200","-200","2377","2377","2377","-200","-200","-200","2377","2377","2377"
"761600","-200","-200","-200","2380","2380","2380","-200","-200","-200","2380","2380","2380"
"762400","-200","-200","-200","2383","2383","2383","-200","-200","-200","2383","2383","2383"
"763200","-200","-200","-200","2385","2385","2385","-200","-200","-200","2385","2385","2385"
"764000","-200","-200","-200","2388","2388","2388","-200","-200","-200","2388","2388","2388"
"764800","-200","-200","-200","2390","2390","2390","-200","-200","-200","2390","2390","2390"
"765600","-200","-200","-200","2393","2393","2393","-200","-200","-200","2393","2393","2393"
"766400","-200","-200","-200","2395","2395","2395","-200","-200","-200","2395","2395","2395"
"767200","-200","-200","-200","2398","2398","2398","-200","-200","-200","2398","2398","2398"
"768000","-200","-200","-200","2400","2400","2400","-200","-200","-200","2400","2400","2400"
"768800","-200","-200","-200","2402","2402","2402","-200","-200","-200","2402","2402","2402"
"769600","-200","-200","-200","2405","2405","2405","-200","-200","-200","2405","2405","2405"
"770400","-200","-200","-200","2407","2407","2407","-200","-200","-200","2407","2407","2407"
"771200","-200","-200","-200","2410","2410","2410","-200","-200","-200","2410","2410","2410"
"772000","-200","-200","-200","2412","2412","2412","-200","-200","-200","2412","2412","2412"
"772800","-200","-200","-200","2415","2415","2415","-200","-200","-200","2415","2415","2415"
"773600","-200","-200","-200","2417","2417","2417","-200","-200","-200","2417","2417","2417"
"774400","-200","-200","-200","2420","2420","2420","-200","-200","-200","2420","2420","2420"
"775200","-200","-200","-200","2423","2423","2423","-200","-200","-200","2423","2423","2423"
"776000","-200","-200","-200","2425","2425","2425","-200","-200","-200","2425","2425","2425"
"776800","-200","-200","-200","2428","2428","2428","-200","-200","-200","2428","2428","2428"
"777600","-200","-200","-200","2430","2430","2430","-200","-200","-200","2430","2430","2430"
"778400","-200","-200","-200","2433","2433","2433","-200","-200","-200","2433","2433","2433"
"779200","-200","-200","-200","2435","2435","2435","-200","-200","-200","2435","2435","2435"
"780000","-200","-200","-200","2438","2438","2438","-200","-200","-200","2438","2438","2438"
"780800","-200","-200","-200","2440","2440","2440","-200","-200","-200","2440","2440","2440"
"781600","-200","-200","-200","2442","2442","2442","-200","-200","-200","2442","2442","2442"
"782400","-200","-200","-200","2445","2445","2445","-200","-200","-200","2445","2445","2445"
"783200","-200","-200","-200","2447","2447","2447","-200","-200","-200","2447","2447","2447"
"784000","-200","-200","-200","2450","2450","2450","-200","-200","-200","2450","2450","2450"
"784800","-200","-200","-200","2452","2452","2452","-200","-200","-200","2452","2452","2452"
"785600","-200","-200","-200","2455","2455","2455","-200","-200","-200","2455","2455","2455"
"786400","-200","-200","-200","2457","2457","2457","-200","-200","-200","2457","2457","2457"
"787200","-200","-200","-200","2460","2460","2460","-200","-200","-200","2460","2460","2460"
"788000","-200","-200","-200","2463","2463","2463","-200","-200","-200","2463","2463","2463"
"788800","-200","-200","-200","2465","2465","2465","-200","-200","-200","2465","2465","2465"
"789600","-200","-200","-200","2468","2468","2468","-200","-200","-200","2468","2468","2468"
"790400","-200","-200","-200","2470","2470","2470","-200","-200","-200","2470","2470","2470"
"791200","-200","-200","-200","2473","2473","2473","-200","-200","-200","2473","2473","2473"
"792000","-200","-200","-200","2475","2475","2475","-200","-200","-200","2475","2475","2475"
"792800","-200","-200","-200","2478","2478","2478","-200","-200","-200","2478","2478","2478"
"793600","-200","-200","-200","2480","2480","2480","-200","-200","-200","2480","2480","2480"
"794400","-200","-200","-200","2482","2482","2482","-200","-200","-200","2482","2482","2482"
"795200","-200","-200","-200","2485","2485","2485","-200","-200","-200","2485","2485","2485"
"796000","-200","-200","-200","2487","2487","2487","-200","-200","-200","2487","2487","2487"
"796800","-200","-200","-200","2490","2490","2490","-200","-200","-200","2490","2490","2490"
"797600","-200","-200","-200","2492","2492","2492","-200","-200","-200","2492","2492","2492"
"798400","-200","-200","-200","2495","2495","2495","-200","-200","-200","2495","2495","2495"
"799200","-200","-200","-200","2497","2497","2497","-200","-200","-200","2497","2497","2497"
"800000","-200","-200","-200","2500","2500","2500","-200","-200","-200","2500","2500","2500"
"800800","-200","-200","-200","2503","2503","2503","-200","-200","-200","2503","2503","2503"
"801600","-200","-200","-200","2505","2505","2505","-200","-200","-200","2505","2505","2505"
"802400","-200","-200","-200","2508","2508","2508","-200","-200","-200","2508","2508","2508"
"803200","-200","-200","-200","2510","2510","2510","-200","-200","-200","2510","2510","2510"
"804000","-200","-200","-200","2513","2513","2513","-200","-200","-200","2513","2513","2513"
"804800","-200","-200","-200","2515","2515","2515","-200","-200","-200","2515","2515","2515"
"805600","-200","-200","-200","2518","2518","2518","-200","-200","-200","2518","2518","2518"
"806400","-200","-200","-200","2520","2520","2520","-200","-200","-200","2520","2520","2520"
"807200","-200","-200","-200","2522","2522","2522","-200","-200","-200","2522","2522","2522"
"808000","-200","-200","-200","2525","2525","2525","-200","-200","-200","2525","2525","2525"
"808800","-200","-200","-200","2527","2527","2527","-200","-200","-200","2527","2527","2527"
"809600","-200","-200","-200","2530","2530","2530","-200","-200","-200","2530","2530","2530"
"810400","-200","-200","-200","2532","2532","2532","-200","-200","-200","2532","2532","2532"
"811200","-200","-200","-200","2535","2535","2535","-200","-200","-200","2535","2535","2535"
"812000","-200","-200","-200","2537","2537","2537","-200","-200","-200","2537","2537","2537"
"812800","-200","-200","-200","2540","2540","2540","-200","-200","-200","2540","2540","2540"
"813600","-200","-200","-200","2543","2543","2543","-200","-200","-200","2543","2543","2543"
"814400","-200","-200","-200","2545","2545","2545","-200","-200","-200","2545","2545","2545"
"815200","-200","-200","-200","2548","2548","2548","-200","-200","-200","2548","2548","2548"
"816000","-200","-200","-200","2550","2550","2550","-200","-200","-200","2550","2550","2550"
"816800","-200","-200","-200","2553","2553","2553","-200","-200","-200","2553","2553","2553"
"817600","-200","-200","-200","2555","2555","2555","-200","-200","-200","2555","2555","2555"
"818400","-200","-200","-200","2558","2558","2558","-200","-200","-200","2558","2558","2558"
"819200","-200","-200","-200","2560","2560","2560","-200","-200","-200","2560","2560","2560"
"820000","-200","-200","-200","2562","2562","2562","-200","-200","-200","2562","2562","2562"
"820800","-200","-200","-200","2565","2565","2565","-200","-200","-200","2565","2565","2565"
"821600","-200","-200","-200","2567","2567","2567","-200","-200","-200","2567","2567","2567"
"822400","-200","-200","-200","2570","2570","2570","-200","-200","-200","2570","2570","2570"
"823200","-200","-200","-200","2572","2572","2572","-200","-200","-200","2572","2572","2572"
"824000","-200","-200","-200","2575","2575","2575","-200","-200","-200","2575","2575","2575"
"824800","-200","-200","-200","2577","2577","2577","-200","-200","-200","2577","2577","2577"
"825600","-200","-200","-200","2580","2580","2580","-200","-200","-200","2580","2580","2580"
"826400","-200","-200","-200","2583","2583","2583","-200","-200","-200","2583","2583","2583"
"827200","-200","-200","-200","2585","2585","2585","-200","-200","-200","2585","2585","2585"
"828000","-200","-200","-200","2588","2588","2588","-200","-200","-200","2588","2588","2588"
"828800","-200","-200","-200","2590","2590","2590","-200","-200","-200","2590","2590","2590"
"829600","-200","-200","-200","2593","2593","2593","-200","-200","-200","2593","2593","2593"
"830400","-200","-200","-200","2595","2595","2595","-200","-200","-200","2595","2595","2595"
"831200","-200","-200","-200","2598","2598","2598","-200","-200","-200","2598","2598","2598"
"832000","-200","-200","-200","2600","2600","2600","-200","-200","-200","2600","2600","2600"
"832800","-200","-200","-200","2602","2602","2602","-200","-200","-200","2602","2602","2602"
"833600","-200","-200","-200","2605","2605","2605","-200","-200","-200","2605","2605","2605"
"834400","-200","-200","-200","2607","2607","2607","-200","-200","-200","2607","2607","2607"
"835200","-200","-200","-200","2610","2610","2610","-200","-200","-200","2610","2610","2610"
"836000","-200","-200","-200","2612","2612","2612","-200","-200","-200","2612","2612","2612"
"836800","-200","-200","-200","2615","2615","2615","-200","-200","-200","2615","2615","2615"
"837600","-200","-200","-200","2617","2617","2617","-200","-200","-200","2617","2617","2617"
"838400","-200","-200","-200","2620","2620","2620","-200","-200","-200","2620","2620","2620"
"839200","-200","-200","-200","2623","2623","2623","-200","-200","-200","2623","2623","2623"
"840000","-200","-200","-200","2625","2625","2625","-200","-200","-200","2625","2625","2625"
"840800","-200","-200","-200","2628","2628","2628","-200","-200","-200","2628","2628","2628"
"841600","-200","-200","-200","2630","2630","2630","-200","-200","-200","2630","2630","2630"
"842400","-200","-200","-200","2633","2633","2633","-200","-200","-200","2633","2633","2633"
"843200","-200","-200","-200","2635","2635","2635","-200","-200","-200","2635","2635","2635"
"844000","-200","-200","-200","2638","2638","2638","-200","-200","-200","2638","2638","2638"
"844800","-200","-200","-200","2640","2640","2640","-200","-200","-200","2640","2640","2640"
"845600","-200","-200","-200","2642","2642","2642","-200","-200","-200","2642","2642","2642"
"846400","-200","-200","-200","2645","2645","2645","-200","-200","-200","2645","2645","2645"
"847200","-200","-200","-200","2647","2647","2647","-200","-200","-200","2647","2647","2647"
"848000","-200","-200","-200","2650","2650","2650","-200","-200","-200","2650","2650","2650"
"848800","-200","-200","-200","2652","2652","2652","-200","-200","-200","2652","2652","2652"
"849600","-200","-200","-200","2655","2655","2655","-200","-200","-200","2655","2655","2655"
"850400","-200","-200","-200","2657","2657","2657","-200","-200","-200","2657","2657","2657"
"851200","-200","-200","-200","2660","2660","2660","-200","-200","-200","2660","2660","2660"
"852000","-200","-200","-200","2663","2663","2663","-200","-200","-200","2663","2663","2663"
"852800","-200","-200","-200","2665","2665","2665","-200","-200","-200","2665","2665","2665"
"853600","-200","-200","-200","2668","2668","2668","-200","-200","-200","2668","2668","2668"
"854400","-200","-200","-200","2670","2670","2670","-200","-200","-200","2670","2670","2670"
"855200","-200","-200","-200","2673","2673","2673","-200","-200","-200","2673","2673","2673"
"856000","-200","-200","-200","2675","2675","2675","-200","-200","-200","2675","2675","2675"
"856800","-200","-200","-200","2678","2678","2678","-200","-200","-200","2678","2678","2678"
"857600","-200","-200","-200","2680","2680","2680","-200","-200","-200","2680","2680","2680"
"858400","-200","-200","-200","2682","2682","2682","-200","-200","-200","2682","2682","2682"
"859200","-200","-200","-200","2685","2685","2685","-200","-200","-200","2685","2685","2685"
"860000","-200","-200","-200","2687","2687","2687","-200","-200","-200","2687","2687","2687"
"860800","-200","-200","-200","2690","2690","2690","-200","-200","-200","2690","2690","2690"
"861600","-200","-200","-200","2692","2692","2692","-200","-200","-200","2692","2692","2692"
"862400","-200","-200","-200","2695","2695","2695","-200","-200","-200","2695","2695","2695"
"863200","-200","-200","-200","2697","2697","2697","-200","-200","-200","2697","2697","2697"
"864000","-200","-200","-200","2700","2700","2700","-200","-200","-200","2700","2700","2700"
"864800","-200","-200","-200","2703","2703","2703","-200","-200","-200","2703","2703","2703"
"865600","-200","-200","-200","2705","2705","2705","-200","-200","-200","2705","2705","2705"
"866400","-200","-200","-200","2708","2708","2708","-200","-200","-200","2708","2708","2708"
"867200","-200","-200","-200","2710","2710","2710","-200","-200","-200","2710","2710","2710"
"868000","-200","-200","-200","2713","2713","2713","-200","-200","-200","2713","2713","2713"
"868800","-200","-200","-200","2715","2715","2715","-200","-200","-200","2715","2715","2715"
"869600","-200","-200","-200","2718","2718","2718","-200","-200","-200","2718","2718","2718"
"870400","-200","-200","-200","2720","2720","2720","-200","-200","-200","2720","2720","2720"
"871200","-200","-200","-200","2722","2722","2722","-200","-200","-200","2722","2722","2722"
"872000","-200","-200","-200","2725","2725","2725","-200","-200","-200","2725","2725","2725"
"872800","-200","-200","-200","2727","2727","2727","-200","-200","-200","2727","2727","2727"
"873600","-200","-200","-200","2730","2730","2730","-200","-200","-200","2730","2730","2730"
"874400","-200","-200","-200","2732","2732","2732","-200","-200","-200","2732","2732","2732"
"875200","-200","-200","-200","2735","2735","2735","-200","-200","-200","2735","2735","2735"
"876000","-200","-200","-200","2737","2737","2737","-200","-200","-200","2737","2737","2737"
"876800","-200","-200","-200","2740","2740","2740","-200","-200","-200","2740","2740","2740"
"877600","-200","-200","-200","2743","2743","2743","-200","-200","-200","2743","2743","2743"
"878400","-200","-200","-200","2745","2745","2745","-200","-200","-200","2745","2745","2745"
"879200","-200","-200","-200","2748","2748","2748","-200","-200","-200","2748","2748","2748"
"880000","-200","-200","-200","2750","2750","2750","-200","-200","-200","2750","2750","2750"
"880800","-200","-200","-200","2753","2753","2753","-200","-200","-200","2753","2753","2753"
"881600","-200","-200","-200","2755","2755","2755","-200","-200","-200","2755","2755","2755"
"882400","-200","-200","-200","2758","2758","2758","-200","-200","-200","2758","2758","2758"
"883200","-200","-200","-200","2760","2760","2760","-200","-200","-200","2760","2760","2760"
"884000","-200","-200","-200","2762","2762","2762","-200","-200","-200","2762","2762","2762"
"884800","-200","-200","-200","2765","2765","2765","-200","-200","-200","2765","2765","2765"
"885600","-200","-200","-200","2767","2767","2767","-200","-200","-200","2767","2767","2767"
"886400","-200","-200","-200","2770","2770","2770","-200","-200","-200","2770","2770","2770"
"887200","-200","-200","-200","2772","2772","2772","-200","-200","-200","2772","2772","2772"
"888000","-200","-200","-200","2775","2775","2775","-200","-200","-200","2775","2775","2775"
"888800","-200","-200","-200","2777","2777","2777","-200","-200","-200","2777","2777","2777"
"889600","-200","-200","-200","2780","2780","2780","-200","-200","-200","2780","2780","2780"
"890400","-200","-200","-200","2783","2783","2783","-200","-200","-200","2783","2783","2783"
"891200","-200","-200","-200","2785","2785","2785","-200","-200","-200","2785","2785","2785"
"892000","-200","-200","-200","2788","2788","2788","-200","-200","-200","2788","2788","2788"
"892800","-200","-200","-200","2790","2790","2790","-200","-200","-200","2790","2790","2790"
"893600","-200","-200","-200","2793","2793","2793","-200","-200","-200","2793","2793","2793"
"894400","-200","-200","-200","2795","2795","2795","-200","-200","-200","2795","2795","2795"
"895200","-200","-200","-200","2798","2798","2798","-200","-200","-200","2798","2798","2798"
"896000","-200","-200","-200","2800","2800","2800","-200","-200","-200","2800","2800","2800"
"896800","-200","-200","-200","2802","2802","2802","-200","-200","-200","2802","2802","2802"
"897600","-200","-200","-200","2805","2805","2805","-200","-200","-200","2805","2805","2805"
"898400","-200","-200","-200","2807","2807","2807","-200","-200","-200","2807","2807","2807"
"899200","-200","-200","-200","2810","2810","2810","-200","-200","-200","2810","2810","2810"
"900000","-200","-200","-200","2812","2812","2812","-200","-200","-200","2812","2812","2812"
"900800","-200","-200","-200","2815","2815","2815","-200","-200","-200","2815","2815","2815"
"901600","-200","-200","-200","2817","2817","2817","-200","-200","-200","2817","2817","2817"
"902400","-200","-200","-200","2820","2820","2820","-200","-200","-200","2820","2820","2820"
"903200","-200","-200","-200","2823","2823","2823","-200","-200","-200","2823","2823","2823"
"904000","-200","-200","-200","2825","2825","2825","-200","-200","-200","2825","2825","2825"
"904800","-200","-200","-200","2828","2828","2828","-200","-200","-200","2828","2828","2828"
"905600","-200","-200","-200","2830","2830","2830","-200","-200","-200","2830","2830","2830"
"906400","-200","-200","-200","2833","2833","2833","-200","-200","-200","2833","2833","2833"
"907200","-200","-200","-200","2835","2835","2835","-200","-200","-200","2835","2835","2835"
"908000","-200","-200","-200","2838","2838","2838","-200","-200","-200","2838","2838","2838"
"908800","-200","-200","-200","2840","2840","2840","-200","-200","-200","2840","2840","2840"
"909600","-200","-200","-200","2842","2842","2842","-200","-200","-200","2842","2842","2842"
"910400","-200","-200","-200","2845","2845","2845","-200","-200","-200","2845","2845","2845"
"911200","-200","-200","-200","2847","2847","2847","-200","-200","-200","2847","2847","2847"
"912000","-200","-200","-200","2850","2850","2850","-200","-200","-200","2850","2850","2850"
"912800","-200","-200","-200","2852","2852","2852","-200","-200","-200","2852","2852","2852"
"913600","-200","-200","-200","2855","2855","2855","-200","-200","-200","2855","2855","2855"
"914400","-200","-200","-200","2857","2857","2857","-200","-200","-200","2857","2857","2857"
"915200","-200","-200","-200","2860","2860","2860","-200","-200","-200","2860","2860","2860"
"916000","-200","-200","-200","2863","2863","2863","-200","-200","-200","2863","2863","2863"
"916800","-200","-200","-200","2865","2865","2865","-200","-200","-200","2865","2865","2865"
"917600","-200","-200","-200","2868","2868","2868","-200","-200","-200","2868","2868","2868"
"918400","-200","-200","-200","2870","2870","2870","-200","-200","-200","2870","2870","2870"
"919200","-200","-200","-200","2873","2873","2873","-200","-200","-200","2873","2873","2873"
"920000","-200","-200","-200","2875","2875","2875","-200","-200","-200","2875","2875","2875"
"920800","-200","-200","-200","2878","2878","2878","-200","-200","-200","2878","2878","2878"
"921600","-200","-200","-200","2880","2880","2880","-200","-200","-200","2880","2880","2880"
"922400","-200","-200","-200","2882","2882","2882","-200","-200","-200","2882","2882","2882"
"923200","-200","-200","-200","2885","2885","2885","-200","-200","-200","2885","2885","2885"
"924000","-200","-200","-200","2887","2887","2887","-200","-200","-200","2887","2887","2887"
"924800","-200","-200","-200","2890","2890","2890","-200","-200","-200","2890","2890","2890"
"925600","-200","-200","-200","2892","2892","2892","-200","-200","-200","2892","2892","2892"
"926400","-200","-200","-200","2895","2895","2895","-200","-200","-200","2895","2895","2895"
"927200","-200","-200","-200","2897","2897","2897","-200","-200","-200","2897","2897","2897"
"928000","-200","-200","-200","2900","2900","2900","-200","-200","-200","2900","2900","2900"
"928800","-200","-200","-200","2903","2903","2903","-200","-200","-200","2903","2903","2903"
"929600","-200","-200","-200","2905","2905","2905","-200","-200","-200","2905","2905","2905"
"930400","-200","-200","-200","2908","2908","2908","-200","-200","-200","2908","2908","2908"
"931200","-200","-200","-200","2910","2910","2910","-200","-200","-200","2910","2910","2910"
"932000","-200","-200","-200","2913","2913","2913","-200","-200","-200","2913","2913","2913"
"932800","-200","-200","-200","2915","2915","2915","-200","-200","-200","2915","2915","2915"
"933600","-200","-200","-200","2918","2918","2918","-200","-200","-200","2918","2918","2918"
"934400","-200","-200","-200","2920","2920","2920","-200","-200","-200","2920","2920","2920"
"935200","-200","-200","-200","2922","2922","2922","-200","-200","-200","2922","2922","2922"
"936000","-200","-200","-200","2925","2925","2925","-200","-200","-200","2925","2925","2925"
"936800","-200","-200","-200","2927","2927","2927","-200","-200","-200","2927","2927","2927"
"937600","-200","-200","-200","2930","2930","2930","-200","-200","-200","2930","2930","2930"
"938400","-200","-200","-200","2932","2932","2932","-200","-200","-200","2932","2932","2932"
"939200","-200","-200","-200","2935","2935","2935","-200","-200","-200","2935","2935","2935"
"940000","-200","-200","-200","2937","2937","2937","-200","-200","-200","2937","2937","2937"
"940800","-200","-200","-200","2940","2940","2940","-200","-200","-200","2940","2940","2940"
"941600","-200","-200","-200","2943","2943","2943","-200","-200","-200","2943","2943","2943"
"942400","-200","-200","-200","2945","2945","2945","-200","-200","-200","2945","2945","2945"
"943200","-200","-200","-200","2948","2948","2948","-200","-200","-200","2948","2948","2948"
"944000","-200","-200","-200","2950","2950","2950","-200","-200","-200","2950","2950","2950"
"944800","-200","-200","-200","2953","2953","2953","-200","-200","-200","2953","2953","2953"
"945600","-200","-200","-200","2955","2955","2955","-200","-200","-200","2955","2955","2955"
"946400","-200","-200","-200","2958","2958","2958","-200","-200","-200","2958","2958","2958"
"947200","-200","-200","-200","2960","2960","2960","-200","-200","-200","2960","2960","2960"
"948000","-200","-200","-200","2962","2962","2962","-200","-200","-200","2962","2962","2962"
"948800","-200","-200","-200","2965","2965","2965","-200","-200","-200","2965","2965","2965"
"949600","-200","-200","-200","2967","2967","2967","-200","-200","-200","2967","2967","2967"
"950400","-200","-200","-200","2970","2970","2970","-200","-200","-200","2970","2970","2970"
"951200","-200","-200","-200","2972","2972","2972","-200","-200","-200","2972","2972","2972"
"952000","-200","-200","-200","2975","2975","2975","-200","-200","-200","2975","2975","2975"
"952800","-200","-200","-200","2977","2977","2977","-200","-200","-200","2977","2977","2977"
"953600","-200","-200","-200","2980","2980","2980","-200","-200","-200","2980","2980","2980"
"954400","-200","-200","-200","2983","2983","2983","-200","-200","-200","2983","2983","2983"
"955200","-200","-200","-200","2985","2985","2985","-200","-200","-200","2985","2985","2985"
"956000","-200","-200","-200","2988","2988","2988","-200","-200","-200","2988","2988","2988"
"956800","-200","-200","-200","2990","2990","2990","-200","-200","-200","2990","2990","2990"
"957600","-200","-200","-200","2993","2993","2993","-200","-200","-200","2993","2993","2993"
"958400","-200","-200","-200","2995","2995","2995","-200","-200","-200","2995","2995","2995"
"959200","-200","-200","-200","2998","2998","2998","-200","-200","-200","2998","2998","2998"
"960000","-200","-200","-200","3000","3000","3000","-200","-200","-200","3000","3000","3000"
"960800","-200","-200","-200","3002","3002","3002","-200","-200","-200","3002","3002","3002"
"961600","-200","-200","-200","3005","3005","3005","-200","-200","-200","3005","3005","3005"
"962400","-200","-200","-200","3007","3007","3007","-200","-200","-200","3007","3007","3007"
"963200","-200","-200","-200","3010","3010","3010","-200","-200","-200","3010","3010","3010"
"964000","-200","-200","-200","3012","3012","3012","-200","-200","-200","3012","3012","3012"
"964800","-200","-200","-200","3015","3015","3015","-200","-200","-200","3015","3015","3015"
"965600","-200","-200","-200","3017","3017","3017","-200","-200","-200","3017","3017","3017"
"966400","-200","-200","-200","3020","3020","3020","-200","-200","-200","3020","3020","3020"
"967200","-200","-200","-200","3023","3023","3023","-200","-200","-200","3023","3023","3023"
"968000","-200","-200","-200","3025","3025","3025","-200","-200","-200","3025","3025","3025"
"968800","-200","-200","-200","3028","3028","3028","-200","-200","-200","3028","3028","3028"
"969600","-200","-200","-200","3030","3030","3030","-200","-200","-200","3030","3030","3030"
"970400","-200","-200","-200","3033","3033","3033","-200","-200","-200","3033","3033","3033"
"971200","-200","-200","-200","3035","3035","3035","-200","-200","-200","3035","3035","3035"
"972000","-200","-200","-200","3038","3038","3038","-200","-200","-200","3038","3038","3038"
"972800","-200","-200","-200","3040","3040","3040","-200","-200","-200","3040","3040","3040"
"973600","-200","-200","-200","3042","3042","3042","-200","-200","-200","3042","3042","3042"
"974400","-200","-200","-200","3045","3045","3045","-200","-200","-200","3045","3045","3045"
"975200","-200","-200","-200","3047","3047","3047","-200","-200","-200","3047","3047","3047"
"976000","-200","-200","-200","3050","3050","3050","-200","-200","-200","3050","3050","3050"
"976800","-200","-200","-200","3052","3052","3052","-200","-200","-200","3052","3052","3052"
"977600","-200","-200","-200","3055","3055","3055","-200","-200","-200","3055","3055","3055"
"978400","-200","-200","-200","3057","3057","3057","-200","-200","-200","3057","3057","3057"
"979200","-200","-200","-200","3060","3060","3060","-200","-200","-200","3060","3060","3060"
"980000","-200","-200","-200","3063","3063","3063","-200","-200","-200","3063","3063","3063"
"980800","-200","-200","-200","3065","3065","3065","-200","-200","-200","3065","3065","3065"
"981600","-200","-200","-200","3068","3068","3068","-200","-200","-200","3068","3068","3068"
"982400","-200","-200","-200","3070","3070","3070","-200","-200","-200","3070","3070","3070"
"983200","-200","-200","-200","3073","3073","3073","-200","-200","-200","3073","3073","3073"
"984000","-200","-200","-200","3075","3075","3075","-200","-200","-200","3075","3075","3075"
"984800","-200","-200","-200","3078","3078","3078","-200","-200","-200","3078","3078","3078"
"985600","-200","-200","-200","3080","3080","3080","-200","-200","-200","3080","3080","3080"
"986400","-200","-200","-200","3082","3082","3082","-200","-200","-200","3082","3082","3082"
"987200","-200","-200","-200","3085","3085","3085","-200","-200","-200","3085","3085","3085"
"988000","-200","-200","-200","3087","3087","3087","-200","-200","-200","3087","3087","3087"
"988800","-200","-200","-200","3090","3090","3090","-200","-200","-200","3090","3090","3090"
"989600","-200","-200","-200","3092","3092","3092","-200","-200","-200","3092","3092","3092"
"990400","-200","-200","-200","3095","3095","3095","-200","-200","-200","3095","3095","3095"
"991200","-200","-200","-200","3097","3097","3097","-200","-200","-200","3097","3097","3097"
"992000","-200","-200","-200","3100","3100","3100","-200","-200","-200","3100","3100","3100"
"992800","-200","-200","-200","3103","3103","3103","-200","-200","-200","3103","3103","3103"
"993600","-200","-200","-200","3105","3105","3105","-200","-200","-200","3105","3105","3105"
"994400","-200","-200","-200","3108","3108","3108","-200","-200","-200","3108","3108","3108"
"995200","-200","-200","-200","3110","3110","3110","-200","-200","-200","3110","3110","3110"
"996000","-200","-200","-200","3113","3113","3113","-200","-200","-200","3113","3113","3113"
"996800","-200","-200","-200","3115","3115","3115","-200","-200","-200","3115","3115","3115"
"997600","-200","-200","-200","3118","3118","3118","-200","-200","-200","3118","3118","3118"
"998400","-200","-200","-200","3120","3120","3120","-200","-200","-200","3120","3120","3120"
"999200","-200","-200","-200","3122","3122","3122","-200","-200","-200","3122","3122","3122"
"999976","-194","-194","-194","3125","3125","3125","","","","","",""
"1000000","-200","-200","-200","3126","3126","3126","-200","-200","-200","3125","3125","3125"
"1000776","-200","-200","-200","3128","3128","3128","","","","","",""
"1000800","-200","-200","-200","3129","3129","3129","-200","-200","-200","3127","3127","3127"
"1001552","-188","-188","-188","3132","3132","3132","","","","","",""
"1001576","-200","-200","-200","3133","3133","3133","","","","","",""
"1001600","-200","-200","-200","3134","3134","3134","-200","-200","-200","3130","3130","3130"
"1002352","-200","-200","-200","3136","3136","3136","","","","","",""
"1002376","-200","-200","-200","3137","3137","3137","","","","","",""
"1002400","-200","-200","-200","3138","3138","3138","-200","-200","-200","3132","3132","3132"
"1003152","-200","-200","-200","3141","3141","3141","","","","","",""
"1003176","-200","-200","-200","3142","3142","3142","","","","","",""
"1003200","-200","-200","-200","3143","3143","3143","-200","-200","-200","3135","3135","3135"
"1003952","-200","-200","-200","3145","3145","3145","","","","","",""
"1003976","-200","-200","-200","3146","3146","3146","","","","","",""
"1004000","-200","-200","-200","3147","3147","3147","-200","-200","-200","3137","3137","3137"
"1004752","-200","-200","-200","3150","3150","3150","","","","","",""
"1004776","-200","-200","-200","3151","3151","3151","","","","","",""
"1004800","-200","-200","-200","3152","3152","3152","-200","-200","-200","3140","3140","3140"
"1005552","-200","-200","-200","3154","3154","3154","","","","","",""
"1005576","-200","-200","-200","3156","3156","3156","","","","","",""
"1005600","-200","-200","-200","3157","3157","3157","-200","-200","-200","3143","3143","3143"
"1006352","-200","-200","-200","3159","3159","3159","","","","","",""
"1006376","-200","-200","-200","3160","3160","3160","","","","","",""
"1006400","-200","-200","-200","3161","3161","3161","-200","-200","-200","3145","3145","3145"
"1007152","-200","-200","-200","3164","3164","3164","","","","","",""
"1007176","-200","-200","-200","3165","3165","3165","","","","","",""
"1007200","-200","-200","-200","3166","3166","3166","-200","-200","-200","3148","3148","3148"
"1007952","-200","-200","-200","3168","3168","3168","","","","","",""
"1007976","-200","-200","-200","3169","3169","3169","","","","","",""
"1008000","-200","-200","-200","3170","3170","3170","-200","-200","-200","3150","3150","3150"
"1008752","-200","-200","-200","3173","3173","3173","","","","","",""
"1008776","-200","-200","-200","3174","3174","3174","","","","","",""
"1008800","-200","-200","-200","3175","3175","3175","-200","-200","-200","3153","3153","3153"
"1009552","-200","-200","-200","3177","3177","3177","","","","","",""
"1009576","-200","-200","-200","3178","3178","3178","","","","","",""
"1009600","-200","-200","-200","3179","3179","3179","-200","-200","-200","3155","3155","3155"
"1010352","-200","-200","-200","3182","3182","3182","","","","","",""
"1010376","-200","-200","-200","3183","3183","3183","","","","","",""
"1010400","-200","-200","-200","3184","3184","3184","-200","-200","-200","3158","3158","3158"
"1011152","-200","-200","-200","3186","3186","3186","","","","","",""
"1011176","-200","-200","-200","3187","3187","3187","","","","","",""
"1011200","-200","-200","-200","3188","3188","3188","-200","-200","-200","3160","3160","3160"
"1011952","-200","-200","-200","3190","3190","3190","","","","","",""
"1011976","-200","-200","-200","3191","3191","3191","","","","","",""
"1012000","-200","-200","-200","3192","3192","3192","-200","-200","-200","3162","3162","3162"
"1012752","-200","-200","-200","3195","3195","3195","","","","","",""
"1012776","-200","-200","-200","3196","3196","3196","","","","","",""
"1012800","-200","-200","-200","3197","3197","3197","-200","-200","-200","3165","3165","3165"
"1013552","-200","-200","-200","3199","3199","3199","","","","","",""
"1013576","-200","-200","-200","3200","3200","3200","","","","","",""
"1013600","-200","-200","-200","3201","3201","3201","-200","-200","-200","3167","3167","3167"
"1014352","-200","-200","-200","3204","3204","3204","","","","","",""
"1014376","-200","-200","-200","3205","3205","3205","","","","","",""
"1014400","-200","-200","-200","3206","3206","3206","-200","-200","-200","3170","3170","3170"
"1015152","-200","-200","-200","3208","3208","3208","","","","","",""
"1015176","-200","-200","-200","3209","3209","3209","","","","","",""
"1015200","-200","-200","-200","3210","3210","3210","-200","-200","-200","3172","3172","3172"
"1015952","-200","-200","-200","3213","3213","3213","","","","","",""
"1015976","-200","-200","-200","3214","3214","3214","","","","","",""
"1016000","-200","-200","-200","3215","3215","3215","-200","-200","-200","3175","3175","3175"
"1016752","-200","-200","-200","3217","3217","3217","","","","","",""
"1016776","-200","-200","-200","3218","3218","3218","","","","","",""
"1016800","-200","-200","-200","3219","3219","3219","-200","-200","-200","3177","3177","3177"
"1017552","-200","-200","-200","3222","3222","3222","","","","","",""
"1017576","-200","-200","-200","3223","3223","3223","","","","","",""
"1017600","-200","-200","-200","3224","3224","3224","-200","-200","-200","3180","3180","3180"
"1018352","-200","-200","-200","3226","3226","3226","","","","","",""
"1018376","-200","-200","-200","3228","3228","3228","","","","","",""
"1018400","-200","-200","-200","3229","3229","3229","-200","-200","-200","3183","3183","3183"
"1019152","-200","-200","-200","3231","3231","3231","","","","","",""
"1019176","-200","-200","-200","3232","3232","3232","","","","","",""
"1019200","-200","-200","-200","3233","3233","3233","-200","-200","-200","3185","3185","3185"
"1019952","-200","-200","-200","3236","3236","3236","","","","","",""
"1019976","-200","-200","-200","3237","3237","3237","","","","","",""
"1020000","-200","-200","-200","3238","3238","3238","-200","-200","-200","3188","3188","3188"
"1020752","-200","-200","-200","3240","3240","3240","","","","","",""
"1020776","-200","-200","-200","3241","3241","3241","","","","","",""
"1020800","-200","-200","-200","3242","3242","3242","-200","-200","-200","3190","3190","3190"
"1021552","-200","-200","-200","3245","3245","3245","","","","","",""
"1021576","-200","-200","-200","3246","3246","3246","","","","","",""
"1021600","-200","-200","-200","3247","3247","3247","-200","-200","-200","3193","3193","3193"
"1022352","-200","-200","-200","3249","3249","3249","","","","","",""
"1022376","-200","-200","-200","3250","3250","3250","","","","","",""
"1022400","-200","-200","-200","3251","3251","3251","-200","-200","-200","3195","3195","3195"
"1023152","-200","-200","-200","3254","3254","3254","","","","","",""
"1023176","-200","-200","-200","3255","3255","3255","","","","","",""
"1023200","-200","-200","-200","3256","3256","3256","-200","-200","-200","3198","3198","3198"
"1023952","-200","-200","-200","3258","3258","3258","","","","","",""
"1023976","-200","-200","-200","3259","3259","3259","","","","","",""
"1024000","-200","-200","-200","3260","3260","3260","-200","-200","-200","3200","3200","3200"
"1024752","-200","-200","-200","3262","3262","3262","","","","","",""
"1024776","-200","-200","-200","3263","3263","3263","","","","","",""
"1024800","-200","-200","-200","3264","3264","3264","-200","-200","-200","3202","3202","3202"
"1025552","-200","-200","-200","3267","3267","3267","","","","","",""
"1025576","-200","-200","-200","3268","3268","3268","","","","","",""
"1025600","-200","-200","-200","3269","3269","3269","-200","-200","-200","3205","3205","3205"
"1026352","-200","-200","-200","3271","3271","3271","","","","","",""
"1026376","-200","-200","-200","3272","3272","3272","","","","","",""
"1026400","-200","-200","-200","3273","3273","3273","-200","-200","-200","3207","3207","3207"
"1027152","-200","-200","-200","3276","3276","3276","","","","","",""
"1027176","-200","-200","-200","3277","3277","3277","","","","","",""
"1027200","-200","-200","-200","3278","3278","3278","-200","-200","-200","3210","3210","3210"
"1027952","-200","-200","-200","3280","3280","3280","","","","","",""
"1027976","-200","-200","-200","3281","3281","3281","","","","","",""
"1028000","-200","-200","-200","3282","3282","3282","-200","-200","-200","3212","3212","3212"
"1028752","-200","-200","-200","3285","3285","3285","","","","","",""
"1028776","-200","-200","-200","3286","3286","3286","","","","","",""
"1028800","-200","-200","-200","3287","3287","3287","-200","-200","-200","3215","3215","3215"
"1029552","-200","-200","-200","3289","3289","3289","","","","","",""
"1029576","-200","-200","-200","3290","3290","3290","","","","","",""
"1029600","-200","-200","-200","3291","3291","3291","-200","-200","-200","3217","3217","3217"
"1030352","-200","-200","-200","3294","3294","3294","","","","","",""
"1030376","-200","-200","-200","3295","3295","3295","","","","","",""
"1030400","-200","-200","-200","3296","3296","3296","-200","-200","-200","3220","3220","3220"
"1031152","-200","-200","-200","3298","3298","3298","","","","","",""
"1031176","-200","-200","-200","3300","3300","3300","","","","","",""
"1031200","-200","-200","-200","3301","3301","3301","-200","-200","-200","3223","3223","3223"
"1031952","-200","-200","-200","3303","3303","3303","","","","","",""
"1031976","-200","-200","-200","3304","3304","3304","","","","","",""
"1032000","-200","-200","-200","3305","3305","3305","-200","-200","-200","3225","3225","3225"
"1032752","-200","-200","-200","3308","3308","3308","","","","","",""
"1032776","-200","-200","-200","3309","3309","3309","","","","","",""
"1032800","-200","-200","-200","3310","3310","3310","-200","-200","-200","3228","3228","3228"
"1033552","-200","-200","-200","3312","3312","3312","","","","","",""
"1033576","-200","-200","-200","3313","3313","3313","","","","","",""
"1033600","-200","-200","-200","3314","3314","3314","-200","-200","-200","3230","3230","3230"
"1034352","-200","-200","-200","3317","3317","3317","","","","","",""
"1034376","-200","-200","-200","3318","3318","3318","","","","","",""
"1034400","-200","-200","-200","3319","3319","3319","-200","-200","-200","3233","3233","3233"
"1035152","-200","-200","-200","3321","3321","3321","","","","","",""
"1035176","-200","-200","-200","3322","3322","3322","","","","","",""
"1035200","-200","-200","-200","3323","3323","3323","-200","-200","-200","3235","3235","3235"
"1035952","-200","-200","-200","3326","3326","3326","","","","","",""
"1035976","-200","-200","-200","3327","3327","3327","","","","","",""
"1036000","-200","-200","-200","3328","3328","3328","-200","-200","-200","3238","3238","3238"
"1036752","-200","-200","-200","3330","3330","3330","","","","","",""
"1036776","-200","-200","-200","3331","3331","3331","","","","","",""
"1036800","-200","-200","-200","3332","3332","3332","-200","-200","-200","3240","3240","3240"
"1037552","-200","-200","-200","3334","3334","3334","","","","","",""
"1037576","-200","-200","-200","3335","3335","3335","","","","","",""
"1037600","-200","-200","-200","3336","3336","3336","-200","-200","-200","3242","3242","3242"
"1038352","-200","-200","-200","3339","3339","3339","","","","","",""
"1038376","-200","-200","-200","3340","3340","3340","","","","","",""
"1038400","-200","-200","-200","3341","3341","3341","-200","-200","-200","3245","3245","3245"
"1039152","-200","-200","-200","3343","3343","3343","","","","","",""
"1039176","-200","-200","-200","3344","3344","3344","","","","","",""
"1039200","-200","-200","-200","3345","3345","3345","-200","-200","-200","3247","3247","3247"
"1039952","-200","-200","-200","3348","3348","3348","","","","","",""
"1039976","-200","-200","-200","3349","3349","3349","","","","","",""
"1040000","-200","-200","-200","3350","3350","3350","-200","-200","-200","3250","3250","3250"
"1040752","-200","-200","-200","3352","3352","3352","","","","","",""
"1040776","-200","-200","-200","3353","3353","3353","","","","","",""
"1040800","-200","-200","-200","3354","3354","3354","-200","-200","-200","3252","3252","3252"
"1041552","-200","-200","-200","3357","3357","3357","","","","","",""
"1041576","-200","-200","-200","3358","3358","3358","","","","","",""
"1041600","-200","-200","-200","3359","3359","3359","-200","-200","-200","3255","3255","3255"
"1042352","-200","-200","-200","3361","3361","3361","","","","","",""
"1042376","-200","-200","-200","3362","3362","3362","","","","","",""
"1042400","-200","-200","-200","3363","3363","3363","-200","-200","-200","3257","3257","3257"
"1043152","-200","-200","-200","3366","3366","3366","","","","","",""
"1043176","-200","-200","-200","3367","3367","3367","","","","","",""
"1043200","-200","-200","-200","3368","3368","3368","-200","-200","-200","3260","3260","3260"
"1043952","-200","-200","-200","3370","3370","3370","","","","","",""
"1043976","-200","-200","-200","3372","3372","3372","","","","","",""
"1044000","-200","-200","-200","3373","3373","3373","-200","-200","-200","3263","3263","3263"
"1044752","-200","-200","-200","3375","3375","3375","","","","","",""
"1044776","-200","-200","-200","3376","3376","3376","","","","","",""
"1044800","-200","-200","-200","3377","3377","3377","-200","-200","-200","3265","3265","3265"
"1045552","-200","-200","-200","3380","3380","3380","","","","","",""
"1045576","-200","-200","-200","3381","3381","3381","","","","","",""
"1045600","-200","-200","-200","3382","3382","3382","-200","-200","-200","3268","3268","3268"
"1046352","-200","-200","-200","3384","3384","3384","","","","","",""
"1046376","-200","-200","-200","3385","3385","3385","","","","","",""
"1046400","-200","-200","-200","3386","3386","3386","-200","-200","-200","3270","3270","3270"
"1047152","-200","-200","-200","3389","3389","3389","","","","","",""
"1047176","-200","-200","-200","3390","3390","3390","","","","","",""
"1047200","-200","-200","-200","3391","3391","3391","-200","-200","-200","3273","3273","3273"
"1047952","-200","-200","-200","3393","3393","3393","","","","","",""
"1047976","-200","-200","-200","3394","3394","3394","","","","","",""
"1048000","-200","-200","-200","3395","3395","3395","-200","-200","-200","3275","3275","3275"
"1048752","-200","-200","-200","3398","3398","3398","","","","","",""
"1048776","-200","-200","-200","3399","3399","3399","","","","","",""
"1048800","-200","-200","-200","3400","3400","3400","-200","-200","-200","3278","3278","3278"
"1049552","-200","-200","-200","3402","3402","3402","","","","","",""
"1049576","-200","-200","-200","3403","3403","3403","","","","","",""
"1049600","-200","-200","-200","3404","3404","3404","-200","-200","-200","3280","3280","3280"
"1050352","-200","-200","-200","3406","3406","3406","","","","","",""
"1050376","-200","-200","-200","3407","3407","3407","","","","","",""
"1050400","-200","-200","-200","3408","3408","3408","-200","-200","-200","3282","3282","3282"
"1051152","-200","-200","-200","3411","3411","3411","","","","","",""
"1051176","-200","-200","-200","3412","3412","3412","","","","","",""
"1051200","-200","-200","-200","3413","3413","3413","-200","-200","-200","3285","3285","3285"
"1051952","-200","-200","-200","3415","3415","3415","","","","","",""
"1051976","-200","-200","-200","3416","3416","3416","","","","","",""
"1052000","-200","-200","-200","3417","3417","3417","-200","-200","-200","3287","3287","3287"
"1052752","-200","-200","-200","3420","3420","3420","","","","","",""
"1052776","-200","-200","-200","3421","3421","3421","","","","","",""
"1052800","-200","-200","-200","3422","3422","3422","-200","-200","-200","3290","3290","3290"
"1053552","-200","-200","-200","3424","3424","3424","","","","","",""
"1053576","-200","-200","-200","3425","3425","3425","","","","","",""
"1053600","-200","-200","-200","3426","3426","3426","-200","-200","-200","3292","3292","3292"
"1054352","-200","-200","-200","3429","3429","3429","","","","","",""
"1054376","-200","-200","-200","3430","3430","3430","","","","","",""
"1054400","-200","-200","-200","3431","3431","3431","-200","-200","-200","3295","3295","3295"
"1055152","-200","-200","-200","3433","3433","3433","","","","","",""
"1055176","-200","-200","-200","3434","3434","3434","","","","","",""
"1055200","-200","-200","-200","3435","3435","3435","-200","-200","-200","3297","3297","3297"
"1055952","-200","-200","-200","3438","3438","3438","","","","","",""
"1055976","-200","-200","-200","3439","3439","3439","","","","","",""
"1056000","-200","-200","-200","3440","3440","3440","-200","-200","-200","3300","3300","3300"
"1056752","-200","-200","-200","3442","3442","3442","","","","","",""
"1056776","-200","-200","-200","3444","3444","3444","","","","","",""
"1056800","-200","-200","-200","3445","3445","3445","-200","-200","-200","3303","3303","3303"
"1057552","-200","-200","-200","3447","3447","3447","","","","","",""
"1057576","-200","-200","-200","3448","3448","3448","","","","","",""
"1057600","-200","-200","-200","3449","3449","3449","-200","-200","-200","3305","3305","3305"
"1058352","-200","-200","-200","3452","3452","3452","","","","","",""
"1058376","-200","-200","-200","3453","3453","3453","","","","","",""
"1058400","-200","-200","-200","3454","3454","3454","-200","-200","-200","3308","3308","3308"
"1059152","-200","-200","-200","3456","3456","3456","","","","","",""
"1059176","-200","-200","-200","3457","3457","3457","","","","","",""
"1059200","-200","-200","-200","3458","3458","3458","-200","-200","-200","3310","3310","3310"
"1059952","-200","-200","-200","3461","3461","3461","","","","","",""
"1059976","-200","-200","-200","3462","3462","3462","","","","","",""
"1060000","-200","-200","-200","3463","3463","3463","-200","-200","-200","3313","3313","3313"
"1060752","-200","-200","-200","3465","3465","3465","","","","","",""
"1060776","-200","-200","-200","3466","3466","3466","","","","","",""
"1060800","-200","-200","-200","3467","3467","3467","-200","-200","-200","3315","3315","3315"
"1061552","-200","-200","-200","3470","3470","3470","","","","","",""
"1061576","-200","-200","-200","3471","3471","3471","","","","","",""
"1061600","-200","-200","-200","3472","3472","3472","-200","-200","-200","3318","3318","3318"
"1062352","-200","-200","-200","3474","3474","3474","","","","","",""
"1062376","-200","-200","-200","3475","3475","3475","","","","","",""
"1062400","-200","-200","-200","3476","3476","3476","-200","-200","-200","3320","3320","3320"
"1063152","-200","-200","-200","3478","3478","3478","","","","","",""
"1063176","-200","-200","-200","3479","3479","3479","","","","","",""
"1063200","-200","-200","-200","3480","3480","3480","-200","-200","-200","3322","3322","3322"
"1063952","-200","-200","-200","3483","3483","3483","","","","","",""
"1063976","-200","-200","-200","3484","3484","3484","","","","","",""
"1064000","-200","-200","-200","3485","3485","3485","-200","-200","-200","3325","3325","3325"
"1064752","-200","-200","-200","3487","3487","3487","","","","","",""
"1064776","-200","-200","-200","3488","3488","3488","","","","","",""
"1064800","-200","-200","-200","3489","3489","3489","-200","-200","-200","3327","3327","3327"
"1065552","-200","-200","-200","3492","3492","3492","","","","","",""
"1065576","-200","-200","-200","3493","3493","3493","","","","","",""
"1065600","-200","-200","-200","3494","3494","3494","-200","-200","-200","3330","3330","3330"
"1066352","-200","-200","-200","3496","3496","3496","","","","","",""
"1066376","-200","-200","-200","3497","3497","3497","","","","","",""
"1066400","-200","-200","-200","3498","3498","3498","-200","-200","-200","3332","3332","3332"
"1067152","-200","-200","-200","3501","3501","3501","","","","","",""
"1067176","-200","-200","-200","3502","3502","3502","","","","","",""
"1067200","-200","-200","-200","3503","3503","3503","-200","-200","-200","3335","3335","3335"
"1067952","-200","-200","-200","3505","3505","3505","","","","","",""
"1067976","-200","-200","-200","3506","3506","3506","","","","","",""
"1068000","-200","-200","-200","3507","3507","3507","-200","-200","-200","3337","3337","3337"
"1068752","-200","-200","-200","3510","3510","3510","","","","","",""
"1068776","-200","-200","-200","3511","3511","3511","","","","","",""
"1068800","-200","-200","-200","3512","3512","3512","-200","-200","-200","3340","3340","3340"
"1069552","-200","-200","-200","3514","3514","3514","","","","","",""
"1069576","-200","-200","-200","3516","3516","3516","","","","","",""
"1069600","-200","-200","-200","3517","3517","3517","-200","-200","-200","3343","3343","3343"
"1070352","-200","-200","-200","3519","3519","3519","","","","","",""
"1070376","-200","-200","-200","3520","3520","3520","","","","","",""
"1070400","-200","-200","-200","3521","3521","3521","-200","-200","-200","3345","3345","3345"
"1071152","-200","-200","-200","3524","3524","3524","","","","","",""
"1071176","-200","-200","-200","3525","3525","3525","","","","","",""
"1071200","-200","-200","-200","3526","3526","3526","-200","-200","-200","3348","3348","3348"
"1071952","-200","-200","-200","3528","3528","3528","","","","","",""
"1071976","-200","-200","-200","3529","3529","3529","","","","","",""
"1072000","-200","-200","-200","3530","3530","3530","-200","-200","-200","3350","3350","3350"
"1072752","-200","-200","-200","3533","3533","3533","","","","","",""
"1072776","-200","-200","-200","3534","3534","3534","","","","","",""
"1072800","-200","-200","-200","3535","3535","3535","-200","-200","-200","3353","3353","3353"
"1073552","-200","-200","-200","3537","3537","3537","","","","","",""
"1073576","-200","-200","-200","3538","3538","3538","","","","","",""
"1073600","-200","-200","-200","3539","3539","3539","-200","-200","-200","3355","3355","3355"
"1074352","-200","-200","-200","3542","3542","3542","","","","","",""
"1074376","-200","-200","-200","3543","3543","3543","","","","","",""
"1074400","-200","-200","-200","3544","3544","3544","-200","-200","-200","3358","3358","3358"
"1075152","-200","-200","-200","3546","3546","3546","","","","","",""
"1075176","-200","-200","-200","3547","3547","3547","","","","","",""
"1075200","-200","-200","-200","3548","3548","3548","-200","-200","-200","3360","3360","3360"
"1075952","-200","-200","-200","3550","3550","3550","","","","","",""
"1075976","-200","-200","-200","3551","3551","3551","","","","","",""
"1076000","-200","-200","-200","3552","3552","3552","-200","-200","-200","3362","3362","3362"
"1076752","-200","-200","-200","3555","3555","3555","","","","","",""
"1076776","-200","-200","-200","3556","3556","3556","","","","","",""
"1076800","-200","-200","-200","3557","3557","3557","-200","-200","-200","3365","3365","3365"
"1077552","-200","-200","-200","3559","3559","3559","","","","","",""
"1077576","-200","-200","-200","3560","3560","3560","","","","","",""
"1077600","-200","-200","-200","3561","3561","3561","-200","-200","-200","3367","3367","3367"
"1078352","-200","-200","-200","3564","3564","3564","","","","","",""
"1078376","-200","-200","-200","3565","3565","3565","","","","","",""
"1078400","-200","-200","-200","3566","3566","3566","-200","-200","-200","3370","3370","3370"
"1079152","-200","-200","-200","3568","3568","3568","","","","","",""
"1079176","-200","-200","-200","3569","3569","3569","","","","","",""
"1079200","-200","-200","-200","3570","3570","3570","-200","-200","-200","3372","3372","3372"
"1079952","-200","-200","-200","3573","3573","3573","","","","","",""
"1079976","-200","-200","-200","3574","3574","3574","","","","","",""
"1080000","-200","-200","-200","3575","3575","3575","-200","-200","-200","3375","3375","3375"
"1080752","-200","-200","-200","3577","3577","3577","","","","","",""
"1080776","-200","-200","-200","3578","3578","3578","","","","","",""
"1080800","-200","-200","-200","3579","3579","3579","-200","-200","-200","3377","3377","3377"
"1081552","-200","-200","-200","3582","3582","3582","","","","","",""
"1081576","-200","-200","-200","3583","3583","3583","","","","","",""
"1081600","-200","-200","-200","3584","3584","3584","-200","-200","-200","3380","3380","3380"
"1082352","-200","-200","-200","3586","3586","3586","","","","","",""
"1082376","-200","-200","-200","3588","3588","3588","","","","","",""
"1082400","-200","-200","-200","3589","3589","3589","-200","-200","-200","3383","3383","3383"
"1083152","-200","-200","-200","3591","3591","3591","","","","","",""
"1083176","-200","-200","-200","3592","3592","3592","","","","","",""
"1083200","-200","-200","-200","3593","3593","3593","-200","-200","-200","3385","3385","3385"
"1083952","-200","-200","-200","3596","3596","3596","","","","","",""
"1083976","-200","-200","-200","3597","3597","3597","","","","","",""
"1084000","-200","-200","-200","3598","3598","3598","-200","-200","-200","3388","3388","3388"
"1084752","-200","-200","-200","3600","3600","3600","","","","","",""
"1084776","-200","-200","-200","3601","3601","3601","","","","","",""
"1084800","-200","-200","-200","3602","3602","3602","-200","-200","-200","3390","3390","3390"
"1085552","-200","-200","-200","3605","3605","3605","","","","","",""
"1085576","-200","-200","-200","3606","3606","3606","","","","","",""
"1085600","-200","-200","-200","3607","3607","3607","-200","-200","-200","3393","3393","3393"
"1086352","-200","-200","-200","3609","3609","3609","","","","","",""
"1086376","-200","-200","-200","3610","3610","3610","","","","","",""
"1086400","-200","-200","-200","3611","3611","3611","-200","-200","-200","3395","3395","3395"
"1087152","-200","-200","-200","3614","3614","3614","","","","","",""
"1087176","-200","-200","-200","3615","3615","3615","","","","","",""
"1087200","-200","-200","-200","3616","3616","3616","-200","-200","-200","3398","3398","3398"
"1087952","-200","-200","-200","3618","3618","3618","","","","","",""
"1087976","-200","-200","-200","3619","3619","3619","","","","","",""
"1088000","-200","-200","-200","3620","3620","3620","-200","-200","-200","3400","3400","3400"
"1088752","-200","-200","-200","3622","3622","3622","","","","","",""
"1088776","-200","-200","-200","3623","3623","3623","","","","","",""
"1088800","-200","-200","-200","3624","3624","3624","-200","-200","-200","3402","3402","3402"
"1089552","-200","-200","-200","3627","3627","3627","","","","","",""
"1089576","-200","-200","-200","3628","3628","3628","","","","","",""
"1089600","-200","-200","-200","3629","3629","3629","-200","-200","-200","3405","3405","3405"
"1090352","-200","-200","-200","3631","3631","3631","","","","","",""
"1090376","-200","-200","-200","3632","3632","3632","","","","","",""
"1090400","-200","-200","-200","3633","3633","3633","-200","-200","-200","3407","3407","3407"
"1091152","-200","-200","-200","3636","3636","3636","","","","","",""
"1091176","-200","-200","-200","3637","3637","3637","","","","","",""
"1091200","-200","-200","-200","3638","3638","3638","-200","-200","-200","3410","3410","3410"
"1091952","-200","-200","-200","3640","3640","3640","","","","","",""
"1091976","-200","-200","-200","3641","3641","3641","","","","","",""
"1092000","-200","-200","-200","3642","3642","3642","-200","-200","-200","3412","3412","3412"
"1092752","-200","-200","-200","3645","3645","3645","","","","","",""
"1092776","-200","-200","-200","3646","3646","3646","","","","","",""
"1092800","-200","-200","-200","3647","3647","3647","-200","-200","-200","3415","3415","3415"
"1093552","-200","-200","-200","3649","3649","3649","","","","","",""
"1093576","-200","-200","-200","3650","3650","3650","","","","","",""
"1093600","-200","-200","-200","3651","3651","3651","-200","-200","-200","3417","3417","3417"
"1094352","-200","-200","-200","3654","3654","3654","","","","","",""
"1094376","-200","-200","-200","3655","3655","3655","","","","","",""
"1094400","-200","-200","-200","3656","3656","3656","-200","-200","-200","3420","3420","3420"
"1095152","-200","-200","-200","3658","3658","3658","","","","","",""
"1095176","-200","-200","-200","3660","3660","3660","","","","","",""
"1095200","-200","-200","-200","3661","3661","3661","-200","-200","-200","3423","3423","3423"
"1095952","-200","-200","-200","3663","3663","3663","","","","","",""
"1095976","-200","-200","-200","3664","3664","3664","","","","","",""
"1096000","-200","-200","-200","3665","3665","3665","-200","-200","-200","3425","3425","3425"
"1096752","-200","-200","-200","3668","3668","3668","","","","","",""
"1096776","-200","-200","-200","3669","3669","3669","","","","","",""
"1096800","-200","-200","-200","3670","3670","3670","-200","-200","-200","3428","3428","3428"
"1097552","-200","-200","-200","3672","3672","3672","","","","","",""
"1097576","-200","-200","-200","3673","3673","3673","","","","","",""
"1097600","-200","-200","-200","3674","3674","3674","-200","-200","-200","3430","3430","3430"
"1098352","-200","-200","-200","3677","3677","3677","","","","","",""
"1098376","-200","-200","-200","3678","3678","3678","","","","","",""
"1098400","-200","-200","-200","3679","3679","3679","-200","-200","-200","3433","3433","3433"
"1099152","-200","-200","-200","3681","3681","3681","","","","","",""
"1099176","-200","-200","-200","3682","3682","3682","","","","","",""
"1099200","-200","-200","-200","3683","3683","3683","-200","-200","-200","3435","3435","3435"
"1099952","-200","-200","-200","3686","3686","3686","","","","","",""
"1099976","-200","-200","-200","3687","3687","3687","","","","","",""
"1100000","-200","-200","-200","3688","3688","3688","-200","-200","-200","3438","3438","3438"
"1100752","-200","-200","-200","3690","3690","3690","","","","","",""
"1100776","-200","-200","-200","3691","3691","3691","","","","","",""
"1100800","-200","-200","-200","3692","3692","3692","-200","-200","-200","3440","3440","3440"
"1101552","-200","-200","-200","3694","3694","3694","","","","","",""
"1101576","-200","-200","-200","3695","3695","3695","","","","","",""
"1101600","-200","-200","-200","3696","3696","3696","-200","-200","-200","3442","3442","3442"
"1102352","-200","-200","-200","3699","3699","3699","","","","","",""
"1102376","-200","-200","-200","3700","3700","3700","","","","","",""
"1102400","-200","-200","-200","3701","3701","3701","-200","-200","-200","3445","3445","3445"
"1103152","-200","-200","-200","3703","3703","3703","","","","","",""
"1103176","-200","-200","-200","3704","3704","3704","","","","","",""
"1103200","-200","-200","-200","3705","3705","3705","-200","-200","-200","3447","3447","3447"
"1103952","-200","-200","-200","3708","3708","3708","","","","","",""
"1103976","-200","-200","-200","3709","3709","3709","","","","","",""
"1104000","-200","-200","-200","3710","3710","3710","-200","-200","-200","3450","3450","3450"
"1104752","-200","-200","-200","3712","3712","3712","","","","","",""
"1104776","-200","-200","-200","3713","3713","3713","","","","","",""
"1104800","-200","-200","-200","3714","3714","3714","-200","-200","-200","3452","3452","3452"
"1105552","-200","-200","-200","3717","3717","3717","","","","","",""
"1105576","-200","-200","-200","3718","3718","3718","","","","","",""
"1105600","-200","-200","-200","3719","3719","3719","-200","-200","-200","3455","3455","3455"
"1106352","-200","-200","-200","3721","3721","3721","","","","","",""
"1106376","-200","-200","-200","3722","3722","3722","","","","","",""
"1106400","-200","-200","-200","3723","3723","3723","-200","-200","-200","3457","3457","3457"
"1107152","-200","-200","-200","3726","3726","3726","","","","","",""
"1107176","-200","-200","-200","3727","3727","3727","","","","","",""
"1107200","-200","-200","-200","3728","3728","3728","-200","-200","-200","3460","3460","3460"
"1107952","-200","-200","-200","3730","3730","3730","","","","","",""
"1107976","-200","-200","-200","3732","3732","3732","","","","","",""
"1108000","-200","-200","-200","3733","3733","3733","-200","-200","-200","3463","3463","3463"
"1108752","-200","-200","-200","3735","3735","3735","","","","","",""
"1108776","-200","-200","-200","3736","3736","3736","","","","","",""
"1108800","-200","-200","-200","3737","3737","3737","-200","-200","-200","3465","3465","3465"
"1109552","-200","-200","-200","3740","3740","3740","","","","","",""
"1109576","-200","-200","-200","3741","3741","3741","","","","","",""
"1109600","-200","-200","-200","3742","3742","3742","-200","-200","-200","3468","3468","3468"
"1110352","-200","-200","-200","3744","3744","3744","","","","","",""
"1110376","-200","-200","-200","3745","3745","3745","","","","","",""
"1110400","-200","-200","-200","3746","3746","3746","-200","-200","-200","3470","3470","3470"
"1111152","-200","-200","-200","3749","3749","3749","","","","","",""
"1111176","-200","-200","-200","3750","3750","3750","","","","","",""
"1111200","-200","-200","-200","3751","3751","3751","-200","-200","-200","3473","3473","3473"
"1111952","-200","-200","-200","3753","3753","3753","","","","","",""
"1111976","-200","-200","-200","3754","3754","3754","","","","","",""
"1112000","-200","-200","-200","3755","3755","3755","-200","-200","-200","3475","3475","3475"
"1112752","-200","-200","-200","3758","3758","3758","","","","","",""
"1112776","-200","-200","-200","3759","3759","3759","","","","","",""
"1112800","-200","-200","-200","3760","3760","3760","-200","-200","-200","3478","3478","3478"
"1113552","-200","-200","-200","3762","3762","3762","","","","","",""
"1113576","-200","-200","-200","3763","3763","3763","","","","","",""
"1113600","-200","-200","-200","3764","3764","3764","-200","-200","-200","3480","3480","3480"
"1114352","-200","-200","-200","3766","3766","3766","","","","","",""
"1114376","-200","-200","-200","3767","3767","3767","","","","","",""
"1114400","-200","-200","-200","3768","3768","3768","-200","-200","-200","3482","3482","3482"
"1115152","-200","-200","-200","3771","3771","3771","","","","","",""
"1115176","-200","-200","-200","3772","3772","3772","","","","","",""
"1115200","-200","-200","-200","3773","3773","3773","-200","-200","-200","3485","3485","3485"
"1115952","-200","-200","-200","3775","3775","3775","","","","","",""
"1115976","-200","-200","-200","3776","3776","3776","","","","","",""
"1116000","-200","-200","-200","3777","3777","3777","-200","-200","-200","3487","3487","3487"
"1116752","-200","-200","-200","3780","3780","3780","","","","","",""
"1116776","-200","-200","-200","3781","3781","3781","","","","","",""
"1116800","-200","-200","-200","3782","3782","3782","-200","-200","-200","3490","3490","3490"
"1117552","-200","-200","-200","3784","3784","3784","","","","","",""
"1117576","-200","-200","-200","3785","3785","3785","","","","","",""
"1117600","-200","-200","-200","3786","3786","3786","-200","-200","-200","3492","3492","3492"
"1118352","-200","-200","-200","3789","3789","3789","","","","","",""
"1118376","-200","-200","-200","3790","3790","3790","","","","","",""
"1118400","-200","-200","-200","3791","3791","3791","-200","-200","-200","3495","3495","3495"
"1119152","-200","-200","-200","3793","3793","3793","","","","","",""
"1119176","-200","-200","-200","3794","3794","3794","","","","","",""
"1119200","-200","-200","-200","3795","3795","3795","-200","-200","-200","3497","3497","3497"
"1119952","-200","-200","-200","3798","3798","3798","","","","","",""
"1119976","-200","-200","-200","3799","3799","3799","","","","","",""
"1120000","-200","-200","-200","3800","3800","3800","-200","-200","-200","3500","3500","3500"
"1120752","-200","-200","-200","3802","3802","3802","","","","","",""
"1120776","-200","-200","-200","3804","3804","3804","","","","","",""
"1120800","-200","-200","-200","3805","3805","3805","-200","-200","-200","3503","3503","3503"
"1121552","-200","-200","-200","3807","3807","3807","","","","","",""
"1121576","-200","-200","-200","3808","3808","3808","","","","","",""
"1121600","-200","-200","-200","3809","3809","3809","-200","-200","-200","3505","3505","3505"
"1122352","-200","-200","-200","3812","3812","3812","","","","","",""
"1122376","-200","-200","-200","3813","3813","3813","","","","","",""
"1122400","-200","-200","-200","3814","3814","3814","-200","-200","-200","3508","3508","3508"
"1123152","-200","-200","-200","3816","3816","3816","","","","","",""
"1123176","-200","-200","-200","3817","3817","3817","","","","","",""
"1123200","-200","-200","-200","3818","3818","3818","-200","-200","-200","3510","3510","3510"
"1123952","-200","-200","-200","3821","3821","3821","","","","","",""
"1123976","-200","-200","-200","3822","3822","3822","","","","","",""
"1124000","-200","-200","-200","3823","3823","3823","-200","-200","-200","3513","3513","3513"
"1124752","-200","-200","-200","3825","3825","3825","","","","","",""
"1124776","-200","-200","-200","3826","3826","3826","","","","","",""
"1124800","-200","-200","-200","3827","3827","3827","-200","-200","-200","3515","3515","3515"
"1125552","-200","-200","-200","3830","3830","3830","","","","","",""
"1125576","-200","-200","-200","3831","3831","3831","","","","","",""
"1125600","-200","-200","-200","3832","3832","3832","-200","-200","-200","3518","3518","3518"
"1126352","-200","-200","-200","3834","3834","3834","","","","","",""
"1126376","-200","-200","-200","3835","3835","3835","","","","","",""
"1126400","-200","-200","-200","3836","3836","3836","-200","-200","-200","3520","3520","3520"
"1127152","-200","-200","-200","3838","3838","3838","","","","","",""
"1127176","-200","-200","-200","3839","3839","3839","","","","","",""
"1127200","-200","-200","-200","3840","3840","3840","-200","-200","-200","3522","3522","3522"
"1127952","-200","-200","-200","3843","3843","3843","","","","","",""
"1127976","-200","-200","-200","3844","3844","3844","","","","","",""
"1128000","-200","-200","-200","3845","3845","3845","-200","-200","-200","3525","3525","3525"
"1128752","-200","-200","-200","3847","3847","3847","","","","","",""
"1128776","-200","-200","-200","3848","3848","3848","","","","","",""
"1128800","-200","-200","-200","3849","3849","3849","-200","-200","-200","3527","3527","3527"
"1129552","-200","-200","-200","3852","3852","3852","","","","","",""
"1129576","-200","-200","-200","3853","3853","3853","","","","","",""
"1129600","-200","-200","-200","3854","3854","3854","-200","-200","-200","3530","3530","3530"
"1130352","-200","-200","-200","3856","3856","3856","","","","","",""
"1130376","-200","-200","-200","3857","3857","3857","","","","","",""
"1130400","-200","-200","-200","3858","3858","3858","-200","-200","-200","3532","3532","3532"
"1131152","-200","-200","-200","3861","3861","3861","","","","","",""
"1131176","-200","-200","-200","3862","3862","3862","","","","","",""
"1131200","-200","-200","-200","3863","3863","3863","-200","-200","-200","3535","3535","3535"
"1131952","-200","-200","-200","3865","3865","3865","","","","","",""
"1131976","-200","-200","-200","3866","3866","3866","","","","","",""
"1132000","-200","-200","-200","3867","3867","3867","-200","-200","-200","3537","3537","3537"
"1132752","-200","-200","-200","3870","3870","3870","","","","","",""
"1132776","-200","-200","-200","3871","3871","3871","","","","","",""
"1132800","-200","-200","-200","3872","3872","3872","-200","-200","-200","3540","3540","3540"
"1133552","-200","-200","-200","3874","3874","3874","","","","","",""
"1133576","-200","-200","-200","3876","3876","3876","","","","","",""
"1133600","-200","-200","-200","3877","3877","3877","-200","-200","-200","3543","3543","3543"
"1134352","-200","-200","-200","3879","3879","3879","","","","","",""
"1134376","-200","-200","-200","3880","3880","3880","","","","","",""
"1134400","-200","-200","-200","3881","3881","3881","-200","-200","-200","3545","3545","3545"
"1135152","-200","-200","-200","3884","3884","3884","","","","","",""
"1135176","-200","-200","-200","3885","3885","3885","","","","","",""
"1135200","-200","-200","-200","3886","3886","3886","-200","-200","-200","3548","3548","3548"
"1135952","-200","-200","-200","3888","3888","3888","","","","","",""
"1135976","-200","-200","-200","3889","3889","3889","","","","","",""
"1136000","-200","-200","-200","3890","3890","3890","-200","-200","-200","3550","3550","3550"
"1136752","-200","-200","-200","3893","3893","3893","","","","","",""
"1136776","-200","-200","-200","3894","3894","3894","","","","","",""
"1136800","-200","-200","-200","3895","3895","3895","-200","-200","-200","3553","3553","3553"
"1137552","-200","-200","-200","3897","3897","3897","","","","","",""
"1137576","-200","-200","-200","3898","3898","3898","","","","","",""
"1137600","-200","-200","-200","3899","3899","3899","-200","-200","-200","3555","3555","3555"
"1138352","-200","-200","-200","3902","3902","3902","","","","","",""
"1138376","-200","-200","-200","3903","3903","3903","","","","","",""
"1138400","-200","-200","-200","3904","3904","3904","-200","-200","-200","3558","3558","3558"
"1139152","-200","-200","-200","3906","3906","3906","","","","","",""
"1139176","-200","-200","-200","3907","3907","3907","","","","","",""
"1139200","-200","-200","-200","3908","3908","3908","-200","-200","-200","3560","3560","3560"
"1139952","-200","-200","-200","3910","3910","3910","","","","","",""
"1139976","-200","-200","-200","3911","3911","3911","","","","","",""
"1140000","-200","-200","-200","3912","3912","3912","-200","-200","-200","3562","3562","3562"
"1140752","-200","-200","-200","3915","3915","3915","","","","","",""
"1140776","-200","-200","-200","3916","3916","3916","","","","","",""
"1140800","-200","-200","-200","3917","3917","3917","-200","-200","-200","3565","3565","3565"
"1141552","-200","-200","-200","3919","3919","3919","","","","","",""
"1141576","-200","-200","-200","3920","3920","3920","","","","","",""
"1141600","-200","-200","-200","3921","3921","3921","-200","-200","-200","3567","3567","3567"
"1142352","-200","-200","-200","3924","3924","3924","","","","","",""
"1142376","-200","-200","-200","3925","3925","3925","","","","","",""
"1142400","-200","-200","-200","3926","3926","3926","-200","-200","-200","3570","3570","3570"
"1143152","-200","-200","-200","3928","3928","3928","","","","","",""
"1143176","-200","-200","-200","3929","3929","3929","","","","","",""
"1143200","-200","-200","-200","3930","3930","3930","-200","-200","-200","3572","3572","3572"
"1143952","-200","-200","-200","3933","3933","3933","","","","","",""
"1143976","-200","-200","-200","3934","3934","3934","","","","","",""
"1144000","-200","-200","-200","3935","3935","3935","-200","-200","-200","3575","3575","3575"
"1144752","-200","-200","-200","3937","3937","3937","","","","","",""
"1144776","-200","-200","-200","3938","3938","3938","","","","","",""
"1144800","-200","-200","-200","3939","3939","3939","-200","-200","-200","3577","3577","3577"
"1145552","-200","-200","-200","3942","3942","3942","","","","","",""
"1145576","-200","-200","-200","3943","3943","3943","","","","","",""
"1145600","-200","-200","-200","3944","3944","3944","-200","-200","-200","3580","3580","3580"
"1146352","-200","-200","-200","3946","3946","3946","","","","","",""
"1146376","-200","-200","-200","3948","3948","3948","","","","","",""
"1146400","-200","-200","-200","3949","3949","3949","-200","-200","-200","3583","3583","3583"
"1147152","-200","-200","-200","3951","3951","3951","","","","","",""
"1147176","-200","-200","-200","3952","3952","3952","","","","","",""
"1147200","-200","-200","-200","3953","3953","3953","-200","-200","-200","3585","3585","3585"
"1147952","-200","-200","-200","3956","3956","3956","","","","","",""
"1147976","-200","-200","-200","3957","3957","3957","","","","","",""
"1148000","-200","-200","-200","3958","3958","3958","-200","-200","-200","3588","3588","3588"
"1148752","-200","-200","-200","3960","3960","3960","","","","","",""
"1148776","-200","-200","-200","3961","3961","3961","","","","","",""
"1148800","-200","-200","-200","3962","3962","3962","-200","-200","-200","3590","3590","3590"
"1149552","-200","-200","-200","3965","3965","3965","","","","","",""
"1149576","-200","-200","-200","3966","3966","3966","","","","","",""
"1149600","-200","-200","-200","3967","3967","3967","-200","-200","-200","3593","3593","3593"
"1150352","-200","-200","-200","3969","3969","3969","","","","","",""
"1150376","-200","-200","-200","3970","3970","3970","","","","","",""
"1150400","-200","-200","-200","3971","3971","3971","-200","-200","-200","3595","3595","3595"
"1151152","-200","-200","-200","3974","3974","3974","","","","","",""
"1151176","-200","-200","-200","3975","3975","3975","","","","","",""
"1151200","-200","-200","-200","3976","3976","3976","-200","-200","-200","3598","3598","3598"
"1151952","-200","-200","-200","3978","3978","3978","","","","","",""
"1151976","-200","-200","-200","3979","3979","3979","","","","","",""
"1152000","-200","-200","-200","3980","3980","3980","-200","-200","-200","3600","3600","3600"
"1152752","-200","-200","-200","3982","3982","3982","","","","","",""
"1152776","-200","-200","-200","3983","3983","3983","","","","","",""
"1152800","-200","-200","-200","3984","3984","3984","-200","-200","-200","3602","3602","3602"
"1153552","-200","-200","-200","3987","3987","3987","","","","","",""
"1153576","-200","-200","-200","3988","3988","3988","","","","","",""
"1153600","-200","-200","-200","3989","3989","3989","-200","-200","-200","3605","3605","3605"
"1154352","-200","-200","-200","3991","3991","3991","","","","","",""
"1154376","-200","-200","-200","3992","3992","3992","","","","","",""
"1154400","-200","-200","-200","3993","3993","3993","-200","-200","-200","3607","3607","3607"
"1155152","-200","-200","-200","3996","3996","3996","","","","","",""
"1155176","-200","-200","-200","3997","3997","3997","","","","","",""
"1155200","-200","-200","-200","3998","3998","3998","-200","-200","-200","3610","3610","3610"
"1155952","-200","-200","-200","4000","4000","4000","","","","","",""
"1155976","-200","-200","-200","4001","4001","4001","","","","","",""
"1156000","-200","-200","-200","4002","4002","4002","-200","-200","-200","3612","3612","3612"
"1156752","-200","-200","-200","4005","4005","4005","","","","","",""
"1156776","-200","-200","-200","4006","4006","4006","","","","","",""
"1156800","-200","-200","-200","4007","4007","4007","-200","-200","-200","3615","3615","3615"
"1157552","-200","-200","-200","4009","4009","4009","","","","","",""
"1157576","-200","-200","-200","4010","4010","4010","","","","","",""
"1157600","-200","-200","-200","4011","4011","4011","-200","-200","-200","3617","3617","3617"
"1158352","-200","-200","-200","4014","4014","4014","","","","","",""
"1158376","-200","-200","-200","4015","4015","4015","","","","","",""
"1158400","-200","-200","-200","4016","4016","4016","-200","-200","-200","3620","3620","3620"
"1159152","-200","-200","-200","4018","4018","4018","","","","","",""
"1159176","-200","-200","-200","4020","4020","4020","","","","","",""
"1159200","-200","-200","-200","4021","4021","4021","-200","-200","-200","3623","3623","3623"
"1159952","-200","-200","-200","4023","4023","4023","","","","","",""
"1159976","-200","-200","-200","4024","4024","4024","","","","","",""
"1160000","-200","-200","-200","4025","4025","4025","-200","-200","-200","3625","3625","3625"
"1160752","-200","-200","-200","4028","4028","4028","","","","","",""
"1160776","-200","-200","-200","4029","4029","4029","","","","","",""
"1160800","-200","-200","-200","4030","4030","4030","-200","-200","-200","3628","3628","3628"
"1161552","-200","-200","-200","4032","4032","4032","","","","","",""
"1161576","-200","-200","-200","4033","4033","4033","","","","","",""
"1161600","-200","-200","-200","4034","4034","4034","-200","-200","-200","3630","3630","3630"
"1162352","-200","-200","-200","4037","4037","4037","","","","","",""
"1162376","-200","-200","-200","4038","4038","4038","","","","","",""
"1162400","-200","-200","-200","4039","4039","4039","-200","-200","-200","3633","3633","3633"
"1163152","-200","-200","-200","4041","4041","4041","","","","","",""
"1163176","-200","-200","-200","4042","4042","4042","","","","","",""
"1163200","-200","-200","-200","4043","4043","4043","-200","-200","-200","3635","3635","3635"
"1163952","-200","-200","-200","4046","4046","4046","","","","","",""
"1163976","-200","-200","-200","4047","4047","4047","","","","","",""
"1164000","-200","-200","-200","4048","4048","4048","-200","-200","-200","3638","3638","3638"
"1164752","-200","-200","-200","4050","4050","4050","","","","","",""
"1164776","-200","-200","-200","4051","4051","4051","","","","","",""
"1164800","-200","-200","-200","4052","4052","4052","-200","-200","-200","3640","3640","3640"
"1165552","-200","-200","-200","4054","4054","4054","","","","","",""
"1165576","-200","-200","-200","4055","4055","4055","","","","","",""
"1165600","-200","-200","-200","4056","4056","4056","-200","-200","-200","3642","3642","3642"
"1166352","-200","-200","-200","4059","4059","4059","","","","","",""
"1166376","-200","-200","-200","4060","4060","4060","","","","","",""
"1166400","-200","-200","-200","4061","4061","4061","-200","-200","-200","3645","3645","3645"
"1167152","-200","-200","-200","4063","4063","4063","","","","","",""
"1167176","-200","-200","-200","4064","4064","4064","","","","","",""
"1167200","-200","-200","-200","4065","4065","4065","-200","-200","-200","3647","3647","3647"
"1167952","-200","-200","-200","4068","4068","4068","","","","","",""
"1167976","-200","-200","-200","4069","4069","4069","","","","","",""
"1168000","-200","-200","-200","4070","4070","4070","-200","-200","-200","3650","3650","3650"
"1168752","-200","-200","-200","4072","4072","4072","","","","","",""
"1168776","-200","-200","-200","4073","4073","4073","","","","","",""
"1168800","-200","-200","-200","4074","4074","4074","-200","-200","-200","3652","3652","3652"
"1169552","-200","-200","-200","4077","4077","4077","","","","","",""
"1169576","-200","-200","-200","4078","4078","4078","","","","","",""
"1169600","-200","-200","-200","4079","4079","4079","-200","-200","-200","3655","3655","3655"
"1170352","-200","-200","-200","4081","4081","4081","","","","","",""
"1170376","-200","-200","-200","4082","4082","4082","","","","","",""
"1170400","-200","-200","-200","4083","4083","4083","-200","-200","-200","3657","3657","3657"
"1171152","-200","-200","-200","4086","4086","4086","","","","","",""
"1171176","-200","-200","-200","4087","4087","4087","","","","","",""
"1171200","-200","-200","-200","4088","4088","4088","-200","-200","-200","3660","3660","3660"
"1171952","-200","-200","-200","4090","4090","4090","","","","","",""
"1171976","-200","-200","-200","4092","4092","4092","","","","","",""
"1172000","-200","-200","-200","4093","4093","4093","-200","-200","-200","3663","3663","3663"
"1172752","-200","-200","-200","4095","4095","4095","","","","","",""
"1172776","-200","-200","-200","4096","4096","4096","","","","","",""
"1172800","-200","-200","-200","4097","4097","4097","-200","-200","-200","3665","3665","3665"
"1173552","-200","-200","-200","4100","4100","4100","","","","","",""
"1173576","-200","-200","-200","4101","4101","4101","","","","","",""
"1173600","-200","-200","-200","4102","4102","4102","-200","-200","-200","3668","3668","3668"
"1174352","-200","-200","-200","4104","4104","4104","","","","","",""
"1174376","-200","-200","-200","4105","4105","4105","","","","","",""
"1174400","-200","-200","-200","4106","4106","4106","-200","-200","-200","3670","3670","3670"
"1175152","-200","-200","-200","4109","4109","4109","","","","","",""
"1175176","-200","-200","-200","4110","4110","4110","","","","","",""
"1175200","-200","-200","-200","4111","4111","4111","-200","-200","-200","3673","3673","3673"
"1175952","-200","-200","-200","4113","4113","4113","","","","","",""
"1175976","-200","-200","-200","4114","4114","4114","","","","","",""
"1176000","-200","-200","-200","4115","4115","4115","-200","-200","-200","3675","3675","3675"
"1176752","-200","-200","-200","4118","4118","4118","","","","","",""
"1176776","-200","-200","-200","4119","4119","4119","","","","","",""
"1176800","-200","-200","-200","4120","4120","4120","-200","-200","-200","3678","3678","3678"
"1177552","-200","-200","-200","4122","4122","4122","","","","","",""
"1177576","-200","-200","-200","4123","4123","4123","","","","","",""
"1177600","-200","-200","-200","4124","4124","4124","-200","-200","-200","3680","3680","3680"
"1178352","-200","-200","-200","4126","4126","4126","","","","","",""
"1178376","-200","-200","-200","4127","4127","4127","","","","","",""
"1178400","-200","-200","-200","4128","4128","4128","-200","-200","-200","3682","3682","3682"
"1179152","-200","-200","-200","4131","4131","4131","","","","","",""
"1179176","-200","-200","-200","4132","4132","4132","","","","","",""
"1179200","-200","-200","-200","4133","4133","4133","-200","-200","-200","3685","3685","3685"
"1179952","-200","-200","-200","4135","4135","4135","","","","","",""
"1179976","-200","-200","-200","4136","4136","4136","","","","","",""
"1180000","-200","-200","-200","4137","4137","4137","-200","-200","-200","3687","3687","3687"
"1180752","-200","-200","-200","4140","4140","4140","","","","","",""
"1180776","-200","-200","-200","4141","4141","4141","","","","","",""
"1180800","-200","-200","-200","4142","4142","4142","-200","-200","-200","3690","3690","3690"
"1181552","-200","-200","-200","4144","4144","4144","","","","","",""
"1181576","-200","-200","-200","4145","4145","4145","","","","","",""
"1181600","-200","-200","-200","4146","4146","4146","-200","-200","-200","3692","3692","3692"
"1182352","-200","-200","-200","4149","4149","4149","","","","","",""
"1182376","-200","-200","-200","4150","4150","4150","","","","","",""
"1182400","-200","-200","-200","4151","4151","4151","-200","-200","-200","3695","3695","3695"
"1183152","-200","-200","-200","4153","4153","4153","","","","","",""
"1183176","-200","-200","-200","4154","4154","4154","","","","","",""
"1183200","-200","-200","-200","4155","4155","4155","-200","-200","-200","3697","3697","3697"
"1183952","-200","-200","-200","4158","4158","4158","","","","","",""
"1183976","-200","-200","-200","4159","4159","4159","","","","","",""
"1184000","-200","-200","-200","4160","4160","4160","-200","-200","-200","3700","3700","3700"
"1184752","-200","-200","-200","4162","4162","4162","","","","","",""
"1184776","-200","-200","-200","4164","4164","4164","","","","","",""
"1184800","-200","-200","-200","4165","4165","4165","-200","-200","-200","3703","3703","3703"
"1185552","-200","-200","-200","4167","4167","4167","","","","","",""
"1185576","-200","-200","-200","4168","4168","4168","","","","","",""
"1185600","-200","-200","-200","4169","4169","4169","-200","-200","-200","3705","3705","3705"
"1186352","-200","-200","-200","4172","4172","4172","","","","","",""
"1186376","-200","-200","-200","4173","4173","4173","","","","","",""
"1186400","-200","-200","-200","4174","4174","4174","-200","-200","-200","3708","3708","3708"
"1187152","-200","-200","-200","4176","4176","4176","","","","","",""
"1187176","-200","-200","-200","4177","4177","4177","","","","","",""
"1187200","-200","-200","-200","4178","4178","4178","-200","-200","-200","3710","3710","3710"
"1187952","-200","-200","-200","4181","4181","4181","","","","","",""
"1187976","-200","-200","-200","4182","4182","4182","","","","","",""
"1188000","-200","-200","-200","4183","4183","4183","-200","-200","-200","3713","3713","3713"
"1188752","-200","-200","-200","4185","4185","4185","","","","","",""
"1188776","-200","-200","-200","4186","4186","4186","","","","","",""
"1188800","-200","-200","-200","4187","4187","4187","-200","-200","-200","3715","3715","3715"
"1189552","-200","-200","-200","4190","4190","4190","","","","","",""
"1189576","-200","-200","-200","4191","4191","4191","","","","","",""
"1189600","-200","-200","-200","4192","4192","4192","-200","-200","-200","3718","3718","3718"
"1190352","-200","-200","-200","4194","4194","4194","","","","","",""
"1190376","-200","-200","-200","4195","4195","4195","","","","","",""
"1190400","-200","-200","-200","4196","4196","4196","-200","-200","-200","3720","3720","3720"
"1191152","-200","-200","-200","4198","4198","4198","","","","","",""
"1191176","-200","-200","-200","4199","4199","4199","","","","","",""
"1191200","-200","-200","-200","4200","4200","4200","-200","-200","-200","3722","3722","3722"
"1191952","-200","-200","-200","4203","4203","4203","","","","","",""
"1191976","-200","-200","-200","4204","4204","4204","","","","","",""
"1192000","-200","-200","-200","4205","4205","4205","-200","-200","-200","3725","3725","3725"
"1192752","-200","-200","-200","4207","4207","4207","","","","","",""
"1192776","-200","-200","-200","4208","4208","4208","","","","","",""
"1192800","-200","-200","-200","4209","4209","4209","-200","-200","-200","3727","3727","3727"
"1193552","-200","-200","-200","4212","4212","4212","","","","","",""
"1193576","-200","-200","-200","4213","4213","4213","","","","","",""
"1193600","-200","-200","-200","4214","4214","4214","-200","-200","-200","3730","3730","3730"
"1194352","-200","-200","-200","4216","4216","4216","","","","","",""
"1194376","-200","-200","-200","4217","4217","4217","","","","","",""
"1194400","-200","-200","-200","4218","4218","4218","-200","-200","-200","3732","3732","3732"
"1195152","-200","-200","-200","4221","4221","4221","","","","","",""
"1195176","-200","-200","-200","4222","4222","4222","","","","","",""
"1195200","-200","-200","-200","4223","4223","4223","-200","-200","-200","3735","3735","3735"
"1195952","-200","-200","-200","4225","4225","4225","","","","","",""
"1195976","-200","-200","-200","4226","4226","4226","","","","","",""
"1196000","-200","-200","-200","4227","4227","4227","-200","-200","-200","3737","3737","3737"
"1196752","-200","-200","-200","4230","4230","4230","","","","","",""
"1196776","-200","-200","-200","4231","4231","4231","","","","","",""
"1196800","-200","-200","-200","4232","4232","4232","-200","-200","-200","3740","3740","3740"
"1197552","-200","-200","-200","4234","4234","4234","","","","","",""
"1197576","-200","-200","-200","4236","4236","4236","","","","","",""
"1197600","-200","-200","-200","4237","4237","4237","-200","-200","-200","3743","3743","3743"
"1198352","-200","-200","-200","4239","4239","4239","","","","","",""
"1198376","-200","-200","-200","4240","4240","4240","","","","","",""
"1198400","-200","-200","-200","4241","4241","4241","-200","-200","-200","3745","3745","3745"
"1199152","-200","-200","-200","4244","4244","4244","","","","","",""
"1199176","-200","-200","-200","4245","4245","4245","","","","","",""
"1199200","-200","-200","-200","4246","4246","4246","-200","-200","-200","3748","3748","3748"
"1199952","-200","-200","-200","4248","4248","4248","","","","","",""
"1199976","-200","-200","-200","4249","4249","4249","","","","","",""
"1200000","-200","-200","-200","4250","4250","4250","-200","-200","-200","3750","3750","3750"
"1200752","-200","-200","-200","4253","4253","4253","","","","","",""
"1200776","-200","-200","-200","4254","4254","4254","","","","","",""
"1200800","-200","-200","-200","4255","4255","4255","-200","-200","-200","3753","3753","3753"
"1201552","-200","-200","-200","4257","4257","4257","","","","","",""
"1201576","-200","-200","-200","4258","4258","4258","","","","","",""
"1201600","-200","-200","-200","4259","4259","4259","-200","-200","-200","3755","3755","3755"
"1202352","-200","-200","-200","4262","4262","4262","","","","","",""
"1202376","-200","-200","-200","4263","4263","4263","","","","","",""
"1202400","-200","-200","-200","4264","4264","4264","-200","-200","-200","3758","3758","3758"
"1203152","-200","-200","-200","4266","4266","4266","","","","","",""
"1203176","-200","-200","-200","4267","4267","4267","","","","","",""
"1203200","-200","-200","-200","4268","4268","4268","-200","-200","-200","3760","3760","3760"
"1203952","-200","-200","-200","4270","4270","4270","","","","","",""
"1203976","-200","-200","-200","4271","4271","4271","","","","","",""
"1204000","-200","-200","-200","4272","4272","4272","-200","-200","-200","3762","3762","3762"
"1204752","-200","-200","-200","4275","4275","4275","","","","","",""
"1204776","-200","-200","-200","4276","4276","4276","","","","","",""
"1204800","-200","-200","-200","4277","4277","4277","-200","-200","-200","3765","3765","3765"
"1205552","-200","-200","-200","4279","4279","4279","","","","","",""
"1205576","-200","-200","-200","4280","4280","4280","","","","","",""
"1205600","-200","-200","-200","4281","4281","4281","-200","-200","-200","3767","3767","3767"
"1206352","-200","-200","-200","4284","4284","4284","","","","","",""
"1206376","-200","-200","-200","4285","4285","4285","","","","","",""
"1206400","-200","-200","-200","4286","4286","4286","-200","-200","-200","3770","3770","3770"
"1207152","-200","-200","-200","4288","4288","4288","","","","","",""
"1207176","-200","-200","-200","4289","4289","4289","","","","","",""
"1207200","-200","-200","-200","4290","4290","4290","-200","-200","-200","3772","3772","3772"
"1207952","-200","-200","-200","4293","4293","4293","","","","","",""
"1207976","-200","-200","-200","4294","4294","4294","","","","","",""
"1208000","-200","-200","-200","4295","4295","4295","-200","-200","-200","3775","3775","3775"
"1208752","-200","-200","-200","4297","4297","4297","","","","","",""
"1208776","-200","-200","-200","4298","4298","4298","","","","","",""
"1208800","-200","-200","-200","4299","4299","4299","-200","-200","-200","3777","3777","3777"
"1209552","-200","-200","-200","4302","4302","4302","","","","","",""
"1209576","-200","-200","-200","4303","4303","4303","","","","","",""
"1209600","-200","-200","-200","4304","4304","4304","-200","-200","-200","3780","3780","3780"
"1210352","-200","-200","-200","4306","4306","4306","","","","","",""
"1210376","-200","-200","-200","4308","4308","4308","","","","","",""
"1210400","-200","-200","-200","4309","4309","4309","-200","-200","-200","3783","3783","3783"
"1211152","-200","-200","-200","4311","4311","4311","","","","","",""
"1211176","-200","-200","-200","4312","4312","4312","","","","","",""
"1211200","-200","-200","-200","4313","4313","4313","-200","-200","-200","3785","3785","3785"
"1211952","-200","-200","-200","4316","4316","4316","","","","","",""
"1211976","-200","-200","-200","4317","4317","4317","","","","","",""
"1212000","-200","-200","-200","4318","4318","4318","-200","-200","-200","3788","3788","3788"
"1212752","-200","-200","-200","4320","4320","4320","","","","","",""
"1212776","-200","-200","-200","4321","4321","4321","","","","","",""
"1212800","-200","-200","-200","4322","4322","4322","-200","-200","-200","3790","3790","3790"
"1213552","-200","-200","-200","4325","4325","4325","","","","","",""
"1213576","-200","-200","-200","4326","4326","4326","","","","","",""
"1213600","-200","-200","-200","4327","4327","4327","-200","-200","-200","3793","3793","3793"
"1214352","-200","-200","-200","4329","4329","4329","","","","","",""
"1214376","-200","-200","-200","4330","4330","4330","","","","","",""
"1214400","-200","-200","-200","4331","4331","4331","-200","-200","-200","3795","3795","3795"
"1215152","-200","-200","-200","4334","4334","4334","","","","","",""
"1215176","-200","-200","-200","4335","4335","4335","","","","","",""
"1215200","-200","-200","-200","4336","4336","4336","-200","-200","-200","3798","3798","3798"
"1215952","-200","-200","-200","4338","4338","4338","","","","","",""
"1215976","-200","-200","-200","4339","4339","4339","","","","","",""
"1216000","-200","-200","-200","4340","4340","4340","-200","-200","-200","3800","3800","3800"
"1216752","-200","-200","-200","4342","4342","4342","","","","","",""
"1216776","-200","-200","-200","4343","4343","4343","","","","","",""
"1216800","-200","-200","-200","4344","4344","4344","-200","-200","-200","3802","3802","3802"
"1217552","-200","-200","-200","4347","4347","4347","","","","","",""
"1217576","-200","-200","-200","4348","4348","4348","","","","","",""
"1217600","-200","-200","-200","4349","4349","4349","-200","-200","-200","3805","3805","3805"
"1218352","-200","-200","-200","4351","4351","4351","","","","","",""
"1218376","-200","-200","-200","4352","4352","4352","","","","","",""
"1218400","-200","-200","-200","4353","4353","4353","-200","-200","-200","3807","3807","3807"
"1219152","-200","-200","-200","4356","4356","4356","","","","","",""
"1219176","-200","-200","-200","4357","4357","4357","","","","","",""
"1219200","-200","-200","-200","4358","4358","4358","-200","-200","-200","3810","3810","3810"
"1219952","-200","-200","-200","4360","4360","4360","","","","","",""
"1219976","-200","-200","-200","4361","4361","4361","","","","","",""
"1220000","-200","-200","-200","4362","4362","4362","-200","-200","-200","3812","3812","3812"
"1220752","-200","-200","-200","4365","4365","4365","","","","","",""
"1220776","-200","-200","-200","4366","4366","4366","","","","","",""
"1220800","-200","-200","-200","4367","4367","4367","-200","-200","-200","3815","3815","3815"
"1221552","-200","-200","-200","4369","4369","4369","","","","","",""
"1221576","-200","-200","-200","4370","4370","4370","","","","","",""
"1221600","-200","-200","-200","4371","4371","4371","-200","-200","-200","3817","3817","3817"
"1222352","-200","-200","-200","4374","4374","4374","","","","","",""
"1222376","-200","-200","-200","4375","4375","4375","","","","","",""
"1222400","-200","-200","-200","4376","4376","4376","-200","-200","-200","3820","3820","3820"
"1223152","-200","-200","-200","4378","4378","4378","","","","","",""
"1223176","-200","-200","-200","4380","4380","4380","","","","","",""
"1223200","-200","-200","-200","4381","4381","4381","-200","-200","-200","3823","3823","3823"
"1223952","-200","-200","-200","4383","4383","4383","","","","","",""
"1223976","-200","-200","-200","4384","4384","4384","","","","","",""
"1224000","-200","-200","-200","4385","4385","4385","-200","-200","-200","3825","3825","3825"
"1224752","-200","-200","-200","4388","4388","4388","","","","","",""
"1224776","-200","-200","-200","4389","4389","4389","","","","","",""
"1224800","-200","-200","-200","4390","4390","4390","-200","-200","-200","3828","3828","3828"
"1225552","-200","-200","-200","4392","4392","4392","","","","","",""
"1225576","-200","-200","-200","4393","4393","4393","","","","","",""
"1225600","-200","-200","-200","4394","4394","4394","-200","-200","-200","3830","3830","3830"
"1226352","-200","-200","-200","4397","4397","4397","","","","","",""
"1226376","-200","-200","-200","4398","4398","4398","","","","","",""
"1226400","-200","-200","-200","4399","4399","4399","-200","-200","-200","3833","3833","3833"
"1227152","-200","-200","-200","4401","4401","4401","","","","","",""
"1227176","-200","-200","-200","4402","4402","4402","","","","","",""
"1227200","-200","-200","-200","4403","4403","4403","-200","-200","-200","3835","3835","3835"
"1227952","-200","-200","-200","4406","4406","4406","","","","","",""
"1227976","-200","-200","-200","4407","4407","4407","","","","","",""
"1228000","-200","-200","-200","4408","4408","4408","-200","-200","-200","3838","3838","3838"
"1228752","-200","-200","-200","4410","4410","4410","","","","","",""
"1228776","-200","-200","-200","4411","4411","4411","","","","","",""
"1228800","-200","-200","-200","4412","4412","4412","-200","-200","-200","3840","3840","3840"
"1229552","-200","-200","-200","4414","4414","4414","","","","","",""
"1229576","-200","-200","-200","4415","4415","4415","","","","","",""
"1229600","-200","-200","-200","4416","4416","4416","-200","-200","-200","3842","3842","3842"
"1230352","-200","-200","-200","4419","4419","4419","","","","","",""
"1230376","-200","-200","-200","4420","4420","4420","","","","","",""
"1230400","-200","-200","-200","4421","4421","4421","-200","-200","-200","3845","3845","3845"
"1231152","-200","-200","-200","4423","4423","4423","","","","","",""
"1231176","-200","-200","-200","4424","4424","4424","","","","","",""
"1231200","-200","-200","-200","4425","4425","4425","-200","-200","-200","3847","3847","3847"
"1231952","-200","-200","-200","4428","4428","4428","","","","","",""
"1231976","-200","-200","-200","4429","4429","4429","","","","","",""
"1232000","-200","-200","-200","4430","4430","4430","-200","-200","-200","3850","3850","3850"
"1232752","-200","-200","-200","4432","4432","4432","","","","","",""
"1232776","-200","-200","-200","4433","4433","4433","","","","","",""
"1232800","-200","-200","-200","4434","4434","4434","-200","-200","-200","3852","3852","3852"
"1233552","-200","-200","-200","4437","4437","4437","","","","","",""
"1233576","-200","-200","-200","4438","4438","4438","","","","","",""
"1233600","-200","-200","-200","4439","4439","4439","-200","-200","-200","3855","3855","3855"
"1234352","-200","-200","-200","4441","4441","4441","","","","","",""
"1234376","-200","-200","-200","4442","4442","4442","","","","","",""
"1234400","-200","-200","-200","4443","4443","4443","-200","-200","-200","3857","3857","3857"
"1235152","-200","-200","-200","4446","4446","4446","","","","","",""
"1235176","-200","-200","-200","4447","4447","4447","","","","","",""
"1235200","-200","-200","-200","4448","4448","4448","-200","-200","-200","3860","3860","3860"
"1235952","-200","-200","-200","4450","4450","4450","","","","","",""
"1235976","-200","-200","-200","4452","4452","4452","","","","","",""
"1236000","-200","-200","-200","4453","4453","4453","-200","-200","-200","3863","3863","3863"
"1236752","-200","-200","-200","4455","4455","4455","","","","","",""
"1236776","-200","-200","-200","4456","4456","4456","","","","","",""
"1236800","-200","-200","-200","4457","4457","4457","-200","-200","-200","3865","3865","3865"
"1237552","-200","-200","-200","4460","4460","4460","","","","","",""
"1237576","-200","-200","-200","4461","4461","4461","","","","","",""
"1237600","-200","-200","-200","4462","4462","4462","-200","-200","-200","3868","3868","3868"
"1238352","-200","-200","-200","4464","4464","4464","","","","","",""
"1238376","-200","-200","-200","4465","4465","4465","","","","","",""
"1238400","-200","-200","-200","4466","4466","4466","-200","-200","-200","3870","3870","3870"
"1239152","-200","-200","-200","4469","4469","4469","","","","","",""
"1239176","-200","-200","-200","4470","4470","4470","","","","","",""
"1239200","-200","-200","-200","4471","4471","4471","-200","-200","-200","3873","3873","3873"
"1239952","-200","-200","-200","4473","4473","4473","","","","","",""
"1239976","-200","-200","-200","4474","4474","4474","","","","","",""
"1240000","-200","-200","-200","4475","4475","4475","-200","-200","-200","3875","3875","3875"
"1240752","-200","-200","-200","4478","4478","4478","","","","","",""
"1240776","-200","-200","-200","4479","4479","4479","","","","","",""
"1240800","-200","-200","-200","4480","4480","4480","-200","-200","-200","3878","3878","3878"
"1241552","-200","-200","-200","4482","4482","4482","","","","","",""
"1241576","-200","-200","-200","4483","4483","4483","","","","","",""
"1241600","-200","-200","-200","4484","4484","4484","-200","-200","-200","3880","3880","3880"
"1242352","-200","-200","-200","4486","4486","4486","","","","","",""
"1242376","-200","-200","-200","4487","4487","4487","","","","","",""
"1242400","-200","-200","-200","4488","4488","4488","-200","-200","-200","3882","3882","3882"
"1243152","-200","-200","-200","4491","4491","4491","","","","","",""
"1243176","-200","-200","-200","4492","4492","4492","","","","","",""
"1243200","-200","-200","-200","4493","4493","4493","-200","-200","-200","3885","3885","3885"
"1243952","-200","-200","-200","4495","4495","4495","","","","","",""
"1243976","-200","-200","-200","4496","4496","4496","","","","","",""
"1244000","-200","-200","-200","4497","4497","4497","-200","-200","-200","3887","3887","3887"
"1244752","-200","-200","-200","4500","4500","4500","","","","","",""
"1244776","-200","-200","-200","4501","4501","4501","","","","","",""
"1244800","-200","-200","-200","4502","4502","4502","-200","-200","-200","3890","3890","3890"
"1245552","-200","-200","-200","4504","4504","4504","","","","","",""
"1245576","-200","-200","-200","4505","4505","4505","","","","","",""
"1245600","-200","-200","-200","4506","4506","4506","-200","-200","-200","3892","3892","3892"
"1246352","-200","-200","-200","4509","4509","4509","","","","","",""
"1246376","-200","-200","-200","4510","4510","4510","","","","","",""
"1246400","-200","-200","-200","4511","4511","4511","-200","-200","-200","3895","3895","3895"
"1247152","-200","-200","-200","4513","4513","4513","","","","","",""
"1247176","-200","-200","-200","4514","4514","4514","","","","","",""
"1247200","-200","-200","-200","4515","4515","4515","-200","-200","-200","3897","3897","3897"
"1247952","-200","-200","-200","4518","4518","4518","","","","","",""
"1247976","-200","-200","-200","4519","4519","4519","","","","","",""
"1248000","-200","-200","-200","4520","4520","4520","-200","-200","-200","3900","3900","3900"
"1248752","-200","-200","-200","4522","4522","4522","","","","","",""
"1248776","-200","-200","-200","4524","4524","4524","","","","","",""
"1248800","-200","-200","-200","4525","4525","4525","-200","-200","-200","3903","3903","3903"
"1249552","-200","-200","-200","4527","4527","4527","","","","","",""
"1249576","-200","-200","-200","4528","4528","4528","","","","","",""
"1249600","-200","-200","-200","4529","4529","4529","-200","-200","-200","3905","3905","3905"
"1250352","-200","-200","-200","4532","4532","4532","","","","","",""
"1250376","-200","-200","-200","4533","4533","4533","","","","","",""
"1250400","-200","-200","-200","4534","4534","4534","-200","-200","-200","3908","3908","3908"
"1251152","-200","-200","-200","4536","4536","4536","","","","","",""
"1251176","-200","-200","-200","4537","4537","4537","","","","","",""
"1251200","-200","-200","-200","4538","4538","4538","-200","-200","-200","3910","3910","3910"
"1251952","-200","-200","-200","4541","4541","4541","","","","","",""
"1251976","-200","-200","-200","4542","4542","4542","","","","","",""
"1252000","-200","-200","-200","4543","4543","4543","-200","-200","-200","3913","3913","3913"
"1252752","-200","-200","-200","4545","4545","4545","","","","","",""
"1252776","-200","-200","-200","4546","4546","4546","","","","","",""
"1252800","-200","-200","-200","4547","4547","4547","-200","-200","-200","3915","3915","3915"
"1253552","-200","-200","-200","4550","4550","4550","","","","","",""
"1253576","-200","-200","-200","4551","4551","4551","","","","","",""
"1253600","-200","-200","-200","4552","4552","4552","-200","-200","-200","3918","3918","3918"
"1254352","-200","-200","-200","4554","4554","4554","","","","","",""
"1254376","-200","-200","-200","4555","4555","4555","","","","","",""
"1254400","-200","-200","-200","4556","4556","4556","-200","-200","-200","3920","3920","3920"
"1255152","-200","-200","-200","4558","4558","4558","","","","","",""
"1255176","-200","-200","-200","4559","4559","4559","","","","","",""
"1255200","-200","-200","-200","4560","4560","4560","-200","-200","-200","3922","3922","3922"
"1255952","-200","-200","-200","4563","4563","4563","","","","","",""
"1255976","-200","-200","-200","4564","4564","4564","","","","","",""
"1256000","-200","-200","-200","4565","4565","4565","-200","-200","-200","3925","3925","3925"
"1256752","-200","-200","-200","4567","4567","4567","","","","","",""
"1256776","-200","-200","-200","4568","4568","4568","","","","","",""
"1256800","-200","-200","-200","4569","4569","4569","-200","-200","-200","3927","3927","3927"
"1257552","-200","-200","-200","4572","4572","4572","","","","","",""
"1257576","-200","-200","-200","4573","4573","4573","","","","","",""
"1257600","-200","-200","-200","4574","4574","4574","-200","-200","-200","3930","3930","3930"
"1258352","-200","-200","-200","4576","4576","4576","","","","","",""
"1258376","-200","-200","-200","4577","4577","4577","","","","","",""
"1258400","-200","-200","-200","4578","4578","4578","-200","-200","-200","3932","3932","3932"
"1259152","-200","-200","-200","4581","4581","4581","","","","","",""
"1259176","-200","-200","-200","4582","4582","4582","","","","","",""
"1259200","-200","-200","-200","4583","4583","4583","-200","-200","-200","3935","3935","3935"
"1259952","-200","-200","-200","4585","4585","4585","","","","","",""
"1259976","-200","-200","-200","4586","4586","4586","","","","","",""
"1260000","-200","-200","-200","4587","4587","4587","-200","-200","-200","3937","3937","3937"
"1260752","-200","-200","-200","4590","4590","4590","","","","","",""
"1260776","-200","-200","-200","4591","4591","4591","","","","","",""
"1260800","-200","-200","-200","4592","4592","4592","-200","-200","-200","3940","3940","3940"
"1261552","-200","-200","-200","4594","4594","4594","","","","","",""
"1261576","-200","-200","-200","4596","4596","4596","","","","","",""
"1261600","-200","-200","-200","4597","4597","4597","-200","-200","-200","3943","3943","3943"
"1262352","-200","-200","-200","4599","4599","4599","","","","","",""
"1262376","-200","-200","-200","4600","4600","4600","","","","","",""
"1262400","-200","-200","-200","4601","4601","4601","-200","-200","-200","3945","3945","3945"
"1263152","-200","-200","-200","4604","4604","4604","","","","","",""
"1263176","-200","-200","-200","4605","4605","4605","","","","","",""
"1263200","-200","-200","-200","4606","4606","4606","-200","-200","-200","3948","3948","3948"
"1263952","-200","-200","-200","4608","4608","4608","","","","","",""
"1263976","-200","-200","-200","4609","4609","4609","","","","","",""
"1264000","-200","-200","-200","4610","4610","4610","-200","-200","-200","3950","3950","3950"
"1264752","-200","-200","-200","4613","4613","4613","","","","","",""
"1264776","-200","-200","-200","4614","4614","4614","","","","","",""
"1264800","-200","-200","-200","4615","4615","4615","-200","-200","-200","3953","3953","3953"
"1265552","-200","-200","-200","4617","4617","4617","","","","","",""
"1265576","-200","-200","-200","4618","4618","4618","","","","","",""
"1265600","-200","-200","-200","4619","4619","4619","-200","-200","-200","3955","3955","3955"
"1266352","-200","-200","-200","4622","4622","4622","","","","","",""
"1266376","-200","-200","-200","4623","4623","4623","","","","","",""
"1266400","-200","-200","-200","4624","4624","4624","-200","-200","-200","3958","3958","3958"
"1267152","-200","-200","-200","4626","4626","4626","","","","","",""
"1267176","-200","-200","-200","4627","4627","4627","","","","","",""
"1267200","-200","-200","-200","4628","4628","4628","-200","-200","-200","3960","3960","3960"
"1267952","-200","-200","-200","4630","4630","4630","","","","","",""
"1267976","-200","-200","-200","4631","4631","4631","","","","","",""
"1268000","-200","-200","-200","4632","4632","4632","-200","-200","-200","3962","3962","3962"
"1268752","-200","-200","-200","4635","4635","4635","","","","","",""
"1268776","-200","-200","-200","4636","4636","4636","","","","","",""
"1268800","-200","-200","-200","4637","4637","4637","-200","-200","-200","3965","3965","3965"
"1269552","-200","-200","-200","4639","4639","4639","","","","","",""
"1269576","-200","-200","-200","4640","4640","4640","","","","","",""
"1269600","-200","-200","-200","4641","4641","4641","-200","-200","-200","3967","3967","3967"
"1270352","-200","-200","-200","4644","4644","4644","","","","","",""
"1270376","-200","-200","-200","4645","4645","4645","","","","","",""
"1270400","-200","-200","-200","4646","4646","4646","-200","-200","-200","3970","3970","3970"
"1271152","-200","-200","-200","4648","4648","4648","","","","","",""
"1271176","-200","-200","-200","4649","4649","4649","","","","","",""
"1271200","-200","-200","-200","4650","4650","4650","-200","-200","-200","3972","3972","3972"
"1271952","-200","-200","-200","4653","4653","4653","","","","","",""
"1271976","-200","-200","-200","4654","4654","4654","","","","","",""
"1272000","-200","-200","-200","4655","4655","4655","-200","-200","-200","3975","3975","3975"
"1272752","-200","-200","-200","4657","4657","4657","","","","","",""
"1272776","-200","-200","-200","4658","4658","4658","","","","","",""
"1272800","-200","-200","-200","4659","4659","4659","-200","-200","-200","3977","3977","3977"
"1273552","-200","-200","-200","4662","4662","4662","","","","","",""
"1273576","-200","-200","-200","4663","4663","4663","","","","","",""
"1273600","-200","-200","-200","4664","4664","4664","-200","-200","-200","3980","3980","3980"
"1274352","-200","-200","-200","4666","4666","4666","","","","","",""
"1274376","-200","-200","-200","4668","4668","4668","","","","","",""
"1274400","-200","-200","-200","4669","4669","4669","-200","-200","-200","3983","3983","3983"
"1275152","-200","-200","-200","4671","4671","4671","","","","","",""
"1275176","-200","-200","-200","4672","4672","4672","","","","","",""
"1275200","-200","-200","-200","4673","4673","4673","-200","-200","-200","3985","3985","3985"
"1275952","-200","-200","-200","4676","4676","4676","","","","","",""
"1275976","-200","-200","-200","4677","4677","4677","","","","","",""
"1276000","-200","-200","-200","4678","4678","4678","-200","-200","-200","3988","3988","3988"
"1276752","-200","-200","-200","4680","4680","4680","","","","","",""
"1276776","-200","-200","-200","4681","4681","4681","","","","","",""
"1276800","-200","-200","-200","4682","4682","4682","-200","-200","-200","3990","3990","3990"
"1277552","-200","-200","-200","4685","4685","4685","","","","","",""
"1277576","-200","-200","-200","4686","4686","4686","","","","","",""
"1277600","-200","-200","-200","4687","4687","4687","-200","-200","-200","3993","3993","3993"
"1278352","-200","-200","-200","4689","4689","4689","","","","","",""
"1278376","-200","-200","-200","4690","4690","4690","","","","","",""
"1278400","-200","-200","-200","4691","4691","4691","-200","-200","-200","3995","3995","3995"
"1279152","-200","-200","-200","4694","4694","4694","","","","","",""
"1279176","-200","-200","-200","4695","4695","4695","","","","","",""
"1279200","-200","-200","-200","4696","4696","4696","-200","-200","-200","3998","3998","3998"
"1279952","-200","-200","-200","4698","4698","4698","","","","","",""
"1279976","-200","-200","-200","4699","4699","4699","","","","","",""
"1280000","-200","-200","-200","4700","4700","4700","-200","-200","-200","4000","4000","4000"
"1280752","-200","-200","-200","4702","4702","4702","","","","","",""
"1280776","-200","-200","-200","4703","4703","4703","","","","","",""
"1280800","-200","-200","-200","4704","4704","4704","-200","-200","-200","4002","4002","4002"
"1281552","-200","-200","-200","4707","4707","4707","","","","","",""
"1281576","-200","-200","-200","4708","4708","4708","","","","","",""
"1281600","-200","-200","-200","4709","4709","4709","-200","-200","-200","4005","4005","4005"
"1282352","-200","-200","-200","4711","4711","4711","","","","","",""
"1282376","-200","-200","-200","4712","4712","4712","","","","","",""
"1282400","-200","-200","-200","4713","4713","4713","-200","-200","-200","4007","4007","4007"
"1283152","-200","-200","-200","4716","4716","4716","","","","","",""
"1283176","-200","-200","-200","4717","4717","4717","","","","","",""
"1283200","-200","-200","-200","4718","4718","4718","-200","-200","-200","4010","4010","4010"
"1283952","-200","-200","-200","4720","4720","4720","","","","","",""
"1283976","-200","-200","-200","4721","4721","4721","","","","","",""
"1284000","-200","-200","-200","4722","4722","4722","-200","-200","-200","4012","4012","4012"
"1284752","-200","-200","-200","4725","4725","4725","","","","","",""
"1284776","-200","-200","-200","4726","4726","4726","","","","","",""
"1284800","-200","-200","-200","4727","4727","4727","-200","-200","-200","4015","4015","4015"
"1285552","-200","-200","-200","4729","4729","4729","","","","","",""
"1285576","-200","-200","-200","4730","4730","4730","","","","","",""
"1285600","-200","-200","-200","4731","4731","4731","-200","-200","-200","4017","4017","4017"
"1286352","-200","-200","-200","4734","4734","4734","","","","","",""
"1286376","-200","-200","-200","4735","4735","4735","","","","","",""
"1286400","-200","-200","-200","4736","4736","4736","-200","-200","-200","4020","4020","4020"
"1287152","-200","-200","-200","4738","4738","4738","","","","","",""
"1287176","-200","-200","-200","4740","4740","4740","","","","","",""
"1287200","-200","-200","-200","4741","4741","4741","-200","-200","-200","4023","4023","4023"
"1287952","-200","-200","-200","4743","4743","4743","","","","","",""
"1287976","-200","-200","-200","4744","4744","4744","","","","","",""
"1288000","-200","-200","-200","4745","4745","4745","-200","-200","-200","4025","4025","4025"
"1288752","-200","-200","-200","4748","4748","4748","","","","","",""
"1288776","-200","-200","-200","4749","4749","4749","","","","","",""
"1288800","-200","-200","-200","4750","4750","4750","-200","-200","-200","4028","4028","4028"
"1289552","-200","-200","-200","4752","4752","4752","","","","","",""
"1289576","-200","-200","-200","4753","4753","4753","","","","","",""
"1289600","-200","-200","-200","4754","4754","4754","-200","-200","-200","4030","4030","4030"
"1290352","-200","-200","-200","4757","4757","4757","","","","","",""
"1290376","-200","-200","-200","4758","4758","4758","","","","","",""
"1290400","-200","-200","-200","4759","4759","4759","-200","-200","-200","4033","4033","4033"
"1291152","-200","-200","-200","4761","4761","4761","","","","","",""
"1291176","-200","-200","-200","4762","4762","4762","","","","","",""
"1291200","-200","-200","-200","4763","4763","4763","-200","-200","-200","4035","4035","4035"
"1291952","-200","-200","-200","4766","4766","4766","","","","","",""
"1291976","-200","-200","-200","4767","4767","4767","","","","","",""
"1292000","-200","-200","-200","4768","4768","4768","-200","-200","-200","4038","4038","4038"
"1292752","-200","-200","-200","4770","4770","4770","","","","","",""
"1292776","-200","-200","-200","4771","4771","4771","","","","","",""
"1292800","-200","-200","-200","4772","4772","4772","-200","-200","-200","4040","4040","4040"
"1293552","-200","-200","-200","4774","4774","4774","","","","","",""
"1293576","-200","-200","-200","4775","4775","4775","","","","","",""
"1293600","-200","-200","-200","4776","4776","4776","-200","-200","-200","4042","4042","4042"
"1294352","-200","-200","-200","4779","4779","4779","","","","","",""
"1294376","-200","-200","-200","4780","4780","4780","","","","","",""
"1294400","-200","-200","-200","4781","4781","4781","-200","-200","-200","4045","4045","4045"
"1295152","-200","-200","-200","4783","4783","4783","","","","","",""
"1295176","-200","-200","-200","4784","4784","4784","","","","","",""
"1295200","-200","-200","-200","4785","4785","4785","-200","-200","-200","4047","4047","4047"
"1295952","-200","-200","-200","4788","4788","4788","","","","","",""
"1295976","-200","-200","-200","4789","4789","4789","","","","","",""
"1296000","-200","-200","-200","4790","4790","4790","-200","-200","-200","4050","4050","4050"
"1296752","-200","-200","-200","4792","4792","4792","","","","","",""
"1296776","-200","-200","-200","4793","4793","4793","","","","","",""
"1296800","-200","-200","-200","4794","4794","4794","-200","-200","-200","4052","4052","4052"
"1297552","-200","-200","-200","4797","4797","4797","","","","","",""
"1297576","-200","-200","-200","4798","4798","4798","","","","","",""
"1297600","-200","-200","-200","4799","4799","4799","-200","-200","-200","4055","4055","4055"
"1298352","-200","-200","-200","4801","4801","4801","","","","","",""
"1298376","-200","-200","-200","4802","4802","4802","","","","","",""
"1298400","-200","-200","-200","4803","4803","4803","-200","-200","-200","4057","4057","4057"
"1299152","-200","-200","-200","4806","4806","4806","","","","","",""
"1299176","-200","-200","-200","4807","4807","4807","","","","","",""
"1299200","-200","-200","-200","4808","4808","4808","-200","-200","-200","4060","4060","4060"
"1299952","-200","-200","-200","4810","4810","4810","","","","","",""
"1299976","-200","-200","-200","4812","4812","4812","","","","","",""
"1300000","-200","-200","-200","4813","4813","4813","-200","-200","-200","4063","4063","4063"
"1300752","-200","-200","-200","4815","4815","4815","","","","","",""
"1300776","-200","-200","-200","4816","4816","4816","","","","","",""
"1300800","-200","-200","-200","4817","4817","4817","-200","-200","-200","4065","4065","4065"
"1301552","-200","-200","-200","4820","4820","4820","","","","","",""
"1301576","-200","-200","-200","4821","4821","4821","","","","","",""
"1301600","-200","-200","-200","4822","4822","4822","-200","-200","-200","4068","4068","4068"
"1302352","-200","-200","-200","4824","4824","4824","","","","","",""
"1302376","-200","-200","-200","4825","4825","4825","","","","","",""
"1302400","-200","-200","-200","4826","4826","4826","-200","-200","-200","4070","4070","4070"
"1303152","-200","-200","-200","4829","4829","4829","","","","","",""
"1303176","-200","-200","-200","4830","4830","4830","","","","","",""
"1303200","-200","-200","-200","4831","4831","4831","-200","-200","-200","4073","4073","4073"
"1303952","-200","-200","-200","4833","4833","4833","","","","","",""
"1303976","-200","-200","-200","4834","4834","4834","","","","","",""
"1304000","-200","-200","-200","4835","4835","4835","-200","-200","-200","4075","4075","4075"
"1304752","-200","-200","-200","4838","4838","4838","","","","","",""
"1304776","-200","-200","-200","4839","4839","4839","","","","","",""
"1304800","-200","-200","-200","4840","4840","4840","-200","-200","-200","4078","4078","4078"
"1305552","-200","-200","-200","4842","4842","4842","","","","","",""
"1305576","-200","-200","-200","4843","4843","4843","","","","","",""
"1305600","-200","-200","-200","4844","4844","4844","-200","-200","-200","4080","4080","4080"
"1306352","-200","-200","-200","4846","4846","4846","","","","","",""
"1306376","-200","-200","-200","4847","4847","4847","","","","","",""
"1306400","-200","-200","-200","4848","4848","4848","-200","-200","-200","4082","4082","4082"
"1307152","-200","-200","-200","4851","4851","4851","","","","","",""
"1307176","-200","-200","-200","4852","4852","4852","","","","","",""
"1307200","-200","-200","-200","4853","4853","4853","-200","-200","-200","4085","4085","4085"
"1307952","-200","-200","-200","4855","4855","4855","","","","","",""
"1307976","-200","-200","-200","4856","4856","4856","","","","","",""
"1308000","-200","-200","-200","4857","4857","4857","-200","-200","-200","4087","4087","4087"
"1308752","-200","-200","-200","4860","4860","4860","","","","","",""
"1308776","-200","-200","-200","4861","4861","4861","","","","","",""
"1308800","-200","-200","-200","4862","4862","4862","-200","-200","-200","4090","4090","4090"
"1309552","-200","-200","-200","4864","4864","4864","","","","","",""
"1309576","-200","-200","-200","4865","4865","4865","","","","","",""
"1309600","-200","-200","-200","4866","4866","4866","-200","-200","-200","4092","4092","4092"
"1310352","-200","-200","-200","4869","4869","4869","","","","","",""
"1310376","-200","-200","-200","4870","4870","4870","","","","","",""
"1310400","-200","-200","-200","4871","4871","4871","-200","-200","-200","4095","4095","4095"
"1311152","-200","-200","-200","4873","4873","4873","","","","","",""
"1311176","-200","-200","-200","4874","4874","4874","","","","","",""
"1311200","-200","-200","-200","4875","4875","4875","-200","-200","-200","4097","4097","4097"
"1311952","-200","-200","-200","4878","4878","4878","","","","","",""
"1311976","-200","-200","-200","4879","4879","4879","","","","","",""
"1312000","-200","-200","-200","4880","4880","4880","-200","-200","-200","4100","4100","4100"
"1312752","-200","-200","-200","4882","4882","4882","","","","","",""
"1312776","-200","-200","-200","4884","4884","4884","","","","","",""
"1312800","-200","-200","-200","4885","4885","4885","-200","-200","-200","4103","4103","4103"
"1313552","-200","-200","-200","4887","4887","4887","","","","","",""
"1313576","-200","-200","-200","4888","4888","4888","","","","","",""
"1313600","-200","-200","-200","4889","4889","4889","-200","-200","-200","4105","4105","4105"
"1314352","-200","-200","-200","4892","4892","4892","","","","","",""
"1314376","-200","-200","-200","4893","4893","4893","","","","","",""
"1314400","-200","-200","-200","4894","4894","4894","-200","-200","-200","4108","4108","4108"
"1315152","-200","-200","-200","4896","4896","4896","","","","","",""
"1315176","-200","-200","-200","4897","4897","4897","","","","","",""
"1315200","-200","-200","-200","4898","4898","4898","-200","-200","-200","4110","4110","4110"
"1315952","-200","-200","-200","4901","4901","4901","","","","","",""
"1315976","-200","-200","-200","4902","4902","4902","","","","","",""
"1316000","-200","-200","-200","4903","4903","4903","-200","-200","-200","4113","4113","4113"
"1316752","-200","-200","-200","4905","4905","4905","","","","","",""
"1316776","-200","-200","-200","4906","4906","4906","","","","","",""
"1316800","-200","-200","-200","4907","4907","4907","-200","-200","-200","4115","4115","4115"
"1317552","-200","-200","-200","4910","4910","4910","","","","","",""
"1317576","-200","-200","-200","4911","4911","4911","","","","","",""
"1317600","-200","-200","-200","4912","4912","4912","-200","-200","-200","4118","4118","4118"
"1318352","-200","-200","-200","4914","4914","4914","","","","","",""
"1318376","-200","-200","-200","4915","4915","4915","","","","","",""
"1318400","-200","-200","-200","4916","4916","4916","-200","-200","-200","4120","4120","4120"
"1319152","-200","-200","-200","4918","4918","4918","","","","","",""
"1319176","-200","-200","-200","4919","4919","4919","","","","","",""
"1319200","-200","-200","-200","4920","4920","4920","-200","-200","-200","4122","4122","4122"
"1319952","-200","-200","-200","4923","4923","4923","","","","","",""
"1319976","-200","-200","-200","4924","4924","4924","","","","","",""
"1320000","-200","-200","-200","4925","4925","4925","-200","-200","-200","4125","4125","4125"
"1320752","-200","-200","-200","4927","4927","4927","","","","","",""
"1320776","-200","-200","-200","4928","4928","4928","","","","","",""
"1320800","-200","-200","-200","4929","4929","4929","-200","-200","-200","4127","4127","4127"
"1321552","-200","-200","-200","4932","4932","4932","","","","","",""
"1321576","-200","-200","-200","4933","4933","4933","","","","","",""
"1321600","-200","-200","-200","4934","4934","4934","-200","-200","-200","4130","4130","4130"
"1322352","-200","-200","-200","4936","4936","4936","","","","","",""
"1322376","-200","-200","-200","4937","4937","4937","","","","","",""
"1322400","-200","-200","-200","4938","4938","4938","-200","-200","-200","4132","4132","4132"
"1323152","-200","-200","-200","4941","4941","4941","","","","","",""
"1323176","-200","-200","-200","4942","4942","4942","","","","","",""
"1323200","-200","-200","-200","4943","4943","4943","-200","-200","-200","4135","4135","4135"
"1323952","-200","-200","-200","4945","4945","4945","","","","","",""
"1323976","-200","-200","-200","4946","4946","4946","","","","","",""
"1324000","-200","-200","-200","4947","4947","4947","-200","-200","-200","4137","4137","4137"
"1324752","-200","-200","-200","4950","4950","4950","","","","","",""
"1324776","-200","-200","-200","4951","4951","4951","","","","","",""
"1324800","-200","-200","-200","4952","4952","4952","-200","-200","-200","4140","4140","4140"
"1325552","-200","-200","-200","4954","4954","4954","","","","","",""
"1325576","-200","-200","-200","4956","4956","4956","","","","","",""
"1325600","-200","-200","-200","4957","4957","4957","-200","-200","-200","4143","4143","4143"
"1326352","-200","-200","-200","4959","4959","4959","","","","","",""
"1326376","-200","-200","-200","4960","4960","4960","","","","","",""
"1326400","-200","-200","-200","4961","4961","4961","-200","-200","-200","4145","4145","4145"
"1327152","-200","-200","-200","4964","4964","4964","","","","","",""
"1327176","-200","-200","-200","4965","4965","4965","","","","","",""
"1327200","-200","-200","-200","4966","4966","4966","-200","-200","-200","4148","4148","4148"
"1327952","-200","-200","-200","4968","4968","4968","","","","","",""
"1327976","-200","-200","-200","4969","4969","4969","","","","","",""
"1328000","-200","-200","-200","4970","4970","4970","-200","-200","-200","4150","4150","4150"
"1328752","-200","-200","-200","4973","4973","4973","","","","","",""
"1328776","-200","-200","-200","4974","4974","4974","","","","","",""
"1328800","-200","-200","-200","4975","4975","4975","-200","-200","-200","4153","4153","4153"
"1329552","-200","-200","-200","4977","4977","4977","","","","","",""
"1329576","-200","-200","-200","4978","4978","4978","","","","","",""
"1329600","-200","-200","-200","4979","4979","4979","-200","-200","-200","4155","4155","4155"
"1330352","-200","-200","-200","4982","4982","4982","","","","","",""
"1330376","-200","-200","-200","4983","4983","4983","","","","","",""
"1330400","-200","-200","-200","4984","4984","4984","-200","-200","-200","4158","4158","4158"
"1331152","-200","-200","-200","4986","4986","4986","","","","","",""
"1331176","-200","-200","-200","4987","4987","4987","","","","","",""
"1331200","-200","-200","-200","4988","4988","4988","-200","-200","-200","4160","4160","4160"
"1331952","-200","-200","-200","4990","4990","4990","","","","","",""
"1331976","-200","-200","-200","4991","4991","4991","","","","","",""
"1332000","-200","-200","-200","4992","4992","4992","-200","-200","-200","4162","4162","4162"
"1332752","-200","-200","-200","4995","4995","4995","","","","","",""
"1332776","-200","-200","-200","4996","4996","4996","","","","","",""
"1332800","-200","-200","-200","4997","4997","4997","-200","-200","-200","4165","4165","4165"
"1333552","-200","-200","-200","4999","4999","4999","","","","","",""
"1333576","-200","-200","-200","5000","5000","5000","","","","","",""
"1333600","-200","-200","-200","5001","5001","5001","-200","-200","-200","4167","4167","4167"
"1334352","-200","-200","-200","5004","5004","5004","","","","","",""
"1334376","-200","-200","-200","5005","5005","5005","","","","","",""
"1334400","-200","-200","-200","5006","5006","5006","-200","-200","-200","4170","4170","4170"
"1335152","-200","-200","-200","5008","5008","5008","","","","","",""
"1335176","-200","-200","-200","5009","5009","5009","","","","","",""
"1335200","-200","-200","-200","5010","5010","5010","-200","-200","-200","4172","4172","4172"
"1335952","-200","-200","-200","5013","5013","5013","","","","","",""
"1335976","-200","-200","-200","5014","5014","5014","","","","","",""
"1336000","-200","-200","-200","5015","5015","5015","-200","-200","-200","4175","4175","4175"
"1336752","-200","-200","-200","5017","5017","5017","","","","","",""
"1336776","-200","-200","-200","5018","5018","5018","","","","","",""
"1336800","-200","-200","-200","5019","5019","5019","-200","-200","-200","4177","4177","4177"
"1337552","-200","-200","-200","5022","5022","5022","","","","","",""
"1337576","-200","-200","-200","5023","5023","5023","","","","","",""
"1337600","-200","-200","-200","5024","5024","5024","-200","-200","-200","4180","4180","4180"
"1338352","-200","-200","-200","5026","5026","5026","","","","","",""
"1338376","-200","-200","-200","5028","5028","5028","","","","","",""
"1338400","-200","-200","-200","5029","5029","5029","-200","-200","-200","4183","4183","4183"
"1339152","-200","-200","-200","5031","5031","5031","","","","","",""
"1339176","-200","-200","-200","5032","5032","5032","","","","","",""
"1339200","-200","-200","-200","5033","5033","5033","-200","-200","-200","4185","4185","4185"
"1339952","-200","-200","-200","5036","5036","5036","","","","","",""
"1339976","-200","-200","-200","5037","5037","5037","","","","","",""
"1340000","-200","-200","-200","5038","5038","5038","-200","-200","-200","4188","4188","4188"
"1340752","-200","-200","-200","5040","5040","5040","","","","","",""
"1340776","-200","-200","-200","5041","5041","5041","","","","","",""
"1340800","-200","-200","-200","5042","5042","5042","-200","-200","-200","4190","4190","4190"
"1341552","-200","-200","-200","5045","5045","5045","","","","","",""
"1341576","-200","-200","-200","5046","5046","5046","","","","","",""
"1341600","-200","-200","-200","5047","5047","5047","-200","-200","-200","4193","4193","4193"
"1342352","-200","-200","-200","5049","5049","5049","","","","","",""
"1342376","-200","-200","-200","5050","5050","5050","","","","","",""
"1342400","-200","-200","-200","5051","5051","5051","-200","-200","-200","4195","4195","4195"
"1343152","-200","-200","-200","5054","5054","5054","","","","","",""
"1343176","-200","-200","-200","5055","5055","5055","","","","","",""
"1343200","-200","-200","-200","5056","5056","5056","-200","-200","-200","4198","4198","4198"
"1343952","-200","-200","-200","5058","5058","5058","","","","","",""
"1343976","-200","-200","-200","5059","5059","5059","","","","","",""
"1344000","-200","-200","-200","5060","5060","5060","-200","-200","-200","4200","4200","4200"
"1344752","-200","-200","-200","5062","5062","5062","","","","","",""
"1344776","-200","-200","-200","5063","5063","5063","","","","","",""
"1344800","-200","-200","-200","5064","5064","5064","-200","-200","-200","4202","4202","4202"
"1345552","-200","-200","-200","5067","5067","5067","","","","","",""
"1345576","-200","-200","-200","5068","5068","5068","","","","","",""
"1345600","-200","-200","-200","5069","5069","5069","-200","-200","-200","4205","4205","4205"
"1346352","-200","-200","-200","5071","5071","5071","","","","","",""
"1346376","-200","-200","-200","5072","5072","5072","","","","","",""
"1346400","-200","-200","-200","5073","5073","5073","-200","-200","-200","4207","4207","4207"
"1347152","-200","-200","-200","5076","5076","5076","","","","","",""
"1347176","-200","-200","-200","5077","5077","5077","","","","","",""
"1347200","-200","-200","-200","5078","5078","5078","-200","-200","-200","4210","4210","4210"
"1347952","-200","-200","-200","5080","5080","5080","","","","","",""
"1347976","-200","-200","-200","5081","5081","5081","","","","","",""
"1348000","-200","-200","-200","5082","5082","5082","-200","-200","-200","4212","4212","4212"
"1348752","-200","-200","-200","5085","5085","5085","","","","","",""
"1348776","-200","-200","-200","5086","5086","5086","","","","","",""
"1348800","-200","-200","-200","5087","5087","5087","-200","-200","-200","4215","4215","4215"
"1349552","-200","-200","-200","5089","5089","5089","","","","","",""
"1349576","-200","-200","-200","5090","5090","5090","","","","","",""
"1349600","-200","-200","-200","5091","5091","5091","-200","-200","-200","4217","4217","4217"
"1350352","-200","-200","-200","5094","5094","5094","","","","","",""
"1350376","-200","-200","-200","5095","5095","5095","","","","","",""
"1350400","-200","-200","-200","5096","5096","5096","-200","-200","-200","4220","4220","4220"
"1351152","-200","-200","-200","5098","5098","5098","","","","","",""
"1351176","-200","-200","-200","5100","5100","5100","","","","","",""
"1351200","-200","-200","-200","5101","5101","5101","-200","-200","-200","4223","4223","4223"
"1351952","-200","-200","-200","5103","5103","5103","","","","","",""
"1351976","-200","-200","-200","5104","5104","5104","","","","","",""
"1352000","-200","-200","-200","5105","5105","5105","-200","-200","-200","4225","4225","4225"
"1352752","-200","-200","-200","5108","5108","5108","","","","","",""
"1352776","-200","-200","-200","5109","5109","5109","","","","","",""
"1352800","-200","-200","-200","5110","5110","5110","-200","-200","-200","4228","4228","4228"
"1353552","-200","-200","-200","5112","5112","5112","","","","","",""
"1353576","-200","-200","-200","5113","5113","5113","","","","","",""
"1353600","-200","-200","-200","5114","5114","5114","-200","-200","-200","4230","4230","4230"
"1354352","-200","-200","-200","5117","5117","5117","","","","","",""
"1354376","-200","-200","-200","5118","5118","5118","","","","","",""
"1354400","-200","-200","-200","5119","5119","5119","-200","-200","-200","4233","4233","4233"
"1355152","-200","-200","-200","5121","5121","5121","","","","","",""
"1355176","-200","-200","-200","5122","5122","5122","","","","","",""
"1355200","-200","-200","-200","5123","5123","5123","-200","-200","-200","4235","4235","4235"
"1355952","-200","-200","-200","5126","5126","5126","","","","","",""
"1355976","-200","-200","-200","5127","5127","5127","","","","","",""
"1356000","-200","-200","-200","5128","5128","5128","-200","-200","-200","4238","4238","4238"
"1356752","-200","-200","-200","5130","5130","5130","","","","","",""
"1356776","-200","-200","-200","5131","5131","5131","","","","","",""
"1356800","-200","-200","-200","5132","5132","5132","-200","-200","-200","4240","4240","4240"
"1357552","-200","-200","-200","5134","5134","5134","","","","","",""
"1357576","-200","-200","-200","5135","5135","5135","","","","","",""
"1357600","-200","-200","-200","5136","5136","5136","-200","-200","-200","4242","4242","4242"
"1358352","-200","-200","-200","5139","5139","5139","","","","","",""
"1358376","-200","-200","-200","5140","5140","5140","","","","","",""
"1358400","-200","-200","-200","5141","5141","5141","-200","-200","-200","4245","4245","4245"
"1359152","-200","-200","-200","5143","5143","5143","","","","","",""
"1359176","-200","-200","-200","5144","5144","5144","","","","","",""
"1359200","-200","-200","-200","5145","5145","5145","-200","-200","-200","4247","4247","4247"
"1359952","-200","-200","-200","5148","5148","5148","","","","","",""
"1359976","-200","-200","-200","5149","5149","5149","","","","","",""
"1360000","-200","-200","-200","5150","5150","5150","-200","-200","-200","4250","4250","4250"
"1360752","-200","-200","-200","5152","5152","5152","","","","","",""
"1360776","-200","-200","-200","5153","5153","5153","","","","","",""
"1360800","-200","-200","-200","5154","5154","5154","-200","-200","-200","4252","4252","4252"
"1361552","-200","-200","-200","5157","5157","5157","","","","","",""
"1361576","-200","-200","-200","5158","5158","5158","","","","","",""
"1361600","-200","-200","-200","5159","5159","5159","-200","-200","-200","4255","4255","4255"
"1362352","-200","-200","-200","5161","5161","5161","","","","","",""
"1362376","-200","-200","-200","5162","5162","5162","","","","","",""
"1362400","-200","-200","-200","5163","5163","5163","-200","-200","-200","4257","4257","4257"
"1363152","-200","-200","-200","5166","5166","5166","","","","","",""
"1363176","-200","-200","-200","5167","5167","5167","","","","","",""
"1363200","-200","-200","-200","5168","5168","5168","-200","-200","-200","4260","4260","4260"
"1363952","-200","-200","-200","5170","5170","5170","","","","","",""
"1363976","-200","-200","-200","5172","5172","5172","","","","","",""
"1364000","-200","-200","-200","5173","5173","5173","-200","-200","-200","4263","4263","4263"
"1364752","-200","-200","-200","5175","5175","5175","","","","","",""
"1364776","-200","-200","-200","5176","5176","5176","","","","","",""
"1364800","-200","-200","-200","5177","5177","5177","-200","-200","-200","4265","4265","4265"
"1365552","-200","-200","-200","5180","5180","5180","","","","","",""
"1365576","-200","-200","-200","5181","5181","5181","","","","","",""
"1365600","-200","-200","-200","5182","5182","5182","-200","-200","-200","4268","4268","4268"
"1366352","-200","-200","-200","5184","5184","5184","","","","","",""
"1366376","-200","-200","-200","5185","5185","5185","","","","","",""
"1366400","-200","-200","-200","5186","5186","5186","-200","-200","-200","4270","4270","4270"
"1367152","-200","-200","-200","5189","5189","5189","","","","","",""
"1367176","-200","-200","-200","5190","5190","5190","","","","","",""
"1367200","-200","-200","-200","5191","5191","5191","-200","-200","-200","4273","4273","4273"
"1367952","-200","-200","-200","5193","5193","5193","","","","","",""
"1367976","-200","-200","-200","5194","5194","5194","","","","","",""
"1368000","-200","-200","-200","5195","5195","5195","-200","-200","-200","4275","4275","4275"
"1368752","-200","-200","-200","5198","5198","5198","","","","","",""
"1368776","-200","-200","-200","5199","5199","5199","","","","","",""
"1368800","-200","-200","-200","5200","5200","5200","-200","-200","-200","4278","4278","4278"
"1369552","-200","-200","-200","5202","5202","5202","","","","","",""
"1369576","-200","-200","-200","5203","5203","5203","","","","","",""
"1369600","-200","-200","-200","5204","5204","5204","-200","-200","-200","4280","4280","4280"
"1370352","-200","-200","-200","5206","5206","5206","","","","","",""
"1370376","-200","-200","-200","5207","5207","5207","","","","","",""
"1370400","-200","-200","-200","5208","5208","5208","-200","-200","-200","4282","4282","4282"
"1371152","-200","-200","-200","5211","5211","5211","","","","","",""
"1371176","-200","-200","-200","5212","5212","5212","","","","","",""
"1371200","-200","-200","-200","5213","5213","5213","-200","-200","-200","4285","4285","4285"
"1371952","-200","-200","-200","5215","5215","5215","","","","","",""
"1371976","-200","-200","-200","5216","5216","5216","","","","","",""
"1372000","-200","-200","-200","5217","5217","5217","-200","-200","-200","4287","4287","4287"
"1372752","-200","-200","-200","5220","5220","5220","","","","","",""
"1372776","-200","-200","-200","5221","5221","5221","","","","","",""
"1372800","-200","-200","-200","5222","5222","5222","-200","-200","-200","4290","4290","4290"
"1373552","-200","-200","-200","5224","5224","5224","","","","","",""
"1373576","-200","-200","-200","5225","5225","5225","","","","","",""
"1373600","-200","-200","-200","5226","5226","5226","-200","-200","-200","4292","4292","4292"
"1374352","-200","-200","-200","5229","5229","5229","","","","","",""
"1374376","-200","-200","-200","5230","5230","5230","","","","","",""
"1374400","-200","-200","-200","5231","5231","5231","-200","-200","-200","4295","4295","4295"
"1375152","-200","-200","-200","5233","5233","5233","","","","","",""
"1375176","-200","-200","-200","5234","5234","5234","","","","","",""
"1375200","-200","-200","-200","5235","5235","5235","-200","-200","-200","4297","4297","4297"
"1375952","-200","-200","-200","5238","5238","5238","","","","","",""
"1375976","-200","-200","-200","5239","5239","5239","","","","","",""
"1376000","-200","-200","-200","5240","5240","5240","-200","-200","-200","4300","4300","4300"
"1376752","-200","-200","-200","5242","5242","5242","","","","","",""
"1376776","-200","-200","-200","5244","5244","5244","","","","","",""
"1376800","-200","-200","-200","5245","5245","5245","-200","-200","-200","4303","4303","4303"
"1377552","-200","-200","-200","5247","5247","5247","","","","","",""
"1377576","-200","-200","-200","5248","5248","5248","","","","","",""
"1377600","-200","-200","-200","5249","5249","5249","-200","-200","-200","4305","4305","4305"
"1378352","-200","-200","-200","5252","5252","5252","","","","","",""
"1378376","-200","-200","-200","5253","5253","5253","","","","","",""
"1378400","-200","-200","-200","5254","5254","5254","-200","-200","-200","4308","4308","4308"
"1379152","-200","-200","-200","5256","5256","5256","","","","","",""
"1379176","-200","-200","-200","5257","5257","5257","","","","","",""
"1379200","-200","-200","-200","5258","5258","5258","-200","-200","-200","4310","4310","4310"
"1379952","-200","-200","-200","5261","5261","5261","","","","","",""
"1379976","-200","-200","-200","5262","5262","5262","","","","","",""
"1380000","-200","-200","-200","5263","5263","5263","-200","-200","-200","4313","4313","4313"
"1380752","-200","-200","-200","5265","5265","5265","","","","","",""
"1380776","-200","-200","-200","5266","5266","5266","","","","","",""
"1380800","-200","-200","-200","5267","5267","5267","-200","-200","-200","4315","4315","4315"
"1381552","-200","-200","-200","5270","5270","5270","","","","","",""
"1381576","-200","-200","-200","5271","5271","5271","","","","","",""
"1381600","-200","-200","-200","5272","5272","5272","-200","-200","-200","4318","4318","4318"
"1382352","-200","-200","-200","5274","5274","5274","","","","","",""
"1382376","-200","-200","-200","5275","5275","5275","","","","","",""
"1382400","-200","-200","-200","5276","5276","5276","-200","-200","-200","4320","4320","4320"
"1383152","-200","-200","-200","5278","5278","5278","","","","","",""
"1383176","-200","-200","-200","5279","5279","5279","","","","","",""
"1383200","-200","-200","-200","5280","5280","5280","-200","-200","-200","4322","4322","4322"
"1383952","-200","-200","-200","5283","5283","5283","","","","","",""
"1383976","-200","-200","-200","5284","5284","5284","","","","","",""
"1384000","-200","-200","-200","5285","5285","5285","-200","-200","-200","4325","4325","4325"
"1384752","-200","-200","-200","5287","5287","5287","","","","","",""
"1384776","-200","-200","-200","5288","5288","5288","","","","","",""
"1384800","-200","-200","-200","5289","5289","5289","-200","-200","-200","4327","4327","4327"
"1385552","-200","-200","-200","5292","5292","5292","","","","","",""
"1385576","-200","-200","-200","5293","5293","5293","","","","","",""
"1385600","-200","-200","-200","5294","5294","5294","-200","-200","-200","4330","4330","4330"
"1386352","-200","-200","-200","5296","5296","5296","","","","","",""
"1386376","-200","-200","-200","5297","5297","5297","","","","","",""
"1386400","-200","-200","-200","5298","5298","5298","-200","-200","-200","4332","4332","4332"
"1387152","-200","-200","-200","5301","5301","5301","","","","","",""
"1387176","-200","-200","-200","5302","5302","5302","","","","","",""
"1387200","-200","-200","-200","5303","5303","5303","-200","-200","-200","4335","4335","4335"
"1387952","-200","-200","-200","5305","5305","5305","","","","","",""
"1387976","-200","-200","-200","5306","5306","5306","","","","","",""
"1388000","-200","-200","-200","5307","5307","5307","-200","-200","-200","4337","4337","4337"
"1388752","-200","-200","-200","5310","5310","5310","","","","","",""
"1388776","-200","-200","-200","5311","5311","5311","","","","","",""
"1388800","-200","-200","-200","5312","5312","5312","-200","-200","-200","4340","4340","4340"
"1389552","-200","-200","-200","5314","5314","5314","","","","","",""
"1389576","-200","-200","-200","5316","5316","5316","","","","","",""
"1389600","-200","-200","-200","5317","5317","5317","-200","-200","-200","4343","4343","4343"
"1390352","-200","-200","-200","5319","5319","5319","","","","","",""
"1390376","-200","-200","-200","5320","5320","5320","","","","","",""
"1390400","-200","-200","-200","5321","5321","5321","-200","-200","-200","4345","4345","4345"
"1391152","-200","-200","-200","5324","5324","5324","","","","","",""
"1391176","-200","-200","-200","5325","5325","5325","","","","","",""
"1391200","-200","-200","-200","5326","5326","5326","-200","-200","-200","4348","4348","4348"
"1391952","-200","-200","-200","5328","5328","5328","","","","","",""
"1391976","-200","-200","-200","5329","5329","5329","","","","","",""
"1392000","-200","-200","-200","5330","5330","5330","-200","-200","-200","4350","4350","4350"
"1392752","-200","-200","-200","5333","5333","5333","","","","","",""
"1392776","-200","-200","-200","5334","5334","5334","","","","","",""
"1392800","-200","-200","-200","5335","5335","5335","-200","-200","-200","4353","4353","4353"
"1393552","-200","-200","-200","5337","5337","5337","","","","","",""
"1393576","-200","-200","-200","5338","5338","5338","","","","","",""
"1393600","-200","-200","-200","5339","5339","5339","-200","-200","-200","4355","4355","4355"
"1394352","-200","-200","-200","5342","5342","5342","","","","","",""
"1394376","-200","-200","-200","5343","5343","5343","","","","","",""
"1394400","-200","-200","-200","5344","5344","5344","-200","-200","-200","4358","4358","4358"
"1395152","-200","-200","-200","5346","5346","5346","","","","","",""
"1395176","-200","-200","-200","5347","5347","5347","","","","","",""
"1395200","-200","-200","-200","5348","5348","5348","-200","-200","-200","4360","4360","4360"
"1395952","-200","-200","-200","5350","5350","5350","","","","","",""
"1395976","-200","-200","-200","5351","5351","5351","","","","","",""
"1396000","-200","-200","-200","5352","5352","5352","-200","-200","-200","4362","4362","4362"
"1396752","-200","-200","-200","5355","5355","5355","","","","","",""
"1396776","-200","-200","-200","5356","5356","5356","","","","","",""
"1396800","-200","-200","-200","5357","5357","5357","-200","-200","-200","4365","4365","4365"
"1397552","-200","-200","-200","5359","5359","5359","","","","","",""
"1397576","-200","-200","-200","5360","5360","5360","","","","","",""
"1397600","-200","-200","-200","5361","5361","5361","-200","-200","-200","4367","4367","4367"
"1398352","-200","-200","-200","5364","5364","5364","","","","","",""
"1398376","-200","-200","-200","5365","5365","5365","","","","","",""
"1398400","-200","-200","-200","5366","5366","5366","-200","-200","-200","4370","4370","4370"
"1399152","-200","-200","-200","5368","5368","5368","","","","","",""
"1399176","-200","-200","-200","5369","5369","5369","","","","","",""
"1399200","-200","-200","-200","5370","5370","5370","-200","-200","-200","4372","4372","4372"
"1399952","-200","-200","-200","5373","5373","5373","","","","","",""
"1399976","-200","-200","-200","5374","5374","5374","","","","","",""
"1400000","-200","-200","-200","5375","5375","5375","-200","-200","-200","4375","4375","4375"
"1400752","-200","-200","-200","5377","5377","5377","","","","","",""
"1400776","-200","-200","-200","5378","5378","5378","","","","","",""
"1400800","-200","-200","-200","5379","5379","5379","-200","-200","-200","4377","4377","4377"
"1401552","-200","-200","-200","5382","5382","5382","","","","","",""
"1401576","-200","-200","-200","5383","5383","5383","","","","","",""
"1401600","-200","-200","-200","5384","5384","5384","-200","-200","-200","4380","4380","4380"
"1402352","-200","-200","-200","5386","5386","5386","","","","","",""
"1402376","-200","-200","-200","5388","5388","5388","","","","","",""
"1402400","-200","-200","-200","5389","5389","5389","-200","-200","-200","4383","4383","4383"
"1403152","-200","-200","-200","5391","5391","5391","","","","","",""
"1403176","-200","-200","-200","5392","5392","5392","","","","","",""
"1403200","-200","-200","-200","5393","5393","5393","-200","-200","-200","4385","4385","4385"
"1403952","-200","-200","-200","5396","5396","5396","","","","","",""
"1403976","-200","-200","-200","5397","5397","5397","","","","","",""
"1404000","-200","-200","-200","5398","5398","5398","-200","-200","-200","4388","4388","4388"
"1404752","-200","-200","-200","5400","5400","5400","","","","","",""
"1404776","-200","-200","-200","5401","5401","5401","","","","","",""
"1404800","-200","-200","-200","5402","5402","5402","-200","-200","-200","4390","4390","4390"
"1405552","-200","-200","-200","5405","5405","5405","","","","","",""
"1405576","-200","-200","-200","5406","5406","5406","","","","","",""
"1405600","-200","-200","-200","5407","5407","5407","-200","-200","-200","4393","4393","4393"
"1406352","-200","-200","-200","5409","5409","5409","","","","","",""
"1406376","-200","-200","-200","5410","5410","5410","","","","","",""
"1406400","-200","-200","-200","5411","5411","5411","-200","-200","-200","4395","4395","4395"
"1407152","-200","-200","-200","5414","5414","5414","","","","","",""
"1407176","-200","-200","-200","5415","5415","5415","","","","","",""
"1407200","-200","-200","-200","5416","5416","5416","-200","-200","-200","4398","4398","4398"
"1407952","-200","-200","-200","5418","5418","5418","","","","","",""
"1407976","-200","-200","-200","5419","5419","5419","","","","","",""
"1408000","-200","-200","-200","5420","5420","5420","-200","-200","-200","4400","4400","4400"
"1408752","-200","-200","-200","5422","5422","5422","","","","","",""
"1408776","-200","-200","-200","5423","5423","5423","","","","","",""
"1408800","-200","-200","-200","5424","5424","5424","-200","-200","-200","4402","4402","4402"
"1409552","-200","-200","-200","5427","5427","5427","","","","","",""
"1409576","-200","-200","-200","5428","5428","5428","","","","","",""
"1409600","-200","-200","-200","5429","5429","5429","-200","-200","-200","4405","4405","4405"
"1410352","-200","-200","-200","5431","5431","5431","","","","","",""
"1410376","-200","-200","-200","5432","5432","5432","","","","","",""
"1410400","-200","-200","-200","5433","5433","5433","-200","-200","-200","4407","4407","4407"
"1411152","-200","-200","-200","5436","5436","5436","","","","","",""
"1411176","-200","-200","-200","5437","5437","5437","","","","","",""
"1411200","-200","-200","-200","5438","5438","5438","-200","-200","-200","4410","4410","4410"
"1411952","-200","-200","-200","5440","5440","5440","","","","","",""
"1411976","-200","-200","-200","5441","5441","5441","","","","","",""
"1412000","-200","-200","-200","5442","5442","5442","-200","-200","-200","4412","4412","4412"
"1412752","-200","-200","-200","5445","5445","5445","","","","","",""
"1412776","-200","-200","-200","5446","5446","5446","","","","","",""
"1412800","-200","-200","-200","5447","5447","5447","-200","-200","-200","4415","4415","4415"
"1413552","-200","-200","-200","5449","5449","5449","","","","","",""
"1413576","-200","-200","-200","5450","5450","5450","","","","","",""
"1413600","-200","-200","-200","5451","5451","5451","-200","-200","-200","4417","4417","4417"
"1414352","-200","-200","-200","5454","5454","5454","","","","","",""
"1414376","-200","-200","-200","5455","5455","5455","","","","","",""
"1414400","-200","-200","-200","5456","5456","5456","-200","-200","-200","4420","4420","4420"
"1415152","-200","-200","-200","5458","5458","5458","","","","","",""
"1415176","-200","-200","-200","5460","5460","5460","","","","","",""
"1415200","-200","-200","-200","5461","5461","5461","-200","-200","-200","4423","4423","4423"
"1415952","-200","-200","-200","5463","5463","5463","","","","","",""
"1415976","-200","-200","-200","5464","5464","5464","","","","","",""
"1416000","-200","-200","-200","5465","5465","5465","-200","-200","-200","4425","4425","4425"
"1416752","-200","-200","-200","5468","5468","5468","","","","","",""
"1416776","-200","-200","-200","5469","5469","5469","","","","","",""
"1416800","-200","-200","-200","5470","5470","5470","-200","-200","-200","4428","4428","4428"
"1417552","-200","-200","-200","5472","5472","5472","","","","","",""
"1417576","-200","-200","-200","5473","5473","5473","","","","","",""
"1417600","-200","-200","-200","5474","5474","5474","-200","-200","-200","4430","4430","4430"
"1418352","-200","-200","-200","5477","5477","5477","","","","","",""
"1418376","-200","-200","-200","5478","5478","5478","","","","","",""
"1418400","-200","-200","-200","5479","5479","5479","-200","-200","-200","4433","4433","4433"
"1419152","-200","-200","-200","5481","5481","5481","","","","","",""
"1419176","-200","-200","-200","5482","5482","5482","","","","","",""
"1419200","-200","-200","-200","5483","5483","5483","-200","-200","-200","4435","4435","4435"
"1419952","-200","-200","-200","5486","5486","5486","","","","","",""
"1419976","-200","-200","-200","5487","5487","5487","","","","","",""
"1420000","-200","-200","-200","5488","5488","5488","-200","-200","-200","4438","4438","4438"
"1420752","-200","-200","-200","5490","5490","5490","","","","","",""
"1420776","-200","-200","-200","5491","5491","5491","","","","","",""
"1420800","-200","-200","-200","5492","5492","5492","-200","-200","-200","4440","4440","4440"
"1421552","-200","-200","-200","5494","5494","5494","","","","","",""
"1421576","-200","-200","-200","5495","5495","5495","","","","","",""
"1421600","-200","-200","-200","5496","5496","5496","-200","-200","-200","4442","4442","4442"
"1422352","-200","-200","-200","5499","5499","5499","","","","","",""
"1422376","-200","-200","-200","5500","5500","5500","","","","","",""
"1422400","-200","-200","-200","5501","5501","5501","-200","-200","-200","4445","4445","4445"
"1423152","-200","-200","-200","5503","5503","5503","","","","","",""
"1423176","-200","-200","-200","5504","5504","5504","","","","","",""
"1423200","-200","-200","-200","5505","5505","5505","-200","-200","-200","4447","4447","4447"
"1423952","-200","-200","-200","5508","5508","5508","","","","","",""
"1423976","-200","-200","-200","5509","5509","5509","","","","","",""
"1424000","-200","-200","-200","5510","5510","5510","-200","-200","-200","4450","4450","4450"
"1424752","-200","-200","-200","5512","5512","5512","","","","","",""
"1424776","-200","-200","-200","5513","5513","5513","","","","","",""
"1424800","-200","-200","-200","5514","5514","5514","-200","-200","-200","4452","4452","4452"
"1425552","-200","-200","-200","5517","5517","5517","","","","","",""
"1425576","-200","-200","-200","5518","5518","5518","","","","","",""
"1425600","-200","-200","-200","5519","5519","5519","-200","-200","-200","4455","4455","4455"
"1426352","-200","-200","-200","5521","5521","5521","","","","","",""
"1426376","-200","-200","-200","5522","5522","5522","","","","","",""
"1426400","-200","-200","-200","5523","5523","5523","-200","-200","-200","4457","4457","4457"
"1427152","-200","-200","-200","5526","5526","5526","","","","","",""
"1427176","-200","-200","-200","5527","5527","5527","","","","","",""
"1427200","-200","-200","-200","5528","5528","5528","-200","-200","-200","4460","4460","4460"
"1427952","-200","-200","-200","5530","5530","5530","","","","","",""
"1427976","-200","-200","-200","5532","5532","5532","","","","","",""
"1428000","-200","-200","-200","5533","5533","5533","-200","-200","-200","4463","4463","4463"
"1428752","-200","-200","-200","5535","5535","5535","","","","","",""
"1428776","-200","-200","-200","5536","5536","5536","","","","","",""
"1428800","-200","-200","-200","5537","5537","5537","-200","-200","-200","4465","4465","4465"
"1429552","-200","-200","-200","5540","5540","5540","","","","","",""
"1429576","-200","-200","-200","5541","5541","5541","","","","","",""
"1429600","-200","-200","-200","5542","5542","5542","-200","-200","-200","4468","4468","4468"
"1430352","-200","-200","-200","5544","5544","5544","","","","","",""
"1430376","-200","-200","-200","5545","5545","5545","","","","","",""
"1430400","-200","-200","-200","5546","5546","5546","-200","-200","-200","4470","4470","4470"
"1431152","-200","-200","-200","5549","5549","5549","","","","","",""
"1431176","-200","-200","-200","5550","5550","5550","","","","","",""
"1431200","-200","-200","-200","5551","5551","5551","-200","-200","-200","4473","4473","4473"
"1431952","-200","-200","-200","5553","5553","5553","","","","","",""
"1431976","-200","-200","-200","5554","5554","5554","","","","","",""
"1432000","-200","-200","-200","5555","5555","5555","-200","-200","-200","4475","4475","4475"
"1432752","-200","-200","-200","5558","5558","5558","","","","","",""
"1432776","-200","-200","-200","5559","5559","5559","","","","","",""
"1432800","-200","-200","-200","5560","5560","5560","-200","-200","-200","4478","4478","4478"
"1433552","-200","-200","-200","5562","5562","5562","","","","","",""
"1433576","-200","-200","-200","5563","5563","5563","","","","","",""
"1433600","-200","-200","-200","5564","5564","5564","-200","-200","-200","4480","4480","4480"
"1434352","-200","-200","-200","5566","5566","5566","","","","","",""
"1434376","-200","-200","-200","5567","5567","5567","","","","","",""
"1434400","-200","-200","-200","5568","5568","5568","-200","-200","-200","4482","4482","4482"
"1435152","-200","-200","-200","5571","5571","5571","","","","","",""
"1435176","-200","-200","-200","5572","5572","5572","","","","","",""
"1435200","-200","-200","-200","5573","5573","5573","-200","-200","-200","4485","4485","4485"
"1435952","-200","-200","-200","5575","5575","5575","","","","","",""
"1435976","-200","-200","-200","5576","5576","5576","","","","","",""
"1436000","-200","-200","-200","5577","5577","5577","-200","-200","-200","4487","4487","4487"
"1436752","-200","-200","-200","5580","5580","5580","","","","","",""
"1436776","-200","-200","-200","5581","5581","5581","","","","","",""
"1436800","-200","-200","-200","5582","5582","5582","-200","-200","-200","4490","4490","4490"
"1437552","-200","-200","-200","5584","5584","5584","","","","","",""
"1437576","-200","-200","-200","5585","5585","5585","","","","","",""
"1437600","-200","-200","-200","5586","5586","5586","-200","-200","-200","4492","4492","4492"
"1438352","-200","-200","-200","5589","5589","5589","","","","","",""
"1438376","-200","-200","-200","5590","5590","5590","","","","","",""
"1438400","-200","-200","-200","5591","5591","5591","-200","-200","-200","4495","4495","4495"
"1439152","-200","-200","-200","5593","5593","5593","","","","","",""
"1439176","-200","-200","-200","5594","5594","5594","","","","","",""
"1439200","-200","-200","-200","5595","5595","5595","-200","-200","-200","4497","4497","4497"
"1439952","-200","-200","-200","5598","5598","5598","","","","","",""
"1439976","-200","-200","-200","5599","5599","5599","","","","","",""
"1440000","-200","-200","-200","5600","5600","5600","-200","-200","-200","4500","4500","4500"
"1440752","-200","-200","-200","5602","5602","5602","","","","","",""
"1440776","-200","-200","-200","5604","5604","5604","","","","","",""
"1440800","-200","-200","-200","5605","5605","5605","-200","-200","-200","4503","4503","4503"
"1441552","-200","-200","-200","5607","5607","5607","","","","","",""
"1441576","-200","-200","-200","5608","5608","5608","","","","","",""
"1441600","-200","-200","-200","5609","5609","5609","-200","-200","-200","4505","4505","4505"
"1442352","-200","-200","-200","5612","5612","5612","","","","","",""
"1442376","-200","-200","-200","5613","5613","5613","","","","","",""
"1442400","-200","-200","-200","5614","5614","5614","-200","-200","-200","4508","4508","4508"
"1443152","-200","-200","-200","5616","5616","5616","","","","","",""
"1443176","-200","-200","-200","5617","5617","5617","","","","","",""
"1443200","-200","-200","-200","5618","5618","5618","-200","-200","-200","4510","4510","4510"
"1443952","-200","-200","-200","5621","5621","5621","","","","","",""
"1443976","-200","-200","-200","5622","5622","5622","","","","","",""
"1444000","-200","-200","-200","5623","5623","5623","-200","-200","-200","4513","4513","4513"
"1444752","-200","-200","-200","5625","5625","5625","","","","","",""
"1444776","-200","-200","-200","5626","5626","5626","","","","","",""
"1444800","-200","-200","-200","5627","5627","5627","-200","-200","-200","4515","4515","4515"
"1445552","-200","-200","-200","5630","5630","5630","","","","","",""
"1445576","-200","-200","-200","5631","5631","5631","","","","","",""
"1445600","-200","-200","-200","5632","5632","5632","-200","-200","-200","4518","4518","4518"
"1446352","-200","-200","-200","5634","5634","5634","","","","","",""
"1446376","-200","-200","-200","5635","5635","5635","","","","","",""
"1446400","-200","-200","-200","5636","5636","5636","-200","-200","-200","4520","4520","4520"
"1447152","-200","-200","-200","5638","5638","5638","","","","","",""
"1447176","-200","-200","-200","5639","5639","5639","","","","","",""
"1447200","-200","-200","-200","5640","5640","5640","-200","-200","-200","4522","4522","4522"
"1447952","-200","-200","-200","5643","5643","5643","","","","","",""
"1447976","-200","-200","-200","5644","5644","5644","","","","","",""
"1448000","-200","-200","-200","5645","5645","5645","-200","-200","-200","4525","4525","4525"
"1448752","-200","-200","-200","5647","5647","5647","","","","","",""
"1448776","-200","-200","-200","5648","5648","5648","","","","","",""
"1448800","-200","-200","-200","5649","5649","5649","-200","-200","-200","4527","4527","4527"
"1449552","-200","-200","-200","5652","5652","5652","","","","","",""
"1449576","-200","-200","-200","5653","5653","5653","","","","","",""
"1449600","-200","-200","-200","5654","5654","5654","-200","-200","-200","4530","4530","4530"
"1450352","-200","-200","-200","5656","5656","5656","","","","","",""
"1450376","-200","-200","-200","5657","5657","5657","","","","","",""
"1450400","-200","-200","-200","5658","5658","5658","-200","-200","-200","4532","4532","4532"
"1451152","-200","-200","-200","5661","5661","5661","","","","","",""
"1451176","-200","-200","-200","5662","5662","5662","","","","","",""
"1451200","-200","-200","-200","5663","5663","5663","-200","-200","-200","4535","4535","4535"
"1451952","-200","-200","-200","5665","5665","5665","","","","","",""
"1451976","-200","-200","-200","5666","5666","5666","","","","","",""
"1452000","-200","-200","-200","5667","5667","5667","-200","-200","-200","4537","4537","4537"
"1452752","-200","-200","-200","5670","5670","5670","","","","","",""
"1452776","-200","-200","-200","5671","5671","5671","","","","","",""
"1452800","-200","-200","-200","5672","5672","5672","-200","-200","-200","4540","4540","4540"
"1453552","-200","-200","-200","5674","5674","5674","","","","","",""
"1453576","-200","-200","-200","5676","5676","5676","","","","","",""
"1453600","-200","-200","-200","5677","5677","5677","-200","-200","-200","4543","4543","4543"
"1454352","-200","-200","-200","5679","5679","5679","","","","","",""
"1454376","-200","-200","-200","5680","5680","5680","","","","","",""
"1454400","-200","-200","-200","5681","5681","5681","-200","-200","-200","4545","4545","4545"
"1455152","-200","-200","-200","5684","5684","5684","","","","","",""
"1455176","-200","-200","-200","5685","5685","5685","","","","","",""
"1455200","-200","-200","-200","5686","5686","5686","-200","-200","-200","4548","4548","4548"
"1455952","-200","-200","-200","5688","5688","5688","","","","","",""
"1455976","-200","-200","-200","5689","5689","5689","","","","","",""
"1456000","-200","-200","-200","5690","5690","5690","-200","-200","-200","4550","4550","4550"
"1456752","-200","-200","-200","5693","5693","5693","","","","","",""
"1456776","-200","-200","-200","5694","5694","5694","","","","","",""
"1456800","-200","-200","-200","5695","5695","5695","-200","-200","-200","4553","4553","4553"
"1457552","-200","-200","-200","5697","5697","5697","","","","","",""
"1457576","-200","-200","-200","5698","5698","5698","","","","","",""
"1457600","-200","-200","-200","5699","5699","5699","-200","-200","-200","4555","4555","4555"
"1458352","-200","-200","-200","5702","5702","5702","","","","","",""
"1458376","-200","-200","-200","5703","5703","5703","","","","","",""
"1458400","-200","-200","-200","5704","5704","5704","-200","-200","-200","4558","4558","4558"
"1459152","-200","-200","-200","5706","5706","5706","","","","","",""
"1459176","-200","-200","-200","5707","5707","5707","","","","","",""
"1459200","-200","-200","-200","5708","5708","5708","-200","-200","-200","4560","4560","4560"
"1459952","-200","-200","-200","5710","5710","5710","","","","","",""
"1459976","-200","-200","-200","5711","5711","5711","","","","","",""
"1460000","-200","-200","-200","5712","5712","5712","-200","-200","-200","4562","4562","4562"
"1460752","-200","-200","-200","5715","5715","5715","","","","","",""
"1460776","-200","-200","-200","5716","5716","5716","","","","","",""
"1460800","-200","-200","-200","5717","5717","5717","-200","-200","-200","4565","4565","4565"
"1461552","-200","-200","-200","5719","5719","5719","","","","","",""
"1461576","-200","-200","-200","5720","5720","5720","","","","","",""
"1461600","-200","-200","-200","5721","5721","5721","-200","-200","-200","4567","4567","4567"
"1462352","-200","-200","-200","5724","5724","5724","","","","","",""
"1462376","-200","-200","-200","5725","5725","5725","","","","","",""
"1462400","-200","-200","-200","5726","5726","5726","-200","-200","-200","4570","4570","4570"
"1463152","-200","-200","-200","5728","5728","5728","","","","","",""
"1463176","-200","-200","-200","5729","5729","5729","","","","","",""
"1463200","-200","-200","-200","5730","5730","5730","-200","-200","-200","4572","4572","4572"
"1463952","-200","-200","-200","5733","5733","5733","","","","","",""
"1463976","-200","-200","-200","5734","5734","5734","","","","","",""
"1464000","-200","-200","-200","5735","5735","5735","-200","-200","-200","4575","4575","4575"
"1464752","-200","-200","-200","5737","5737","5737","","","","","",""
"1464776","-200","-200","-200","5738","5738","5738","","","","","",""
"1464800","-200","-200","-200","5739","5739","5739","-200","-200","-200","4577","4577","4577"
"1465552","-200","-200","-200","5742","5742","5742","","","","","",""
"1465576","-200","-200","-200","5743","5743","5743","","","","","",""
"1465600","-200","-200","-200","5744","5744","5744","-200","-200","-200","4580","4580","4580"
"1466352","-200","-200","-200","5746","5746","5746","","","","","",""
"1466376","-200","-200","-200","5748","5748","5748","","","","","",""
"1466400","-200","-200","-200","5749","5749","5749","-200","-200","-200","4583","4583","4583"
"1467152","-200","-200","-200","5751","5751","5751","","","","","",""
"1467176","-200","-200","-200","5752","5752","5752","","","","","",""
"1467200","-200","-200","-200","5753","5753","5753","-200","-200","-200","4585","4585","4585"
"1467952","-200","-200","-200","5756","5756","5756","","","","","",""
"1467976","-200","-200","-200","5757","5757","5757","","","","","",""
"1468000","-200","-200","-200","5758","5758","5758","-200","-200","-200","4588","4588","4588"
"1468752","-200","-200","-200","5760","5760","5760","","","","","",""
"1468776","-200","-200","-200","5761","5761","5761","","","","","",""
"1468800","-200","-200","-200","5762","5762","5762","-200","-200","-200","4590","4590","4590"
"1469552","-200","-200","-200","5765","5765","5765","","","","","",""
"1469576","-200","-200","-200","5766","5766","5766","","","","","",""
"1469600","-200","-200","-200","5767","5767","5767","-200","-200","-200","4593","4593","4593"
"1470352","-200","-200","-200","5769","5769","5769","","","","","",""
"1470376","-200","-200","-200","5770","5770","5770","","","","","",""
"1470400","-200","-200","-200","5771","5771","5771","-200","-200","-200","4595","4595","4595"
"1471152","-200","-200","-200","5774","5774","5774","","","","","",""
"1471176","-200","-200","-200","5775","5775","5775","","","","","",""
"1471200","-200","-200","-200","5776","5776","5776","-200","-200","-200","4598","4598","4598"
"1471952","-200","-200","-200","5778","5778","5778","","","","","",""
"1471976","-200","-200","-200","5779","5779","5779","","","","","",""
"1472000","-200","-200","-200","5780","5780","5780","-200","-200","-200","4600","4600","4600"
"1472752","-200","-200","-200","5782","5782","5782","","","","","",""
"1472776","-200","-200","-200","5783","5783","5783","","","","","",""
"1472800","-200","-200","-200","5784","5784","5784","-200","-200","-200","4602","4602","4602"
"1473552","-200","-200","-200","5787","5787","5787","","","","","",""
"1473576","-200","-200","-200","5788","5788","5788","","","","","",""
"1473600","-200","-200","-200","5789","5789","5789","-200","-200","-200","4605","4605","4605"
"1474352","-200","-200","-200","5791","5791","5791","","","","","",""
"1474376","-200","-200","-200","5792","5792","5792","","","","","",""
"1474400","-200","-200","-200","5793","5793","5793","-200","-200","-200","4607","4607","4607"
"1475152","-200","-200","-200","5796","5796","5796","","","","","",""
"1475176","-200","-200","-200","5797","5797","5797","","","","","",""
"1475200","-200","-200","-200","5798","5798","5798","-200","-200","-200","4610","4610","4610"
"1475952","-200","-200","-200","5800","5800","5800","","","","","",""
"1475976","-200","-200","-200","5801","5801","5801","","","","","",""
"1476000","-200","-200","-200","5802","5802","5802","-200","-200","-200","4612","4612","4612"
"1476752","-200","-200","-200","5805","5805","5805","","","","","",""
"1476776","-200","-200","-200","5806","5806","5806","","","","","",""
"1476800","-200","-200","-200","5807","5807","5807","-200","-200","-200","4615","4615","4615"
"1477552","-200","-200","-200","5809","5809","5809","","","","","",""
"1477576","-200","-200","-200","5810","5810","5810","","","","","",""
"1477600","-200","-200","-200","5811","5811","5811","-200","-200","-200","4617","4617","4617"
"1478352","-200","-200","-200","5814","5814","5814","","","","","",""
"1478376","-200","-200","-200","5815","5815","5815","","","","","",""
"1478400","-200","-200","-200","5816","5816","5816","-200","-200","-200","4620","4620","4620"
"1479152","-200","-200","-200","5818","5818","5818","","","","","",""
"1479176","-200","-200","-200","5820","5820","5820","","","","","",""
"1479200","-200","-200","-200","5821","5821","5821","-200","-200","-200","4623","4623","4623"
"1479952","-200","-200","-200","5823","5823","5823","","","","","",""
"1479976","-200","-200","-200","5824","5824","5824","","","","","",""
"1480000","-200","-200","-200","5825","5825","5825","-200","-200","-200","4625","4625","4625"
"1480752","-200","-200","-200","5828","5828","5828","","","","","",""
"1480776","-200","-200","-200","5829","5829","5829","","","","","",""
"1480800","-200","-200","-200","5830","5830","5830","-200","-200","-200","4628","4628","4628"
"1481552","-200","-200","-200","5832","5832","5832","","","","","",""
"1481576","-200","-200","-200","5833","5833","5833","","","","","",""
"1481600","-200","-200","-200","5834","5834","5834","-200","-200","-200","4630","4630","4630"
"1482352","-200","-200","-200","5837","5837","5837","","","","","",""
"1482376","-200","-200","-200","5838","5838","5838","","","","","",""
"1482400","-200","-200","-200","5839","5839","5839","-200","-200","-200","4633","4633","4633"
"1483152","-200","-200","-200","5841","5841","5841","","","","","",""
"1483176","-200","-200","-200","5842","5842","5842","","","","","",""
"1483200","-200","-200","-200","5843","5843","5843","-200","-200","-200","4635","4635","4635"
"1483952","-200","-200","-200","5846","5846","5846","","","","","",""
"1483976","-200","-200","-200","5847","5847","5847","","","","","",""
"1484000","-200","-200","-200","5848","5848","5848","-200","-200","-200","4638","4638","4638"
"1484752","-200","-200","-200","5850","5850","5850","","","","","",""
"1484776","-200","-200","-200","5851","5851","5851","","","","","",""
"1484800","-200","-200","-200","5852","5852","5852","-200","-200","-200","4640","4640","4640"
"1485552","-200","-200","-200","5854","5854","5854","","","","","",""
"1485576","-200","-200","-200","5855","5855","5855","","","","","",""
"1485600","-200","-200","-200","5856","5856","5856","-200","-200","-200","4642","4642","4642"
"1486352","-200","-200","-200","5859","5859","5859","","","","","",""
"1486376","-200","-200","-200","5860","5860","5860","","","","","",""
"1486400","-200","-200","-200","5861","5861","5861","-200","-200","-200","4645","4645","4645"
"1487152","-200","-200","-200","5863","5863","5863","","","","","",""
"1487176","-200","-200","-200","5864","5864","5864","","","","","",""
"1487200","-200","-200","-200","5865","5865","5865","-200","-200","-200","4647","4647","4647"
"1487952","-200","-200","-200","5868","5868","5868","","","","","",""
"1487976","-200","-200","-200","5869","5869","5869","","","","","",""
"1488000","-200","-200","-200","5870","5870","5870","-200","-200","-200","4650","4650","4650"
"1488752","-200","-200","-200","5872","5872","5872","","","","","",""
"1488776","-200","-200","-200","5873","5873","5873","","","","","",""
"1488800","-200","-200","-200","5874","5874","5874","-200","-200","-200","4652","4652","4652"
"1489552","-200","-200","-200","5877","5877","5877","","","","","",""
"1489576","-200","-200","-200","5878","5878","5878","","","","","",""
"1489600","-200","-200","-200","5879","5879","5879","-200","-200","-200","4655","4655","4655"
"1490352","-200","-200","-200","5881","5881","5881","","","","","",""
"1490376","-200","-200","-200","5882","5882","5882","","","","","",""
"1490400","-200","-200","-200","5883","5883","5883","-200","-200","-200","4657","4657","4657"
"1491152","-200","-200","-200","5886","5886","5886","","","","","",""
"1491176","-200","-200","-200","5887","5887","5887","","","","","",""
"1491200","-200","-200","-200","5888","5888","5888","-200","-200","-200","4660","4660","4660"
"1491952","-200","-200","-200","5890","5890","5890","","","","","",""
"1491976","-200","-200","-200","5892","5892","5892","","","","","",""
"1492000","-200","-200","-200","5893","5893","5893","-200","-200","-200","4663","4663","4663"
"1492752","-200","-200","-200","5895","5895","5895","","","","","",""
"1492776","-200","-200","-200","5896","5896","5896","","","","","",""
"1492800","-200","-200","-200","5897","5897","5897","-200","-200","-200","4665","4665","4665"
"1493552","-200","-200","-200","5900","5900","5900","","","","","",""
"1493576","-200","-200","-200","5901","5901","5901","","","","","",""
"1493600","-200","-200","-200","5902","5902","5902","-200","-200","-200","4668","4668","4668"
"1494352","-200","-200","-200","5904","5904","5904","","","","","",""
"1494376","-200","-200","-200","5905","5905","5905","","","","","",""
"1494400","-200","-200","-200","5906","5906","5906","-200","-200","-200","4670","4670","4670"
"1495152","-200","-200","-200","5909","5909","5909","","","","","",""
"1495176","-200","-200","-200","5910","5910","5910","","","","","",""
"1495200","-200","-200","-200","5911","5911","5911","-200","-200","-200","4673","4673","4673"
"1495952","-200","-200","-200","5913","5913","5913","","","","","",""
"1495976","-200","-200","-200","5914","5914","5914","","","","","",""
"1496000","-200","-200","-200","5915","5915","5915","-200","-200","-200","4675","4675","4675"
"1496752","-200","-200","-200","5918","5918","5918","","","","","",""
"1496776","-200","-200","-200","5919","5919","5919","","","","","",""
"1496800","-200","-200","-200","5920","5920","5920","-200","-200","-200","4678","4678","4678"
"1497552","-200","-200","-200","5922","5922","5922","","","","","",""
"1497576","-200","-200","-200","5923","5923","5923","","","","","",""
"1497600","-200","-200","-200","5924","5924","5924","-200","-200","-200","4680","4680","4680"
"1498352","-200","-200","-200","5926","5926","5926","","","","","",""
"1498376","-200","-200","-200","5927","5927","5927","","","","","",""
"1498400","-200","-200","-200","5928","5928","5928","-200","-200","-200","4682","4682","4682"
"1499152","-200","-200","-200","5931","5931","5931","","","","","",""
"1499176","-200","-200","-200","5932","5932","5932","","","","","",""
"1499200","-200","-200","-200","5933","5933","5933","-200","-200","-200","4685","4685","4685"
"1499952","-200","-200","-200","5935","5935","5935","","","","","",""
"1499976","-200","-200","-200","5936","5936","5936","","","","","",""
"1500000","-200","-200","-200","5937","5937","5937","-200","-200","-200","4687","4687","4687"
"1500752","-200","-200","-200","5940","5940","5940","","","","","",""
"1500776","-200","-200","-200","5941","5941","5941","","","","","",""
"1500800","-200","-200","-200","5942","5942","5942","-200","-200","-200","4690","4690","4690"
"1501552","-200","-200","-200","5944","5944","5944","","","","","",""
"1501576","-200","-200","-200","5945","5945","5945","","","","","",""
"1501600","-200","-200","-200","5946","5946","5946","-200","-200","-200","4692","4692","4692"
"1502352","-200","-200","-200","5949","5949","5949","","","","","",""
"1502376","-200","-200","-200","5950","5950","5950","","","","","",""
"1502400","-200","-200","-200","5951","5951","5951","-200","-200","-200","4695","4695","4695"
"1503152","-200","-200","-200","5953","5953","5953","","","","","",""
"1503176","-200","-200","-200","5954","5954","5954","","","","","",""
"1503200","-200","-200","-200","5955","5955","5955","-200","-200","-200","4697","4697","4697"
"1503952","-200","-200","-200","5958","5958","5958","","","","","",""
"1503976","-200","-200","-200","5959","5959","5959","","","","","",""
"1504000","-200","-200","-200","5960","5960","5960","-200","-200","-200","4700","4700","4700"
"1504752","-200","-200","-200","5962","5962","5962","","","","","",""
"1504776","-200","-200","-200","5964","5964","5964","","","","","",""
"1504800","-200","-200","-200","5965","5965","5965","-200","-200","-200","4703","4703","4703"
"1505552","-200","-200","-200","5967","5967","5967","","","","","",""
"1505576","-200","-200","-200","5968","5968","5968","","","","","",""
"1505600","-200","-200","-200","5969","5969","5969","-200","-200","-200","4705","4705","4705"
"1506352","-200","-200","-200","5972","5972","5972","","","","","",""
"1506376","-200","-200","-200","5973","5973","5973","","","","","",""
"1506400","-200","-200","-200","5974","5974","5974","-200","-200","-200","4708","4708","4708"
"1507152","-200","-200","-200","5976","5976","5976","","","","","",""
"1507176","-200","-200","-200","5977","5977","5977","","","","","",""
"1507200","-200","-200","-200","5978","5978","5978","-200","-200","-200","4710","4710","4710"
"1507952","-200","-200","-200","5981","5981","5981","","","","","",""
"1507976","-200","-200","-200","5982","5982","5982","","","","","",""
"1508000","-200","-200","-200","5983","5983","5983","-200","-200","-200","4713","4713","4713"
"1508752","-200","-200","-200","5985","5985","5985","","","","","",""
"1508776","-200","-200","-200","5986","5986","5986","","","","","",""
"1508800","-200","-200","-200","5987","5987","5987","-200","-200","-200","4715","4715","4715"
"1509552","-200","-200","-200","5990","5990","5990","","","","","",""
"1509576","-200","-200","-200","5991","5991","5991","","","","","",""
"1509600","-200","-200","-200","5992","5992","5992","-200","-200","-200","4718","4718","4718"
"1510352","-200","-200","-200","5994","5994","5994","","","","","",""
"1510376","-200","-200","-200","5995","5995","5995","","","","","",""
"1510400","-200","-200","-200","5996","5996","5996","-200","-200","-200","4720","4720","4720"
"1511152","-200","-200","-200","5998","5998","5998","","","","","",""
"1511176","-200","-200","-200","5999","5999","5999","","","","","",""
"1511200","-200","-200","-200","6000","6000","6000","-200","-200","-200","4722","4722","4722"
"1511952","-200","-200","-200","6003","6003","6003","","","","","",""
"1511976","-200","-200","-200","6004","6004","6004","","","","","",""
"1512000","-200","-200","-200","6005","6005","6005","-200","-200","-200","4725","4725","4725"
"1512752","-200","-200","-200","6007","6007","6007","","","","","",""
"1512776","-200","-200","-200","6008","6008","6008","","","","","",""
"1512800","-200","-200","-200","6009","6009","6009","-200","-200","-200","4727","4727","4727"
"1513552","-200","-200","-200","6012","6012","6012","","","","","",""
"1513576","-200","-200","-200","6013","6013","6013","","","","","",""
"1513600","-200","-200","-200","6014","6014","6014","-200","-200","-200","4730","4730","4730"
"1514352","-200","-200","-200","6016","6016","6016","","","","","",""
"1514376","-200","-200","-200","6017","6017","6017","","","","","",""
"1514400","-200","-200","-200","6018","6018","6018","-200","-200","-200","4732","4732","4732"
"1515152","-200","-200","-200","6021","6021","6021","","","","","",""
"1515176","-200","-200","-200","6022","6022","6022","","","","","",""
"1515200","-200","-200","-200","6023","6023","6023","-200","-200","-200","4735","4735","4735"
"1515952","-200","-200","-200","6025","6025","6025","","","","","",""
"1515976","-200","-200","-200","6026","6026","6026","","","","","",""
"1516000","-200","-200","-200","6027","6027","6027","-200","-200","-200","4737","4737","4737"
"1516752","-200","-200","-200","6030","6030","6030","","","","","",""
"1516776","-200","-200","-200","6031","6031","6031","","","","","",""
"1516800","-200","-200","-200","6032","6032","6032","-200","-200","-200","4740","4740","4740"
"1517552","-200","-200","-200","6034","6034","6034","","","","","",""
"1517576","-200","-200","-200","6036","6036","6036","","","","","",""
"1517600","-200","-200","-200","6037","6037","6037","-200","-200","-200","4743","4743","4743"
"1518352","-200","-200","-200","6039","6039","6039","","","","","",""
"1518376","-200","-200","-200","6040","6040","6040","","","","","",""
"1518400","-200","-200","-200","6041","6041","6041","-200","-200","-200","4745","4745","4745"
"1519152","-200","-200","-200","6044","6044","6044","","","","","",""
"1519176","-200","-200","-200","6045","6045","6045","","","","","",""
"1519200","-200","-200","-200","6046","6046","6046","-200","-200","-200","4748","4748","4748"
"1519952","-200","-200","-200","6048","6048","6048","","","","","",""
"1519976","-200","-200","-200","6049","6049","6049","","","","","",""
"1520000","-200","-200","-200","6050","6050","6050","-200","-200","-200","4750","4750","4750"
"1520752","-200","-200","-200","6053","6053","6053","","","","","",""
"1520776","-200","-200","-200","6054","6054","6054","","","","","",""
"1520800","-200","-200","-200","6055","6055","6055","-200","-200","-200","4753","4753","4753"
"1521552","-200","-200","-200","6057","6057","6057","","","","","",""
"1521576","-200","-200","-200","6058","6058","6058","","","","","",""
"1521600","-200","-200","-200","6059","6059","6059","-200","-200","-200","4755","4755","4755"
"1522352","-200","-200","-200","6062","6062","6062","","","","","",""
"1522376","-200","-200","-200","6063","6063","6063","","","","","",""
"1522400","-200","-200","-200","6064","6064","6064","-200","-200","-200","4758","4758","4758"
"1523152","-200","-200","-200","6066","6066","6066","","","","","",""
"1523176","-200","-200","-200","6067","6067","6067","","","","","",""
"1523200","-200","-200","-200","6068","6068","6068","-200","-200","-200","4760","4760","4760"
"1523952","-200","-200","-200","6070","6070","6070","","","","","",""
"1523976","-200","-200","-200","6071","6071","6071","","","","","",""
"1524000","-200","-200","-200","6072","6072","6072","-200","-200","-200","4762","4762","4762"
"1524752","-200","-200","-200","6075","6075","6075","","","","","",""
"1524776","-200","-200","-200","6076","6076","6076","","","","","",""
"1524800","-200","-200","-200","6077","6077","6077","-200","-200","-200","4765","4765","4765"
"1525552","-200","-200","-200","6079","6079","6079","","","","","",""
"1525576","-200","-200","-200","6080","6080","6080","","","","","",""
"1525600","-200","-200","-200","6081","6081","6081","-200","-200","-200","4767","4767","4767"
"1526352","-200","-200","-200","6084","6084","6084","","","","","",""
"1526376","-200","-200","-200","6085","6085","6085","","","","","",""
"1526400","-200","-200","-200","6086","6086","6086","-200","-200","-200","4770","4770","4770"
"1527152","-200","-200","-200","6088","6088","6088","","","","","",""
"1527176","-200","-200","-200","6089","6089","6089","","","","","",""
"1527200","-200","-200","-200","6090","6090","6090","-200","-200","-200","4772","4772","4772"
"1527952","-200","-200","-200","6093","6093","6093","","","","","",""
"1527976","-200","-200","-200","6094","6094","6094","","","","","",""
"1528000","-200","-200","-200","6095","6095","6095","-200","-200","-200","4775","4775","4775"
"1528752","-200","-200","-200","6097","6097","6097","","","","","",""
"1528776","-200","-200","-200","6098","6098","6098","","","","","",""
"1528800","-200","-200","-200","6099","6099","6099","-200","-200","-200","4777","4777","4777"
"1529552","-200","-200","-200","6102","6102","6102","","","","","",""
"1529576","-200","-200","-200","6103","6103","6103","","","","","",""
"1529600","-200","-200","-200","6104","6104","6104","-200","-200","-200","4780","4780","4780"
"1530352","-200","-200","-200","6106","6106","6106","","","","","",""
"1530376","-200","-200","-200","6108","6108","6108","","","","","",""
"1530400","-200","-200","-200","6109","6109","6109","-200","-200","-200","4783","4783","4783"
"1531152","-200","-200","-200","6111","6111","6111","","","","","",""
"1531176","-200","-200","-200","6112","6112","6112","","","","","",""
"1531200","-200","-200","-200","6113","6113","6113","-200","-200","-200","4785","4785","4785"
"1531952","-200","-200","-200","6116","6116","6116","","","","","",""
"1531976","-200","-200","-200","6117","6117","6117","","","","","",""
"1532000","-200","-200","-200","6118","6118","6118","-200","-200","-200","4788","4788","4788"
"1532752","-200","-200","-200","6120","6120","6120","","","","","",""
"1532776","-200","-200","-200","6121","6121","6121","","","","","",""
"1532800","-200","-200","-200","6122","6122","6122","-200","-200","-200","4790","4790","4790"
"1533552","-200","-200","-200","6125","6125","6125","","","","","",""
"1533576","-200","-200","-200","6126","6126","6126","","","","","",""
"1533600","-200","-200","-200","6127","6127","6127","-200","-200","-200","4793","4793","4793"
"1534352","-200","-200","-200","6129","6129","6129","","","","","",""
"1534376","-200","-200","-200","6130","6130","6130","","","","","",""
"1534400","-200","-200","-200","6131","6131","6131","-200","-200","-200","4795","4795","4795"
"1535152","-200","-200","-200","6134","6134","6134","","","","","",""
"1535176","-200","-200","-200","6135","6135","6135","","","","","",""
"1535200","-200","-200","-200","6136","6136","6136","-200","-200","-200","4798","4798","4798"
"1535952","-200","-200","-200","6138","6138","6138","","","","","",""
"1535976","-200","-200","-200","6139","6139","6139","","","","","",""
"1536000","-200","-200","-200","6140","6140","6140","-200","-200","-200","4800","4800","4800"
"1536752","-200","-200","-200","6142","6142","6142","","","","","",""
"1536776","-200","-200","-200","6143","6143","6143","","","","","",""
"1536800","-200","-200","-200","6144","6144","6144","-200","-200","-200","4802","4802","4802"
"1537552","-200","-200","-200","6147","6147","6147","","","","","",""
"1537576","-200","-200","-200","6148","6148","6148","","","","","",""
"1537600","-200","-200","-200","6149","6149","6149","-200","-200","-200","4805","4805","4805"
"1538352","-200","-200","-200","6151","6151","6151","","","","","",""
"1538376","-200","-200","-200","6152","6152","6152","","","","","",""
"1538400","-200","-200","-200","6153","6153","6153","-200","-200","-200","4807","4807","4807"
"1539152","-200","-200","-200","6156","6156","6156","","","","","",""
"1539176","-200","-200","-200","6157","6157","6157","","","","","",""
"1539200","-200","-200","-200","6158","6158","6158","-200","-200","-200","4810","4810","4810"
"1539952","-200","-200","-200","6160","6160","6160","","","","","",""
"1539976","-200","-200","-200","6161","6161","6161","","","","","",""
"1540000","-200","-200","-200","6162","6162","6162","-200","-200","-200","4812","4812","4812"
"1540752","-200","-200","-200","6165","6165","6165","","","","","",""
"1540776","-200","-200","-200","6166","6166","6166","","","","","",""
"1540800","-200","-200","-200","6167","6167","6167","-200","-200","-200","4815","4815","4815"
"1541552","-200","-200","-200","6169","6169","6169","","","","","",""
"1541576","-200","-200","-200","6170","6170","6170","","","","","",""
"1541600","-200","-200","-200","6171","6171","6171","-200","-200","-200","4817","4817","4817"
"1542352","-200","-200","-200","6174","6174","6174","","","","","",""
"1542376","-200","-200","-200","6175","6175","6175","","","","","",""
"1542400","-200","-200","-200","6176","6176","6176","-200","-200","-200","4820","4820","4820"
"1543152","-200","-200","-200","6178","6178","6178","","","","","",""
"1543176","-200","-200","-200","6180","6180","6180","","","","","",""
"1543200","-200","-200","-200","6181","6181","6181","-200","-200","-200","4823","4823","4823"
"1543952","-200","-200","-200","6183","6183","6183","","","","","",""
"1543976","-200","-200","-200","6184","6184","6184","","","","","",""
"1544000","-200","-200","-200","6185","6185","6185","-200","-200","-200","4825","4825","4825"
"1544752","-200","-200","-200","6188","6188","6188","","","","","",""
"1544776","-200","-200","-200","6189","6189","6189","","","","","",""
"1544800","-200","-200","-200","6190","6190","6190","-200","-200","-200","4828","4828","4828"
"1545552","-200","-200","-200","6192","6192","6192","","","","","",""
"1545576","-200","-200","-200","6193","6193","6193","","","","","",""
"1545600","-200","-200","-200","6194","6194","6194","-200","-200","-200","4830","4830","4830"
"1546352","-200","-200","-200","6197","6197","6197","","","","","",""
"1546376","-200","-200","-200","6198","6198","6198","","","","","",""
"1546400","-200","-200","-200","6199","6199","6199","-200","-200","-200","4833","4833","4833"
"1547152","-200","-200","-200","6201","6201","6201","","","","","",""
"1547176","-200","-200","-200","6202","6202","6202","","","","","",""
"1547200","-200","-200","-200","6203","6203","6203","-200","-200","-200","4835","4835","4835"
"1547952","-200","-200","-200","6206","6206","6206","","","","","",""
"1547976","-200","-200","-200","6207","6207","6207","","","","","",""
"1548000","-200","-200","-200","6208","6208","6208","-200","-200","-200","4838","4838","4838"
"1548752","-200","-200","-200","6210","6210","6210","","","","","",""
"1548776","-200","-200","-200","6211","6211","6211","","","","","",""
"1548800","-200","-200","-200","6212","6212","6212","-200","-200","-200","4840","4840","4840"
"1549552","-200","-200","-200","6214","6214","6214","","","","","",""
"1549576","-200","-200","-200","6215","6215","6215","","","","","",""
"1549600","-200","-200","-200","6216","6216","6216","-200","-200","-200","4842","4842","4842"
"1550352","-200","-200","-200","6219","6219","6219","","","","","",""
"1550376","-200","-200","-200","6220","6220","6220","","","","","",""
"1550400","-200","-200","-200","6221","6221","6221","-200","-200","-200","4845","4845","4845"
"1551152","-200","-200","-200","6223","6223","6223","","","","","",""
"1551176","-200","-200","-200","6224","6224","6224","","","","","",""
"1551200","-200","-200","-200","6225","6225","6225","-200","-200","-200","4847","4847","4847"
"1551952","-200","-200","-200","6228","6228","6228","","","","","",""
"1551976","-200","-200","-200","6229","6229","6229","","","","","",""
"1552000","-200","-200","-200","6230","6230","6230","-200","-200","-200","4850","4850","4850"
"1552752","-200","-200","-200","6232","6232","6232","","","","","",""
"1552776","-200","-200","-200","6233","6233","6233","","","","","",""
"1552800","-200","-200","-200","6234","6234","6234","-200","-200","-200","4852","4852","4852"
"1553552","-200","-200","-200","6237","6237","6237","","","","","",""
"1553576","-200","-200","-200","6238","6238","6238","","","","","",""
"1553600","-200","-200","-200","6239","6239","6239","-200","-200","-200","4855","4855","4855"
"1554352","-200","-200","-200","6241","6241","6241","","","","","",""
"1554376","-200","-200","-200","6242","6242","6242","","","","","",""
"1554400","-200","-200","-200","6243","6243","6243","-200","-200","-200","4857","4857","4857"
"1555152","-200","-200","-200","6246","6246","6246","","","","","",""
"1555176","-200","-200","-200","6247","6247","6247","","","","","",""
"1555200","-200","-200","-200","6248","6248","6248","-200","-200","-200","4860","4860","4860"
"1555952","-200","-200","-200","6250","6250","6250","","","","","",""
"1555976","-200","-200","-200","6252","6252","6252","","","","","",""
"1556000","-200","-200","-200","6253","6253","6253","-200","-200","-200","4863","4863","4863"
"1556752","-200","-200","-200","6255","6255","6255","","","","","",""
"1556776","-200","-200","-200","6256","6256","6256","","","","","",""
"1556800","-200","-200","-200","6257","6257","6257","-200","-200","-200","4865","4865","4865"
"1557552","-200","-200","-200","6260","6260","6260","","","","","",""
"1557576","-200","-200","-200","6261","6261","6261","","","","","",""
"1557600","-200","-200","-200","6262","6262","6262","-200","-200","-200","4868","4868","4868"
"1558352","-200","-200","-200","6264","6264","6264","","","","","",""
"1558376","-200","-200","-200","6265","6265","6265","","","","","",""
"1558400","-200","-200","-200","6266","6266","6266","-200","-200","-200","4870","4870","4870"
"1559152","-200","-200","-200","6269","6269","6269","","","","","",""
"1559176","-200","-200","-200","6270","6270","6270","","","","","",""
"1559200","-200","-200","-200","6271","6271","6271","-200","-200","-200","4873","4873","4873"
"1559952","-200","-200","-200","6273","6273","6273","","","","","",""
"1559976","-200","-200","-200","6274","6274","6274","","","","","",""
"1560000","-200","-200","-200","6275","6275","6275","-200","-200","-200","4875","4875","4875"
"1560752","-200","-200","-200","6278","6278","6278","","","","","",""
"1560776","-200","-200","-200","6279","6279","6279","","","","","",""
"1560800","-200","-200","-200","6280","6280","6280","-200","-200","-200","4878","4878","4878"
"1561552","-200","-200","-200","6282","6282","6282","","","","","",""
"1561576","-200","-200","-200","6283","6283","6283","","","","","",""
"1561600","-200","-200","-200","6284","6284","6284","-200","-200","-200","4880","4880","4880"
"1562352","-200","-200","-200","6286","6286","6286","","","","","",""
"1562376","-200","-200","-200","6287","6287","6287","","","","","",""
"1562400","-200","-200","-200","6288","6288","6288","-200","-200","-200","4882","4882","4882"
"1563152","-200","-200","-200","6291","6291","6291","","","","","",""
"1563176","-200","-200","-200","6292","6292","6292","","","","","",""
"1563200","-200","-200","-200","6293","6293","6293","-200","-200","-200","4885","4885","4885"
"1563952","-200","-200","-200","6295","6295","6295","","","","","",""
"1563976","-200","-200","-200","6296","6296","6296","","","","","",""
"1564000","-200","-200","-200","6297","6297","6297","-200","-200","-200","4887","4887","4887"
"1564752","-200","-200","-200","6300","6300","6300","","","","","",""
"1564776","-200","-200","-200","6301","6301","6301","","","","","",""
"1564800","-200","-200","-200","6302","6302","6302","-200","-200","-200","4890","4890","4890"
"1565552","-200","-200","-200","6304","6304","6304","","","","","",""
"1565576","-200","-200","-200","6305","6305","6305","","","","","",""
"1565600","-200","-200","-200","6306","6306","6306","-200","-200","-200","4892","4892","4892"
"1566352","-200","-200","-200","6309","6309","6309","","","","","",""
"1566376","-200","-200","-200","6310","6310","6310","","","","","",""
"1566400","-200","-200","-200","6311","6311","6311","-200","-200","-200","4895","4895","4895"
"1567152","-200","-200","-200","6313","6313","6313","","","","","",""
"1567176","-200","-200","-200","6314","6314","6314","","","","","",""
"1567200","-200","-200","-200","6315","6315","6315","-200","-200","-200","4897","4897","4897"
"1567952","-200","-200","-200","6318","6318","6318","","","","","",""
"1567976","-200","-200","-200","6319","6319","6319","","","","","",""
"1568000","-200","-200","-200","6320","6320","6320","-200","-200","-200","4900","4900","4900"
"1568752","-200","-200","-200","6322","6322","6322","","","","","",""
"1568776","-200","-200","-200","6324","6324","6324","","","","","",""
"1568800","-200","-200","-200","6325","6325","6325","-200","-200","-200","4903","4903","4903"
"1569552","-200","-200","-200","6327","6327","6327","","","","","",""
"1569576","-200","-200","-200","6328","6328","6328","","","","","",""
"1569600","-200","-200","-200","6329","6329","6329","-200","-200","-200","4905","4905","4905"
"1570352","-200","-200","-200","6332","6332","6332","","","","","",""
"1570376","-200","-200","-200","6333","6333","6333","","","","","",""
"1570400","-200","-200","-200","6334","6334","6334","-200","-200","-200","4908","4908","4908"
"1571152","-200","-200","-200","6336","6336","6336","","","","","",""
"1571176","-200","-200","-200","6337","6337","6337","","","","","",""
"1571200","-200","-200","-200","6338","6338","6338","-200","-200","-200","4910","4910","4910"
"1571952","-200","-200","-200","6341","6341","6341","","","","","",""
"1571976","-200","-200","-200","6342","6342","6342","","","","","",""
"1572000","-200","-200","-200","6343","6343","6343","-200","-200","-200","4913","4913","4913"
"1572752","-200","-200","-200","6345","6345","6345","","","","","",""
"1572776","-200","-200","-200","6346","6346","6346","","","","","",""
"1572800","-200","-200","-200","6347","6347","6347","-200","-200","-200","4915","4915","4915"
"1573552","-200","-200","-200","6350","6350","6350","","","","","",""
"1573576","-200","-200","-200","6351","6351","6351","","","","","",""
"1573600","-200","-200","-200","6352","6352","6352","-200","-200","-200","4918","4918","4918"
"1574352","-200","-200","-200","6354","6354","6354","","","","","",""
"1574376","-200","-200","-200","6355","6355","6355","","","","","",""
"1574400","-200","-200","-200","6356","6356","6356","-200","-200","-200","4920","4920","4920"
"1575152","-200","-200","-200","6358","6358","6358","","","","","",""
"1575176","-200","-200","-200","6359","6359","6359","","","","","",""
"1575200","-200","-200","-200","6360","6360","6360","-200","-200","-200","4922","4922","4922"
"1575952","-200","-200","-200","6363","6363","6363","","","","","",""
"1575976","-200","-200","-200","6364","6364","6364","","","","","",""
"1576000","-200","-200","-200","6365","6365","6365","-200","-200","-200","4925","4925","4925"
"1576752","-200","-200","-200","6367","6367","6367","","","","","",""
"1576776","-200","-200","-200","6368","6368","6368","","","","","",""
"1576800","-200","-200","-200","6369","6369","6369","-200","-200","-200","4927","4927","4927"
"1577552","-200","-200","-200","6372","6372","6372","","","","","",""
"1577576","-200","-200","-200","6373","6373","6373","","","","","",""
"1577600","-200","-200","-200","6374","6374","6374","-200","-200","-200","4930","4930","4930"
"1578352","-200","-200","-200","6376","6376","6376","","","","","",""
"1578376","-200","-200","-200","6377","6377","6377","","","","","",""
"1578400","-200","-200","-200","6378","6378","6378","-200","-200","-200","4932","4932","4932"
"1579152","-200","-200","-200","6381","6381","6381","","","","","",""
"1579176","-200","-200","-200","6382","6382","6382","","","","","",""
"1579200","-200","-200","-200","6383","6383","6383","-200","-200","-200","4935","4935","4935"
"1579952","-200","-200","-200","6385","6385","6385","","","","","",""
"1579976","-200","-200","-200","6386","6386","6386","","","","","",""
"1580000","-200","-200","-200","6387","6387","6387","-200","-200","-200","4937","4937","4937"
"1580752","-200","-200","-200","6390","6390","6390","","","","","",""
"1580776","-200","-200","-200","6391","6391","6391","","","","","",""
"1580800","-200","-200","-200","6392","6392","6392","-200","-200","-200","4940","4940","4940"
"1581552","-200","-200","-200","6394","6394","6394","","","","","",""
"1581576","-200","-200","-200","6396","6396","6396","","","","","",""
"1581600","-200","-200","-200","6397","6397","6397","-200","-200","-200","4943","4943","4943"
"1582352","-200","-200","-200","6399","6399","6399","","","","","",""
"1582376","-200","-200","-200","6400","6400","6400","","","","","",""
"1582400","-200","-200","-200","6401","6401","6401","-200","-200","-200","4945","4945","4945"
"1583152","-200","-200","-200","6404","6404","6404","","","","","",""
"1583176","-200","-200","-200","6405","6405","6405","","","","","",""
"1583200","-200","-200","-200","6406","6406","6406","-200","-200","-200","4948","4948","4948"
"1583952","-200","-200","-200","6408","6408","6408","","","","","",""
"1583976","-200","-200","-200","6409","6409","6409","","","","","",""
"1584000","-200","-200","-200","6410","6410","6410","-200","-200","-200","4950","4950","4950"
"1584752","-200","-200","-200","6413","6413","6413","","","","","",""
"1584776","-200","-200","-200","6414","6414","6414","","","","","",""
"1584800","-200","-200","-200","6415","6415","6415","-200","-200","-200","4953","4953","4953"
"1585552","-200","-200","-200","6417","6417","6417","","","","","",""
"1585576","-200","-200","-200","6418","6418","6418","","","","","",""
"1585600","-200","-200","-200","6419","6419","6419","-200","-200","-200","4955","4955","4955"
"1586352","-200","-200","-200","6422","6422","6422","","","","","",""
"1586376","-200","-200","-200","6423","6423","6423","","","","","",""
"1586400","-200","-200","-200","6424","6424","6424","-200","-200","-200","4958","4958","4958"
"1587152","-200","-200","-200","6426","6426","6426","","","","","",""
"1587176","-200","-200","-200","6427","6427","6427","","","","","",""
"1587200","-200","-200","-200","6428","6428","6428","-200","-200","-200","4960","4960","4960"
"1587952","-200","-200","-200","6430","6430","6430","","","","","",""
"1587976","-200","-200","-200","6431","6431","6431","","","","","",""
"1588000","-200","-200","-200","6432","6432","6432","-200","-200","-200","4962","4962","4962"
"1588752","-200","-200","-200","6435","6435","6435","","","","","",""
"1588776","-200","-200","-200","6436","6436","6436","","","","","",""
"1588800","-200","-200","-200","6437","6437","6437","-200","-200","-200","4965","4965","4965"
"1589552","-200","-200","-200","6439","6439","6439","","","","","",""
"1589576","-200","-200","-200","6440","6440","6440","","","","","",""
"1589600","-200","-200","-200","6441","6441","6441","-200","-200","-200","4967","4967","4967"
"1590352","-200","-200","-200","6444","6444","6444","","","","","",""
"1590376","-200","-200","-200","6445","6445","6445","","","","","",""
"1590400","-200","-200","-200","6446","6446","6446","-200","-200","-200","4970","4970","4970"
"1591152","-200","-200","-200","6448","6448","6448","","","","","",""
"1591176","-200","-200","-200","6449","6449","6449","","","","","",""
"1591200","-200","-200","-200","6450","6450","6450","-200","-200","-200","4972","4972","4972"
"1591952","-200","-200","-200","6453","6453","6453","","","","","",""
"1591976","-200","-200","-200","6454","6454","6454","","","","","",""
"1592000","-200","-200","-200","6455","6455","6455","-200","-200","-200","4975","4975","4975"
"1592752","-200","-200","-200","6457","6457","6457","","","","","",""
"1592776","-200","-200","-200","6458","6458","6458","","","","","",""
"1592800","-200","-200","-200","6459","6459","6459","-200","-200","-200","4977","4977","4977"
"1593552","-200","-200","-200","6462","6462","6462","","","","","",""
"1593576","-200","-200","-200","6463","6463","6463","","","","","",""
"1593600","-200","-200","-200","6464","6464","6464","-200","-200","-200","4980","4980","4980"
"1594352","-200","-200","-200","6466","6466","6466","","","","","",""
"1594376","-200","-200","-200","6468","6468","6468","","","","","",""
"1594400","-200","-200","-200","6469","6469","6469","-200","-200","-200","4983","4983","4983"
"1595152","-200","-200","-200","6471","6471","6471","","","","","",""
"1595176","-200","-200","-200","6472","6472","6472","","","","","",""
"1595200","-200","-200","-200","6473","6473","6473","-200","-200","-200","4985","4985","4985"
"1595952","-200","-200","-200","6476","6476","6476","","","","","",""
"1595976","-200","-200","-200","6477","6477","6477","","","","","",""
"1596000","-200","-200","-200","6478","6478","6478","-200","-200","-200","4988","4988","4988"
"1596752","-200","-200","-200","6480","6480","6480","","","","","",""
"1596776","-200","-200","-200","6481","6481","6481","","","","","",""
"1596800","-200","-200","-200","6482","6482","6482","-200","-200","-200","4990","4990","4990"
"1597552","-200","-200","-200","6485","6485","6485","","","","","",""
"1597576","-200","-200","-200","6486","6486","6486","","","","","",""
"1597600","-200","-200","-200","6487","6487","6487","-200","-200","-200","4993","4993","4993"
"1598352","-200","-200","-200","6489","6489","6489","","","","","",""
"1598376","-200","-200","-200","6490","6490","6490","","","","","",""
"1598400","-200","-200","-200","6491","6491","6491","-200","-200","-200","4995","4995","4995"
"1599152","-200","-200","-200","6494","6494","6494","","","","","",""
"1599176","-200","-200","-200","6495","6495","6495","","","","","",""
"1599200","-200","-200","-200","6496","6496","6496","-200","-200","-200","4998","4998","4998"
"1599952","-200","-200","-200","6498","6498","6498","","","","","",""
"1599976","-200","-200","-200","6499","6499","6499","","","","","",""
"1600000","-200","-200","-200","6500","6500","6500","-200","-200","-200","5000","5000","5000"
"1600752","-200","-200","-200","6502","6502","6502","","","","","",""
"1600776","-200","-200","-200","6503","6503","6503","","","","","",""
"1600800","-200","-200","-200","6504","6504","6504","-200","-200","-200","5002","5002","5002"
"1601552","-200","-200","-200","6507","6507","6507","","","","","",""
"1601576","-200","-200","-200","6508","6508","6508","","","","","",""
"1601600","-200","-200","-200","6509","6509","6509","-200","-200","-200","5005","5005","5005"
"1602352","-200","-200","-200","6511","6511","6511","","","","","",""
"1602376","-200","-200","-200","6512","6512","6512","","","","","",""
"1602400","-200","-200","-200","6513","6513","6513","-200","-200","-200","5007","5007","5007"
"1603152","-200","-200","-200","6516","6516","6516","","","","","",""
"1603176","-200","-200","-200","6517","6517","6517","","","","","",""
"1603200","-200","-200","-200","6518","6518","6518","-200","-200","-200","5010","5010","5010"
"1603952","-200","-200","-200","6520","6520","6520","","","","","",""
"1603976","-200","-200","-200","6521","6521","6521","","","","","",""
"1604000","-200","-200","-200","6522","6522","6522","-200","-200","-200","5012","5012","5012"
"1604752","-200","-200","-200","6525","6525","6525","","","","","",""
"1604776","-200","-200","-200","6526","6526","6526","","","","","",""
"1604800","-200","-200","-200","6527","6527","6527","-200","-200","-200","5015","5015","5015"
"1605552","-200","-200","-200","6529","6529","6529","","","","","",""
"1605576","-200","-200","-200","6530","6530","6530","","","","","",""
"1605600","-200","-200","-200","6531","6531","6531","-200","-200","-200","5017","5017","5017"
"1606352","-200","-200","-200","6534","6534","6534","","","","","",""
"1606376","-200","-200","-200","6535","6535","6535","","","","","",""
"1606400","-200","-200","-200","6536","6536","6536","-200","-200","-200","5020","5020","5020"
"1607152","-200","-200","-200","6538","6538","6538","","","","","",""
"1607176","-200","-200","-200","6540","6540","6540","","","","","",""
"1607200","-200","-200","-200","6541","6541","6541","-200","-200","-200","5023","5023","5023"
"1607952","-200","-200","-200","6543","6543","6543","","","","","",""
"1607976","-200","-200","-200","6544","6544","6544","","","","","",""
"1608000","-200","-200","-200","6545","6545","6545","-200","-200","-200","5025","5025","5025"
"1608752","-200","-200","-200","6548","6548","6548","","","","","",""
"1608776","-200","-200","-200","6549","6549","6549","","","","","",""
"1608800","-200","-200","-200","6550","6550","6550","-200","-200","-200","5028","5028","5028"
"1609552","-200","-200","-200","6552","6552","6552","","","","","",""
"1609576","-200","-200","-200","6553","6553","6553","","","","","",""
"1609600","-200","-200","-200","6554","6554","6554","-200","-200","-200","5030","5030","5030"
"1610352","-200","-200","-200","6557","6557","6557","","","","","",""
"1610376","-200","-200","-200","6558","6558","6558","","","","","",""
"1610400","-200","-200","-200","6559","6559","6559","-200","-200","-200","5033","5033","5033"
"1611152","-200","-200","-200","6561","6561","6561","","","","","",""
"1611176","-200","-200","-200","6562","6562","6562","","","","","",""
"1611200","-200","-200","-200","6563","6563","6563","-200","-200","-200","5035","5035","5035"
"1611952","-200","-200","-200","6566","6566","6566","","","","","",""
"1611976","-200","-200","-200","6567","6567","6567","","","","","",""
"1612000","-200","-200","-200","6568","6568","6568","-200","-200","-200","5038","5038","5038"
"1612752","-200","-200","-200","6570","6570","6570","","","","","",""
"1612776","-200","-200","-200","6571","6571","6571","","","","","",""
"1612800","-200","-200","-200","6572","6572","6572","-200","-200","-200","5040","5040","5040"
"1613552","-200","-200","-200","6574","6574","6574","","","","","",""
"1613576","-200","-200","-200","6575","6575","6575","","","","","",""
"1613600","-200","-200","-200","6576","6576","6576","-200","-200","-200","5042","5042","5042"
"1614352","-200","-200","-200","6579","6579","6579","","","","","",""
"1614376","-200","-200","-200","6580","6580","6580","","","","","",""
"1614400","-200","-200","-200","6581","6581","6581","-200","-200","-200","5045","5045","5045"
"1615152","-200","-200","-200","6583","6583","6583","","","","","",""
"1615176","-200","-200","-200","6584","6584","6584","","","","","",""
"1615200","-200","-200","-200","6585","6585","6585","-200","-200","-200","5047","5047","5047"
"1615952","-200","-200","-200","6588","6588","6588","","","","","",""
"1615976","-200","-200","-200","6589","6589","6589","","","","","",""
"1616000","-200","-200","-200","6590","6590","6590","-200","-200","-200","5050","5050","5050"
"1616752","-200","-200","-200","6592","6592","6592","","","","","",""
"1616776","-200","-200","-200","6593","6593","6593","","","","","",""
"1616800","-200","-200","-200","6594","6594","6594","-200","-200","-200","5052","5052","5052"
"1617552","-200","-200","-200","6597","6597","6597","","","","","",""
"1617576","-200","-200","-200","6598","6598","6598","","","","","",""
"1617600","-200","-200","-200","6599","6599","6599","-200","-200","-200","5055","5055","5055"
"1618352","-200","-200","-200","6601","6601","6601","","","","","",""
"1618376","-200","-200","-200","6602","6602","6602","","","","","",""
"1618400","-200","-200","-200","6603","6603","6603","-200","-200","-200","5057","5057","5057"
"1619152","-200","-200","-200","6606","6606","6606","","","","","",""
"1619176","-200","-200","-200","6607","6607","6607","","","","","",""
"1619200","-200","-200","-200","6608","6608","6608","-200","-200","-200","5060","5060","5060"
"1619952","-200","-200","-200","6610","6610","6610","","","","","",""
"1619976","-200","-200","-200","6612","6612","6612","","","","","",""
"1620000","-200","-200","-200","6613","6613","6613","-200","-200","-200","5063","5063","5063"
"1620752","-200","-200","-200","6615","6615","6615","","","","","",""
"1620776","-200","-200","-200","6616","6616","6616","","","","","",""
"1620800","-200","-200","-200","6617","6617","6617","-200","-200","-200","5065","5065","5065"
"1621552","-200","-200","-200","6620","6620","6620","","","","","",""
"1621576","-200","-200","-200","6621","6621","6621","","","","","",""
"1621600","-200","-200","-200","6622","6622","6622","-200","-200","-200","5068","5068","5068"
"1622352","-200","-200","-200","6624","6624","6624","","","","","",""
"1622376","-200","-200","-200","6625","6625","6625","","","","","",""
"1622400","-200","-200","-200","6626","6626","6626","-200","-200","-200","5070","5070","5070"
"1623152","-200","-200","-200","6629","6629","6629","","","","","",""
"1623176","-200","-200","-200","6630","6630","6630","","","","","",""
"1623200","-200","-200","-200","6631","6631","6631","-200","-200","-200","5073","5073","5073"
"1623952","-200","-200","-200","6633","6633","6633","","","","","",""
"1623976","-200","-200","-200","6634","6634","6634","","","","","",""
"1624000","-200","-200","-200","6635","6635","6635","-200","-200","-200","5075","5075","5075"
"1624752","-200","-200","-200","6638","6638","6638","","","","","",""
"1624776","-200","-200","-200","6639","6639","6639","","","","","",""
"1624800","-200","-200","-200","6640","6640","6640","-200","-200","-200","5078","5078","5078"
"1625552","-200","-200","-200","6642","6642","6642","","","","","",""
"1625576","-200","-200","-200","6643","6643","6643","","","","","",""
"1625600","-200","-200","-200","6644","6644","6644","-200","-200","-200","5080","5080","5080"
"1626352","-200","-200","-200","6646","6646","6646","","","","","",""
"1626376","-200","-200","-200","6647","6647","6647","","","","","",""
"1626400","-200","-200","-200","6648","6648","6648","-200","-200","-200","5082","5082","5082"
"1627152","-200","-200","-200","6651","6651","6651","","","","","",""
"1627176","-200","-200","-200","6652","6652","6652","","","","","",""
"1627200","-200","-200","-200","6653","6653","6653","-200","-200","-200","5085","5085","5085"
"1627952","-200","-200","-200","6655","6655","6655","","","","","",""
"1627976","-200","-200","-200","6656","6656","6656","","","","","",""
"1628000","-200","-200","-200","6657","6657","6657","-200","-200","-200","5087","5087","5087"
"1628752","-200","-200","-200","6660","6660","6660","","","","","",""
"1628776","-200","-200","-200","6661","6661","6661","","","","","",""
"1628800","-200","-200","-200","6662","6662","6662","-200","-200","-200","5090","5090","5090"
"1629552","-200","-200","-200","6664","6664","6664","","","","","",""
"1629576","-200","-200","-200","6665","6665","6665","","","","","",""
"1629600","-200","-200","-200","6666","6666","6666","-200","-200","-200","5092","5092","5092"
"1630352","-200","-200","-200","6669","6669","6669","","","","","",""
"1630376","-200","-200","-200","6670","6670","6670","","","","","",""
"1630400","-200","-200","-200","6671","6671","6671","-200","-200","-200","5095","5095","5095"
"1631152","-200","-200","-200","6673","6673","6673","","","","","",""
"1631176","-200","-200","-200","6674","6674","6674","","","","","",""
"1631200","-200","-200","-200","6675","6675","6675","-200","-200","-200","5097","5097","5097"
"1631952","-200","-200","-200","6678","6678","6678","","","","","",""
"1631976","-200","-200","-200","6679","6679","6679","","","","","",""
"1632000","-200","-200","-200","6680","6680","6680","-200","-200","-200","5100","5100","5100"
"1632752","-200","-200","-200","6682","6682","6682","","","","","",""
"1632776","-200","-200","-200","6684","6684","6684","","","","","",""
"1632800","-200","-200","-200","6685","6685","6685","-200","-200","-200","5103","5103","5103"
"1633552","-200","-200","-200","6687","6687","6687","","","","","",""
"1633576","-200","-200","-200","6688","6688","6688","","","","","",""
"1633600","-200","-200","-200","6689","6689","6689","-200","-200","-200","5105","5105","5105"
"1634352","-200","-200","-200","6692","6692","6692","","","","","",""
"1634376","-200","-200","-200","6693","6693","6693","","","","","",""
"1634400","-200","-200","-200","6694","6694","6694","-200","-200","-200","5108","5108","5108"
"1635152","-200","-200","-200","6696","6696","6696","","","","","",""
"1635176","-200","-200","-200","6697","6697","6697","","","","","",""
"1635200","-200","-200","-200","6698","6698","6698","-200","-200","-200","5110","5110","5110"
"1635952","-200","-200","-200","6701","6701","6701","","","","","",""
"1635976","-200","-200","-200","6702","6702","6702","","","","","",""
"1636000","-200","-200","-200","6703","6703","6703","-200","-200","-200","5113","5113","5113"
"1636752","-200","-200","-200","6705","6705","6705","","","","","",""
"1636776","-200","-200","-200","6706","6706","6706","","","","","",""
"1636800","-200","-200","-200","6707","6707","6707","-200","-200","-200","5115","5115","5115"
"1637552","-200","-200","-200","6710","6710","6710","","","","","",""
"1637576","-200","-200","-200","6711","6711","6711","","","","","",""
"1637600","-200","-200","-200","6712","6712","6712","-200","-200","-200","5118","5118","5118"
"1638352","-200","-200","-200","6714","6714","6714","","","","","",""
"1638376","-200","-200","-200","6715","6715","6715","","","","","",""
"1638400","-200","-200","-200","6716","6716","6716","-200","-200","-200","5120","5120","5120"
"1639152","-200","-200","-200","6718","6718","6718","","","","","",""
"1639176","-200","-200","-200","6719","6719","6719","","","","","",""
"1639200","-200","-200","-200","6720","6720","6720","-200","-200","-200","5122","5122","5122"
"1639952","-200","-200","-200","6723","6723","6723","","","","","",""
"1639976","-200","-200","-200","6724","6724","6724","","","","","",""
"1640000","-200","-200","-200","6725","6725","6725","-200","-200","-200","5125","5125","5125"
"1640752","-200","-200","-200","6727","6727","6727","","","","","",""
"1640776","-200","-200","-200","6728","6728","6728","","","","","",""
"1640800","-200","-200","-200","6729","6729","6729","-200","-200","-200","5127","5127","5127"
"1641552","-200","-200","-200","6732","6732","6732","","","","","",""
"1641576","-200","-200","-200","6733","6733","6733","","","","","",""
"1641600","-200","-200","-200","6734","6734","6734","-200","-200","-200","5130","5130","5130"
"1642352","-200","-200","-200","6736","6736","6736","","","","","",""
"1642376","-200","-200","-200","6737","6737","6737","","","","","",""
"1642400","-200","-200","-200","6738","6738","6738","-200","-200","-200","5132","5132","5132"
"1643152","-200","-200","-200","6741","6741","6741","","","","","",""
"1643176","-200","-200","-200","6742","6742","6742","","","","","",""
"1643200","-200","-200","-200","6743","6743","6743","-200","-200","-200","5135","5135","5135"
"1643952","-200","-200","-200","6745","6745","6745","","","","","",""
"1643976","-200","-200","-200","6746","6746","6746","","","","","",""
"1644000","-200","-200","-200","6747","6747","6747","-200","-200","-200","5137","5137","5137"
"1644752","-200","-200","-200","6750","6750","6750","","","","","",""
"1644776","-200","-200","-200","6751","6751","6751","","","","","",""
"1644800","-200","-200","-200","6752","6752","6752","-200","-200","-200","5140","5140","5140"
"1645552","-200","-200","-200","6754","6754","6754","","","","","",""
"1645576","-200","-200","-200","6756","6756","6756","","","","","",""
"1645600","-200","-200","-200","6757","6757","6757","-200","-200","-200","5143","5143","5143"
"1646352","-200","-200","-200","6759","6759","6759","","","","","",""
"1646376","-200","-200","-200","6760","6760","6760","","","","","",""
"1646400","-200","-200","-200","6761","6761","6761","-200","-200","-200","5145","5145","5145"
"1647152","-200","-200","-200","6764","6764","6764","","","","","",""
"1647176","-200","-200","-200","6765","6765","6765","","","","","",""
"1647200","-200","-200","-200","6766","6766","6766","-200","-200","-200","5148","5148","5148"
"1647952","-200","-200","-200","6768","6768","6768","","","","","",""
"1647976","-200","-200","-200","6769","6769","6769","","","","","",""
"1648000","-200","-200","-200","6770","6770","6770","-200","-200","-200","5150","5150","5150"
"1648752","-200","-200","-200","6773","6773","6773","","","","","",""
"1648776","-200","-200","-200","6774","6774","6774","","","","","",""
"1648800","-200","-200","-200","6775","6775","6775","-200","-200","-200","5153","5153","5153"
"1649552","-200","-200","-200","6777","6777","6777","","","","","",""
"1649576","-200","-200","-200","6778","6778","6778","","","","","",""
"1649600","-200","-200","-200","6779","6779","6779","-200","-200","-200","5155","5155","5155"
"1650352","-200","-200","-200","6782","6782","6782","","","","","",""
"1650376","-200","-200","-200","6783","6783","6783","","","","","",""
"1650400","-200","-200","-200","6784","6784","6784","-200","-200","-200","5158","5158","5158"
"1651152","-200","-200","-200","6786","6786","6786","","","","","",""
"1651176","-200","-200","-200","6787","6787","6787","","","","","",""
"1651200","-200","-200","-200","6788","6788","6788","-200","-200","-200","5160","5160","5160"
"1651952","-200","-200","-200","6790","6790","6790","","","","","",""
"1651976","-200","-200","-200","6791","6791","6791","","","","","",""
"1652000","-200","-200","-200","6792","6792","6792","-200","-200","-200","5162","5162","5162"
"1652752","-200","-200","-200","6795","6795","6795","","","","","",""
"1652776","-200","-200","-200","6796","6796","6796","","","","","",""
"1652800","-200","-200","-200","6797","6797","6797","-200","-200","-200","5165","5165","5165"
"1653552","-200","-200","-200","6799","6799","6799","","","","","",""
"1653576","-200","-200","-200","6800","6800","6800","","","","","",""
"1653600","-200","-200","-200","6801","6801","6801","-200","-200","-200","5167","5167","5167"
"1654352","-200","-200","-200","6804","6804","6804","","","","","",""
"1654376","-200","-200","-200","6805","6805","6805","","","","","",""
"1654400","-200","-200","-200","6806","6806","6806","-200","-200","-200","5170","5170","5170"
"1655152","-200","-200","-200","6808","6808","6808","","","","","",""
"1655176","-200","-200","-200","6809","6809","6809","","","","","",""
"1655200","-200","-200","-200","6810","6810","6810","-200","-200","-200","5172","5172","5172"
"1655952","-200","-200","-200","6813","6813","6813","","","","","",""
"1655976","-200","-200","-200","6814","6814","6814","","","","","",""
"1656000","-200","-200","-200","6815","6815","6815","-200","-200","-200","5175","5175","5175"
"1656752","-200","-200","-200","6817","6817","6817","","","","","",""
"1656776","-200","-200","-200","6818","6818","6818","","","","","",""
"1656800","-200","-200","-200","6819","6819","6819","-200","-200","-200","5177","5177","5177"
"1657552","-200","-200","-200","6822","6822","6822","","","","","",""
"1657576","-200","-200","-200","6823","6823","6823","","","","","",""
"1657600","-200","-200","-200","6824","6824","6824","-200","-200","-200","5180","5180","5180"
"1658352","-200","-200","-200","6826","6826","6826","","","","","",""
"1658376","-200","-200","-200","6828","6828","6828","","","","","",""
"1658400","-200","-200","-200","6829","6829","6829","-200","-200","-200","5183","5183","5183"
"1659152","-200","-200","-200","6831","6831","6831","","","","","",""
"1659176","-200","-200","-200","6832","6832","6832","","","","","",""
"1659200","-200","-200","-200","6833","6833","6833","-200","-200","-200","5185","5185","5185"
"1659952","-200","-200","-200","6836","6836","6836","","","","","",""
"1659976","-200","-200","-200","6837","6837","6837","","","","","",""
"1660000","-200","-200","-200","6838","6838","6838","-200","-200","-200","5188","5188","5188"
"1660752","-200","-200","-200","6840","6840","6840","","","","","",""
"1660776","-200","-200","-200","6841","6841","6841","","","","","",""
"1660800","-200","-200","-200","6842","6842","6842","-200","-200","-200","5190","5190","5190"
"1661552","-200","-200","-200","6845","6845","6845","","","","","",""
"1661576","-200","-200","-200","6846","6846","6846","","","","","",""
"1661600","-200","-200","-200","6847","6847","6847","-200","-200","-200","5193","5193","5193"
"1662352","-200","-200","-200","6849","6849","6849","","","","","",""
"1662376","-200","-200","-200","6850","6850","6850","","","","","",""
"1662400","-200","-200","-200","6851","6851","6851","-200","-200","-200","5195","5195","5195"
"1663152","-200","-200","-200","6854","6854","6854","","","","","",""
"1663176","-200","-200","-200","6855","6855","6855","","","","","",""
"1663200","-200","-200","-200","6856","6856","6856","-200","-200","-200","5198","5198","5198"
"1663952","-200","-200","-200","6858","6858","6858","","","","","",""
"1663976","-200","-200","-200","6859","6859","6859","","","","","",""
"1664000","-200","-200","-200","6860","6860","6860","-200","-200","-200","5200","5200","5200"
"1664752","-200","-200","-200","6862","6862","6862","","","","","",""
"1664776","-200","-200","-200","6863","6863","6863","","","","","",""
"1664800","-200","-200","-200","6864","6864","6864","-200","-200","-200","5202","5202","5202"
"1665552","-200","-200","-200","6867","6867","6867","","","","","",""
"1665576","-200","-200","-200","6868","6868","6868","","","","","",""
"1665600","-200","-200","-200","6869","6869","6869","-200","-200","-200","5205","5205","5205"
"1666352","-200","-200","-200","6871","6871","6871","","","","","",""
"1666376","-200","-200","-200","6872","6872","6872","","","","","",""
"1666400","-200","-200","-200","6873","6873","6873","-200","-200","-200","5207","5207","5207"
"1667152","-200","-200","-200","6876","6876","6876","","","","","",""
"1667176","-200","-200","-200","6877","6877","6877","","","","","",""
"1667200","-200","-200","-200","6878","6878","6878","-200","-200","-200","5210","5210","5210"
"1667952","-200","-200","-200","6880","6880","6880","","","","","",""
"1667976","-200","-200","-200","6881","6881","6881","","","","","",""
"1668000","-200","-200","-200","6882","6882","6882","-200","-200","-200","5212","5212","5212"
"1668752","-200","-200","-200","6885","6885","6885","","","","","",""
"1668776","-200","-200","-200","6886","6886","6886","","","","","",""
"1668800","-200","-200","-200","6887","6887","6887","-200","-200","-200","5215","5215","5215"
"1669552","-200","-200","-200","6889","6889","6889","","","","","",""
"1669576","-200","-200","-200","6890","6890","6890","","","","","",""
"1669600","-200","-200","-200","6891","6891","6891","-200","-200","-200","5217","5217","5217"
"1670352","-200","-200","-200","6894","6894","6894","","","","","",""
"1670376","-200","-200","-200","6895","6895","6895","","","","","",""
"1670400","-200","-200","-200","6896","6896","6896","-200","-200","-200","5220","5220","5220"
"1671152","-200","-200","-200","6898","6898","6898","","","","","",""
"1671176","-200","-200","-200","6900","6900","6900","","","","","",""
"1671200","-200","-200","-200","6901","6901","6901","-200","-200","-200","5223","5223","5223"
"1671952","-200","-200","-200","6903","6903","6903","","","","","",""
"1671976","-200","-200","-200","6904","6904","6904","","","","","",""
"1672000","-200","-200","-200","6905","6905","6905","-200","-200","-200","5225","5225","5225"
"1672752","-200","-200","-200","6908","6908","6908","","","","","",""
"1672776","-200","-200","-200","6909","6909","6909","","","","","",""
"1672800","-200","-200","-200","6910","6910","6910","-200","-200","-200","5228","5228","5228"
"1673552","-200","-200","-200","6912","6912","6912","","","","","",""
"1673576","-200","-200","-200","6913","6913","6913","","","","","",""
"1673600","-200","-200","-200","6914","6914","6914","-200","-200","-200","5230","5230","5230"
"1674352","-200","-200","-200","6917","6917","6917","","","","","",""
"1674376","-200","-200","-200","6918","6918","6918","","","","","",""
"1674400","-200","-200","-200","6919","6919","6919","-200","-200","-200","5233","5233","5233"
"1675152","-200","-200","-200","6921","6921","6921","","","","","",""
"1675176","-200","-200","-200","6922","6922","6922","","","","","",""
"1675200","-200","-200","-200","6923","6923","6923","-200","-200","-200","5235","5235","5235"
"1675952","-200","-200","-200","6926","6926","6926","","","","","",""
"1675976","-200","-200","-200","6927","6927","6927","","","","","",""
"1676000","-200","-200","-200","6928","6928","6928","-200","-200","-200","5238","5238","5238"
"1676752","-200","-200","-200","6930","6930","6930","","","","","",""
"1676776","-200","-200","-200","6931","6931","6931","","","","","",""
"1676800","-200","-200","-200","6932","6932","6932","-200","-200","-200","5240","5240","5240"
"1677552","-200","-200","-200","6934","6934","6934","","","","","",""
"1677576","-200","-200","-200","6935","6935","6935","","","","","",""
"1677600","-200","-200","-200","6936","6936","6936","-200","-200","-200","5242","5242","5242"
"1678352","-200","-200","-200","6939","6939","6939","","","","","",""
"1678376","-200","-200","-200","6940","6940","6940","","","","","",""
"1678400","-200","-200","-200","6941","6941","6941","-200","-200","-200","5245","5245","5245"
"1679152","-200","-200","-200","6943","6943","6943","","","","","",""
"1679176","-200","-200","-200","6944","6944","6944","","","","","",""
"1679200","-200","-200","-200","6945","6945","6945","-200","-200","-200","5247","5247","5247"
"1679952","-200","-200","-200","6948","6948","6948","","","","","",""
"1679976","-200","-200","-200","6949","6949","6949","","","","","",""
"1680000","-200","-200","-200","6950","6950","6950","-200","-200","-200","5250","5250","5250"
"1680752","-200","-200","-200","6952","6952","6952","","","","","",""
"1680776","-200","-200","-200","6953","6953","6953","","","","","",""
"1680800","-200","-200","-200","6954","6954","6954","-200","-200","-200","5252","5252","5252"
"1681552","-200","-200","-200","6957","6957","6957","","","","","",""
"1681576","-200","-200","-200","6958","6958","6958","","","","","",""
"1681600","-200","-200","-200","6959","6959","6959","-200","-200","-200","5255","5255","5255"
"1682352","-200","-200","-200","6961","6961","6961","","","","","",""
"1682376","-200","-200","-200","6962","6962","6962","","","","","",""
"1682400","-200","-200","-200","6963","6963","6963","-200","-200","-200","5257","5257","5257"
"1683152","-200","-200","-200","6966","6966","6966","","","","","",""
"1683176","-200","-200","-200","6967","6967","6967","","","","","",""
"1683200","-200","-200","-200","6968","6968","6968","-200","-200","-200","5260","5260","5260"
"1683952","-200","-200","-200","6970","6970","6970","","","","","",""
"1683976","-200","-200","-200","6972","6972","6972","","","","","",""
"1684000","-200","-200","-200","6973","6973","6973","-200","-200","-200","5263","5263","5263"
"1684752","-200","-200","-200","6975","6975","6975","","","","","",""
"1684776","-200","-200","-200","6976","6976","6976","","","","","",""
"1684800","-200","-200","-200","6977","6977","6977","-200","-200","-200","5265","5265","5265"
"1685552","-200","-200","-200","6980","6980","6980","","","","","",""
"1685576","-200","-200","-200","6981","6981","6981","","","","","",""
"1685600","-200","-200","-200","6982","6982","6982","-200","-200","-200","5268","5268","5268"
"1686352","-200","-200","-200","6984","6984","6984","","","","","",""
"1686376","-200","-200","-200","6985","6985","6985","","","","","",""
"1686400","-200","-200","-200","6986","6986","6986","-200","-200","-200","5270","5270","5270"
"1687152","-200","-200","-200","6989","6989","6989","","","","","",""
"1687176","-200","-200","-200","6990","6990","6990","","","","","",""
"1687200","-200","-200","-200","6991","6991","6991","-200","-200","-200","5273","5273","5273"
"1687952","-200","-200","-200","6993","6993","6993","","","","","",""
"1687976","-200","-200","-200","6994","6994","6994","","","","","",""
"1688000","-200","-200","-200","6995","6995","6995","-200","-200","-200","5275","5275","5275"
"1688752","-200","-200","-200","6998","6998","6998","","","","","",""
"1688776","-200","-200","-200","6999","6999","6999","","","","","",""
"1688800","-200","-200","-200","7000","7000","7000","-200","-200","-200","5278","5278","5278"
"1689552","-200","-200","-200","7002","7002","7002","","","","","",""
"1689576","-200","-200","-200","7003","7003","7003","","","","","",""
"1689600","-200","-200","-200","7004","7004","7004","-200","-200","-200","5280","5280","5280"
"1690352","-200","-200","-200","7006","7006","7006","","","","","",""
"1690376","-200","-200","-200","7007","7007","7007","","","","","",""
"1690400","-200","-200","-200","7008","7008","7008","-200","-200","-200","5282","5282","5282"
"1691152","-200","-200","-200","7011","7011","7011","","","","","",""
"1691176","-200","-200","-200","7012","7012","7012","","","","","",""
"1691200","-200","-200","-200","7013","7013","7013","-200","-200","-200","5285","5285","5285"
"1691952","-200","-200","-200","7015","7015","7015","","","","","",""
"1691976","-200","-200","-200","7016","7016","7016","","","","","",""
"1692000","-200","-200","-200","7017","7017","7017","-200","-200","-200","5287","5287","5287"
"1692752","-200","-200","-200","7020","7020","7020","","","","","",""
"1692776","-200","-200","-200","7021","7021","7021","","","","","",""
"1692800","-200","-200","-200","7022","7022","7022","-200","-200","-200","5290","5290","5290"
"1693552","-200","-200","-200","7024","7024","7024","","","","","",""
"1693576","-200","-200","-200","7025","7025","7025","","","","","",""
"1693600","-200","-200","-200","7026","7026","7026","-200","-200","-200","5292","5292","5292"
"1694352","-200","-200","-200","7029","7029","7029","","","","","",""
"1694376","-200","-200","-200","7030","7030","7030","","","","","",""
"1694400","-200","-200","-200","7031","7031","7031","-200","-200","-200","5295","5295","5295"
"1695152","-200","-200","-200","7033","7033","7033","","","","","",""
"1695176","-200","-200","-200","7034","7034","7034","","","","","",""
"1695200","-200","-200","-200","7035","7035","7035","-200","-200","-200","5297","5297","5297"
"1695952","-200","-200","-200","7038","7038","7038","","","","","",""
"1695976","-200","-200","-200","7039","7039","7039","","","","","",""
"1696000","-200","-200","-200","7040","7040","7040","-200","-200","-200","5300","5300","5300"
"1696752","-200","-200","-200","7042","7042","7042","","","","","",""
"1696776","-200","-200","-200","7044","7044","7044","","","","","",""
"1696800","-200","-200","-200","7045","7045","7045","-200","-200","-200","5303","5303","5303"
"1697552","-200","-200","-200","7047","7047","7047","","","","","",""
"1697576","-200","-200","-200","7048","7048","7048","","","","","",""
"1697600","-200","-200","-200","7049","7049","7049","-200","-200","-200","5305","5305","5305"
"1698352","-200","-200","-200","7052","7052","7052","","","","","",""
"1698376","-200","-200","-200","7053","7053","7053","","","","","",""
"1698400","-200","-200","-200","7054","7054","7054","-200","-200","-200","5308","5308","5308"
"1699152","-200","-200","-200","7056","7056","7056","","","","","",""
"1699176","-200","-200","-200","7057","7057","7057","","","","","",""
"1699200","-200","-200","-200","7058","7058","7058","-200","-200","-200","5310","5310","5310"
"1699952","-200","-200","-200","7061","7061","7061","","","","","",""
"1699976","-200","-200","-200","7062","7062","7062","","","","","",""
"1700000","-200","-200","-200","7063","7063","7063","-200","-200","-200","5313","5313","5313"
"1700752","-200","-200","-200","7065","7065","7065","","","","","",""
"1700776","-200","-200","-200","7066","7066","7066","","","","","",""
"1700800","-200","-200","-200","7067","7067","7067","-200","-200","-200","5315","5315","5315"
"1701552","-200","-200","-200","7070","7070","7070","","","","","",""
"1701576","-200","-200","-200","7071","7071","7071","","","","","",""
"1701600","-200","-200","-200","7072","7072","7072","-200","-200","-200","5318","5318","5318"
"1702352","-200","-200","-200","7074","7074","7074","","","","","",""
"1702376","-200","-200","-200","7075","7075","7075","","","","","",""
"1702400","-200","-200","-200","7076","7076","7076","-200","-200","-200","5320","5320","5320"
"1703152","-200","-200","-200","7078","7078","7078","","","","","",""
"1703176","-200","-200","-200","7079","7079","7079","","","","","",""
"1703200","-200","-200","-200","7080","7080","7080","-200","-200","-200","5322","5322","5322"
"1703952","-200","-200","-200","7083","7083","7083","","","","","",""
"1703976","-200","-200","-200","7084","7084","7084","","","","","",""
"1704000","-200","-200","-200","7085","7085","7085","-200","-200","-200","5325","5325","5325"
"1704752","-200","-200","-200","7087","7087","7087","","","","","",""
"1704776","-200","-200","-200","7088","7088","7088","","","","","",""
"1704800","-200","-200","-200","7089","7089","7089","-200","-200","-200","5327","5327","5327"
"1705552","-200","-200","-200","7092","7092","7092","","","","","",""
"1705576","-200","-200","-200","7093","7093","7093","","","","","",""
"1705600","-200","-200","-200","7094","7094","7094","-200","-200","-200","5330","5330","5330"
"1706352","-200","-200","-200","7096","7096","7096","","","","","",""
"1706376","-200","-200","-200","7097","7097","7097","","","","","",""
"1706400","-200","-200","-200","7098","7098","7098","-200","-200","-200","5332","5332","5332"
"1707152","-200","-200","-200","7101","7101","7101","","","","","",""
"1707176","-200","-200","-200","7102","7102","7102","","","","","",""
"1707200","-200","-200","-200","7103","7103","7103","-200","-200","-200","5335","5335","5335"
"1707952","-200","-200","-200","7105","7105","7105","","","","","",""
"1707976","-200","-200","-200","7106","7106","7106","","","","","",""
"1708000","-200","-200","-200","7107","7107","7107","-200","-200","-200","5337","5337","5337"
"1708752","-200","-200","-200","7110","7110","7110","","","","","",""
"1708776","-200","-200","-200","7111","7111","7111","","","","","",""
"1708800","-200","-200","-200","7112","7112","7112","-200","-200","-200","5340","5340","5340"
"1709552","-200","-200","-200","7114","7114","7114","","","","","",""
"1709576","-200","-200","-200","7116","7116","7116","","","","","",""
"1709600","-200","-200","-200","7117","7117","7117","-200","-200","-200","5343","5343","5343"
"1710352","-200","-200","-200","7119","7119","7119","","","","","",""
"1710376","-200","-200","-200","7120","7120","7120","","","","","",""
"1710400","-200","-200","-200","7121","7121","7121","-200","-200","-200","5345","5345","5345"
"1711152","-200","-200","-200","7124","7124","7124","","","","","",""
"1711176","-200","-200","-200","7125","7125","7125","","","","","",""
"1711200","-200","-200","-200","7126","7126","7126","-200","-200","-200","5348","5348","5348"
"1711952","-200","-200","-200","7128","7128","7128","","","","","",""
"1711976","-200","-200","-200","7129","7129","7129","","","","","",""
"1712000","-200","-200","-200","7130","7130","7130","-200","-200","-200","5350","5350","5350"
"1712752","-200","-200","-200","7133","7133","7133","","","","","",""
"1712776","-200","-200","-200","7134","7134","7134","","","","","",""
"1712800","-200","-200","-200","7135","7135","7135","-200","-200","-200","5353","5353","5353"
"1713552","-200","-200","-200","7137","7137","7137","","","","","",""
"1713576","-200","-200","-200","7138","7138","7138","","","","","",""
"1713600","-200","-200","-200","7139","7139","7139","-200","-200","-200","5355","5355","5355"
"1714352","-200","-200","-200","7142","7142","7142","","","","","",""
"1714376","-200","-200","-200","7143","7143","7143","","","","","",""
"1714400","-200","-200","-200","7144","7144","7144","-200","-200","-200","5358","5358","5358"
"1715152","-200","-200","-200","7146","7146","7146","","","","","",""
"1715176","-200","-200","-200","7147","7147","7147","","","","","",""
"1715200","-200","-200","-200","7148","7148","7148","-200","-200","-200","5360","5360","5360"
"1715952","-200","-200","-200","7150","7150","7150","","","","","",""
"1715976","-200","-200","-200","7151","7151","7151","","","","","",""
"1716000","-200","-200","-200","7152","7152","7152","-200","-200","-200","5362","5362","5362"
"1716752","-200","-200","-200","7155","7155","7155","","","","","",""
"1716776","-200","-200","-200","7156","7156","7156","","","","","",""
"1716800","-200","-200","-200","7157","7157","7157","-200","-200","-200","5365","5365","5365"
"1717552","-200","-200","-200","7159","7159","7159","","","","","",""
"1717576","-200","-200","-200","7160","7160","7160","","","","","",""
"1717600","-200","-200","-200","7161","7161","7161","-200","-200","-200","5367","5367","5367"
"1718352","-200","-200","-200","7164","7164","7164","","","","","",""
"1718376","-200","-200","-200","7165","7165","7165","","","","","",""
"1718400","-200","-200","-200","7166","7166","7166","-200","-200","-200","5370","5370","5370"
"1719152","-200","-200","-200","7168","7168","7168","","","","","",""
"1719176","-200","-200","-200","7169","7169","7169","","","","","",""
"1719200","-200","-200","-200","7170","7170","7170","-200","-200","-200","5372","5372","5372"
"1719952","-200","-200","-200","7173","7173","7173","","","","","",""
"1719976","-200","-200","-200","7174","7174","7174","","","","","",""
"1720000","-200","-200","-200","7175","7175","7175","-200","-200","-200","5375","5375","5375"
"1720752","-200","-200","-200","7177","7177","7177","","","","","",""
"1720776","-200","-200","-200","7178","7178","7178","","","","","",""
"1720800","-200","-200","-200","7179","7179","7179","-200","-200","-200","5377","5377","5377"
"1721552","-200","-200","-200","7182","7182","7182","","","","","",""
"1721576","-200","-200","-200","7183","7183","7183","","","","","",""
"1721600","-200","-200","-200","7184","7184","7184","-200","-200","-200","5380","5380","5380"
"1722352","-200","-200","-200","7186","7186","7186","","","","","",""
"1722376","-200","-200","-200","7188","7188","7188","","","","","",""
"1722400","-200","-200","-200","7189","7189","7189","-200","-200","-200","5383","5383","5383"
"1723152","-200","-200","-200","7191","7191","7191","","","","","",""
"1723176","-200","-200","-200","7192","7192","7192","","","","","",""
"1723200","-200","-200","-200","7193","7193","7193","-200","-200","-200","5385","5385","5385"
"1723952","-200","-200","-200","7196","7196","7196","","","","","",""
"1723976","-200","-200","-200","7197","7197","7197","","","","","",""
"1724000","-200","-200","-200","7198","7198","7198","-200","-200","-200","5388","5388","5388"
"1724752","-200","-200","-200","7200","7200","7200","","","","","",""
"1724776","-200","-200","-200","7201","7201","7201","","","","","",""
"1724800","-200","-200","-200","7202","7202","7202","-200","-200","-200","5390","5390","5390"
"1725552","-200","-200","-200","7205","7205","7205","","","","","",""
"1725576","-200","-200","-200","7206","7206","7206","","","","","",""
"1725600","-200","-200","-200","7207","7207","7207","-200","-200","-200","5393","5393","5393"
"1726352","-200","-200","-200","7209","7209","7209","","","","","",""
"1726376","-200","-200","-200","7210","7210","7210","","","","","",""
"1726400","-200","-200","-200","7211","7211","7211","-200","-200","-200","5395","5395","5395"
"1727152","-200","-200","-200","7214","7214","7214","","","","","",""
"1727176","-200","-200","-200","7215","7215","7215","","","","","",""
"1727200","-200","-200","-200","7216","7216","7216","-200","-200","-200","5398","5398","5398"
"1727952","-200","-200","-200","7218","7218","7218","","","","","",""
"1727976","-200","-200","-200","7219","7219","7219","","","","","",""
"1728000","-200","-200","-200","7220","7220","7220","-200","-200","-200","5400","5400","5400"
"1728752","-200","-200","-200","7222","7222","7222","","","","","",""
"1728776","-200","-200","-200","7223","7223","7223","","","","","",""
"1728800","-200","-200","-200","7224","7224","7224","-200","-200","-200","5402","5402","5402"
"1729552","-200","-200","-200","7227","7227","7227","","","","","",""
"1729576","-200","-200","-200","7228","7228","7228","","","","","",""
"1729600","-200","-200","-200","7229","7229","7229","-200","-200","-200","5405","5405","5405"
"1730352","-200","-200","-200","7231","7231","7231","","","","","",""
"1730376","-200","-200","-200","7232","7232","7232","","","","","",""
"1730400","-200","-200","-200","7233","7233","7233","-200","-200","-200","5407","5407","5407"
"1731152","-200","-200","-200","7236","7236","7236","","","","","",""
"1731176","-200","-200","-200","7237","7237","7237","","","","","",""
"1731200","-200","-200","-200","7238","7238","7238","-200","-200","-200","5410","5410","5410"
"1731952","-200","-200","-200","7240","7240","7240","","","","","",""
"1731976","-200","-200","-200","7241","7241","7241","","","","","",""
"1732000","-200","-200","-200","7242","7242","7242","-200","-200","-200","5412","5412","5412"
"1732752","-200","-200","-200","7245","7245","7245","","","","","",""
"1732776","-200","-200","-200","7246","7246","7246","","","","","",""
"1732800","-200","-200","-200","7247","7247","7247","-200","-200","-200","5415","5415","5415"
"1733552","-200","-200","-200","7249","7249","7249","","","","","",""
"1733576","-200","-200","-200","7250","7250","7250","","","","","",""
"1733600","-200","-200","-200","7251","7251","7251","-200","-200","-200","5417","5417","5417"
"1734352","-200","-200","-200","7254","7254","7254","","","","","",""
"1734376","-200","-200","-200","7255","7255","7255","","","","","",""
"1734400","-200","-200","-200","7256","7256","7256","-200","-200","-200","5420","5420","5420"
"1735152","-200","-200","-200","7258","7258","7258","","","","","",""
"1735176","-200","-200","-200","7260","7260","7260","","","","","",""
"1735200","-200","-200","-200","7261","7261","7261","-200","-200","-200","5423","5423","5423"
"1735952","-200","-200","-200","7263","7263","7263","","","","","",""
"1735976","-200","-200","-200","7264","7264","7264","","","","","",""
"1736000","-200","-200","-200","7265","7265","7265","-200","-200","-200","5425","5425","5425"
"1736752","-200","-200","-200","7268","7268","7268","","","","","",""
"1736776","-200","-200","-200","7269","7269","7269","","","","","",""
"1736800","-200","-200","-200","7270","7270","7270","-200","-200","-200","5428","5428","5428"
"1737552","-200","-200","-200","7272","7272","7272","","","","","",""
"1737576","-200","-200","-200","7273","7273","7273","","","","","",""
"1737600","-200","-200","-200","7274","7274","7274","-200","-200","-200","5430","5430","5430"
"1738352","-200","-200","-200","7277","7277","7277","","","","","",""
"1738376","-200","-200","-200","7278","7278","7278","","","","","",""
"1738400","-200","-200","-200","7279","7279","7279","-200","-200","-200","5433","5433","5433"
"1739152","-200","-200","-200","7281","7281","7281","","","","","",""
"1739176","-200","-200","-200","7282","7282","7282","","","","","",""
"1739200","-200","-200","-200","7283","7283","7283","-200","-200","-200","5435","5435","5435"
"1739952","-200","-200","-200","7286","7286","7286","","","","","",""
"1739976","-200","-200","-200","7287","7287","7287","","","","","",""
"1740000","-200","-200","-200","7288","7288","7288","-200","-200","-200","5438","5438","5438"
"1740752","-200","-200","-200","7290","7290","7290","","","","","",""
"1740776","-200","-200","-200","7291","7291","7291","","","","","",""
"1740800","-200","-200","-200","7292","7292","7292","-200","-200","-200","5440","5440","5440"
"1741552","-200","-200","-200","7294","7294","7294","","","","","",""
"1741576","-200","-200","-200","7295","7295","7295","","","","","",""
"1741600","-200","-200","-200","7296","7296","7296","-200","-200","-200","5442","5442","5442"
"1742352","-200","-200","-200","7299","7299","7299","","","","","",""
"1742376","-200","-200","-200","7300","7300","7300","","","","","",""
"1742400","-200","-200","-200","7301","7301","7301","-200","-200","-200","5445","5445","5445"
"1743152","-200","-200","-200","7303","7303","7303","","","","","",""
"1743176","-200","-200","-200","7304","7304","7304","","","","","",""
"1743200","-200","-200","-200","7305","7305","7305","-200","-200","-200","5447","5447","5447"
"1743952","-200","-200","-200","7308","7308","7308","","","","","",""
"1743976","-200","-200","-200","7309","7309","7309","","","","","",""
"1744000","-200","-200","-200","7310","7310","7310","-200","-200","-200","5450","5450","5450"
"1744752","-200","-200","-200","7312","7312","7312","","","","","",""
"1744776","-200","-200","-200","7313","7313","7313","","","","","",""
"1744800","-200","-200","-200","7314","7314","7314","-200","-200","-200","5452","5452","5452"
"1745552","-200","-200","-200","7317","7317","7317","","","","","",""
"1745576","-200","-200","-200","7318","7318","7318","","","","","",""
"1745600","-200","-200","-200","7319","7319","7319","-200","-200","-200","5455","5455","5455"
"1746352","-200","-200","-200","7321","7321","7321","","","","","",""
"1746376","-200","-200","-200","7322","7322","7322","","","","","",""
"1746400","-200","-200","-200","7323","7323","7323","-200","-200","-200","5457","5457","5457"
"1747152","-200","-200","-200","7326","7326","7326","","","","","",""
"1747176","-200","-200","-200","7327","7327","7327","","","","","",""
"1747200","-200","-200","-200","7328","7328","7328","-200","-200","-200","5460","5460","5460"
"1747952","-200","-200","-200","7330","7330","7330","","","","","",""
"1747976","-200","-200","-200","7332","7332","7332","","","","","",""
"1748000","-200","-200","-200","7333","7333","7333","-200","-200","-200","5463","5463","5463"
"1748752","-200","-200","-200","7335","7335","7335","","","","","",""
"1748776","-200","-200","-200","7336","7336","7336","","","","","",""
"1748800","-200","-200","-200","7337","7337","7337","-200","-200","-200","5465","5465","5465"
"1749552","-200","-200","-200","7340","7340","7340","","","","","",""
"1749576","-200","-200","-200","7341","7341","7341","","","","","",""
"1749600","-200","-200","-200","7342","7342","7342","-200","-200","-200","5468","5468","5468"
"1750352","-200","-200","-200","7344","7344","7344","","","","","",""
"1750376","-200","-200","-200","7345","7345","7345","","","","","",""
"1750400","-200","-200","-200","7346","7346","7346","-200","-200","-200","5470","5470","5470"
"1751152","-200","-200","-200","7349","7349","7349","","","","","",""
"1751176","-200","-200","-200","7350","7350","7350","","","","","",""
"1751200","-200","-200","-200","7351","7351","7351","-200","-200","-200","5473","5473","5473"
"1751952","-200","-200","-200","7353","7353","7353","","","","","",""
"1751976","-200","-200","-200","7354","7354","7354","","","","","",""
"1752000","-200","-200","-200","7355","7355","7355","-200","-200","-200","5475","5475","5475"
"1752752","-200","-200","-200","7358","7358","7358","","","","","",""
"1752776","-200","-200","-200","7359","7359","7359","","","","","",""
"1752800","-200","-200","-200","7360","7360","7360","-200","-200","-200","5478","5478","5478"
"1753552","-200","-200","-200","7362","7362","7362","","","","","",""
"1753576","-200","-200","-200","7363","7363","7363","","","","","",""
"1753600","-200","-200","-200","7364","7364","7364","-200","-200","-200","5480","5480","5480"
"1754352","-200","-200","-200","7366","7366","7366","","","","","",""
"1754376","-200","-200","-200","7367","7367","7367","","","","","",""
"1754400","-200","-200","-200","7368","7368","7368","-200","-200","-200","5482","5482","5482"
"1755152","-200","-200","-200","7371","7371","7371","","","","","",""
"1755176","-200","-200","-200","7372","7372","7372","","","","","",""
"1755200","-200","-200","-200","7373","7373","7373","-200","-200","-200","5485","5485","5485"
"1755952","-200","-200","-200","7375","7375","7375","","","","","",""
"1755976","-200","-200","-200","7376","7376","7376","","","","","",""
"1756000","-200","-200","-200","7377","7377","7377","-200","-200","-200","5487","5487","5487"
"1756752","-200","-200","-200","7380","7380","7380","","","","","",""
"1756776","-200","-200","-200","7381","7381","7381","","","","","",""
"1756800","-200","-200","-200","7382","7382","7382","-200","-200","-200","5490","5490","5490"
"1757552","-200","-200","-200","7384","7384","7384","","","","","",""
"1757576","-200","-200","-200","7385","7385","7385","","","","","",""
"1757600","-200","-200","-200","7386","7386","7386","-200","-200","-200","5492","5492","5492"
"1758352","-200","-200","-200","7389","7389","7389","","","","","",""
"1758376","-200","-200","-200","7390","7390","7390","","","","","",""
"1758400","-200","-200","-200","7391","7391","7391","-200","-200","-200","5495","5495","5495"
"1759152","-200","-200","-200","7393","7393","7393","","","","","",""
"1759176","-200","-200","-200","7394","7394","7394","","","","","",""
"1759200","-200","-200","-200","7395","7395","7395","-200","-200","-200","5497","5497","5497"
"1759952","-200","-200","-200","7398","7398","7398","","","","","",""
"1759976","-200","-200","-200","7399","7399","7399","","","","","",""
"1760000","-200","-200","-200","7400","7400","7400","-200","-200","-200","5500","5500","5500"
"1760752","-200","-200","-200","7402","7402","7402","","","","","",""
"1760776","-200","-200","-200","7404","7404","7404","","","","","",""
"1760800","-200","-200","-200","7405","7405","7405","-200","-200","-200","5503","5503","5503"
"1761552","-200","-200","-200","7407","7407","7407","","","","","",""
"1761576","-200","-200","-200","7408","7408","7408","","","","","",""
"1761600","-200","-200","-200","7409","7409","7409","-200","-200","-200","5505","5505","5505"
"1762352","-200","-200","-200","7412","7412","7412","","","","","",""
"1762376","-200","-200","-200","7413","7413","7413","","","","","",""
"1762400","-200","-200","-200","7414","7414","7414","-200","-200","-200","5508","5508","5508"
"1763152","-200","-200","-200","7416","7416","7416","","","","","",""
"1763176","-200","-200","-200","7417","7417","7417","","","","","",""
"1763200","-200","-200","-200","7418","7418","7418","-200","-200","-200","5510","5510","5510"
"1763952","-200","-200","-200","7421","7421","7421","","","","","",""
"1763976","-200","-200","-200","7422","7422","7422","","","","","",""
"1764000","-200","-200","-200","7423","7423","7423","-200","-200","-200","5513","5513","5513"
"1764752","-200","-200","-200","7425","7425","7425","","","","","",""
"1764776","-200","-200","-200","7426","7426","7426","","","","","",""
"1764800","-200","-200","-200","7427","7427","7427","-200","-200","-200","5515","5515","5515"
"1765552","-200","-200","-200","7430","7430","7430","","","","","",""
"1765576","-200","-200","-200","7431","7431","7431","","","","","",""
"1765600","-200","-200","-200","7432","7432","7432","-200","-200","-200","5518","5518","5518"
"1766352","-200","-200","-200","7434","7434","7434","","","","","",""
"1766376","-200","-200","-200","7435","7435","7435","","","","","",""
"1766400","-200","-200","-200","7436","7436","7436","-200","-200","-200","5520","5520","5520"
"1767152","-200","-200","-200","7438","7438","7438","","","","","",""
"1767176","-200","-200","-200","7439","7439","7439","","","","","",""
"1767200","-200","-200","-200","7440","7440","7440","-200","-200","-200","5522","5522","5522"
"1767952","-200","-200","-200","7443","7443","7443","","","","","",""
"1767976","-200","-200","-200","7444","7444","7444","","","","","",""
"1768000","-200","-200","-200","7445","7445","7445","-200","-200","-200","5525","5525","5525"
"1768752","-200","-200","-200","7447","7447","7447","","","","","",""
"1768776","-200","-200","-200","7448","7448","7448","","","","","",""
"1768800","-200","-200","-200","7449","7449","7449","-200","-200","-200","5527","5527","5527"
"1769552","-200","-200","-200","7452","7452","7452","","","","","",""
"1769576","-200","-200","-200","7453","7453","7453","","","","","",""
"1769600","-200","-200","-200","7454","7454","7454","-200","-200","-200","5530","5530","5530"
"1770352","-200","-200","-200","7456","7456","7456","","","","","",""
"1770376","-200","-200","-200","7457","7457","7457","","","","","",""
"1770400","-200","-200","-200","7458","7458","7458","-200","-200","-200","5532","5532","5532"
"1771152","-200","-200","-200","7461","7461","7461","","","","","",""
"1771176","-200","-200","-200","7462","7462","7462","","","","","",""
"1771200","-200","-200","-200","7463","7463","7463","-200","-200","-200","5535","5535","5535"
"1771952","-200","-200","-200","7465","7465","7465","","","","","",""
"1771976","-200","-200","-200","7466","7466","7466","","","","","",""
"1772000","-200","-200","-200","7467","7467","7467","-200","-200","-200","5537","5537","5537"
"1772752","-200","-200","-200","7470","7470","7470","","","","","",""
"1772776","-200","-200","-200","7471","7471","7471","","","","","",""
"1772800","-200","-200","-200","7472","7472","7472","-200","-200","-200","5540","5540","5540"
"1773552","-200","-200","-200","7474","7474","7474","","","","","",""
"1773576","-200","-200","-200","7476","7476","7476","","","","","",""
"1773600","-200","-200","-200","7477","7477","7477","-200","-200","-200","5543","5543","5543"
"1774352","-200","-200","-200","7479","7479","7479","","","","","",""
"1774376","-200","-200","-200","7480","7480","7480","","","","","",""
"1774400","-200","-200","-200","7481","7481","7481","-200","-200","-200","5545","5545","5545"
"1775152","-200","-200","-200","7484","7484","7484","","","","","",""
"1775176","-200","-200","-200","7485","7485","7485","","","","","",""
"1775200","-200","-200","-200","7486","7486","7486","-200","-200","-200","5548","5548","5548"
"1775952","-200","-200","-200","7488","7488","7488","","","","","",""
"1775976","-200","-200","-200","7489","7489","7489","","","","","",""
"1776000","-200","-200","-200","7490","7490","7490","-200","-200","-200","5550","5550","5550"
"1776752","-200","-200","-200","7493","7493","7493","","","","","",""
"1776776","-200","-200","-200","7494","7494","7494","","","","","",""
"1776800","-200","-200","-200","7495","7495","7495","-200","-200","-200","5553","5553","5553"
"1777552","-200","-200","-200","7497","7497","7497","","","","","",""
"1777576","-200","-200","-200","7498","7498","7498","","","","","",""
"1777600","-200","-200","-200","7499","7499","7499","-200","-200","-200","5555","5555","5555"
"1778352","-200","-200","-200","7502","7502","7502","","","","","",""
"1778376","-200","-200","-200","7503","7503","7503","","","","","",""
"1778400","-200","-200","-200","7504","7504","7504","-200","-200","-200","5558","5558","5558"
"1779152","-200","-200","-200","7506","7506","7506","","","","","",""
"1779176","-200","-200","-200","7507","7507","7507","","","","","",""
"1779200","-200","-200","-200","7508","7508","7508","-200","-200","-200","5560","5560","5560"
"1779952","-200","-200","-200","7510","7510","7510","","","","","",""
"1779976","-200","-200","-200","7511","7511","7511","","","","","",""
"1780000","-200","-200","-200","7512","7512","7512","-200","-200","-200","5562","5562","5562"
"1780752","-200","-200","-200","7515","7515","7515","","","","","",""
"1780776","-200","-200","-200","7516","7516","7516","","","","","",""
"1780800","-200","-200","-200","7517","7517","7517","-200","-200","-200","5565","5565","5565"
"1781552","-200","-200","-200","7519","7519","7519","","","","","",""
"1781576","-200","-200","-200","7520","7520","7520","","","","","",""
"1781600","-200","-200","-200","7521","7521","7521","-200","-200","-200","5567","5567","5567"
"1782352","-200","-200","-200","7524","7524","7524","","","","","",""
"1782376","-200","-200","-200","7525","7525","7525","","","","","",""
"1782400","-200","-200","-200","7526","7526","7526","-200","-200","-200","5570","5570","5570"
"1783152","-200","-200","-200","7528","7528","7528","","","","","",""
"1783176","-200","-200","-200","7529","7529","7529","","","","","",""
"1783200","-200","-200","-200","7530","7530","7530","-200","-200","-200","5572","5572","5572"
"1783952","-200","-200","-200","7533","7533","7533","","","","","",""
"1783976","-200","-200","-200","7534","7534","7534","","","","","",""
"1784000","-200","-200","-200","7535","7535","7535","-200","-200","-200","5575","5575","5575"
"1784752","-200","-200","-200","7537","7537","7537","","","","","",""
"1784776","-200","-200","-200","7538","7538","7538","","","","","",""
"1784800","-200","-200","-200","7539","7539","7539","-200","-200","-200","5577","5577","5577"
"1785552","-200","-200","-200","7542","7542","7542","","","","","",""
"1785576","-200","-200","-200","7543","7543","7543","","","","","",""
"1785600","-200","-200","-200","7544","7544","7544","-200","-200","-200","5580","5580","5580"
"1786352","-200","-200","-200","7546","7546","7546","","","","","",""
"1786376","-200","-200","-200","7548","7548","7548","","","","","",""
"1786400","-200","-200","-200","7549","7549","7549","-200","-200","-200","5583","5583","5583"
"1787152","-200","-200","-200","7551","7551","7551","","","","","",""
"1787176","-200","-200","-200","7552","7552","7552","","","","","",""
"1787200","-200","-200","-200","7553","7553","7553","-200","-200","-200","5585","5585","5585"
"1787952","-200","-200","-200","7556","7556","7556","","","","","",""
"1787976","-200","-200","-200","7557","7557","7557","","","","","",""
"1788000","-200","-200","-200","7558","7558","7558","-200","-200","-200","5588","5588","5588"
"1788752","-200","-200","-200","7560","7560","7560","","","","","",""
"1788776","-200","-200","-200","7561","7561","7561","","","","","",""
"1788800","-200","-200","-200","7562","7562","7562","-200","-200","-200","5590","5590","5590"
"1789552","-200","-200","-200","7565","7565","7565","","","","","",""
"1789576","-200","-200","-200","7566","7566","7566","","","","","",""
"1789600","-200","-200","-200","7567","7567","7567","-200","-200","-200","5593","5593","5593"
"1790352","-200","-200","-200","7569","7569","7569","","","","","",""
"1790376","-200","-200","-200","7570","7570","7570","","","","","",""
"1790400","-200","-200","-200","7571","7571","7571","-200","-200","-200","5595","5595","5595"
"1791152","-200","-200","-200","7574","7574","7574","","","","","",""
"1791176","-200","-200","-200","7575","7575","7575","","","","","",""
"1791200","-200","-200","-200","7576","7576","7576","-200","-200","-200","5598","5598","5598"
"1791952","-200","-200","-200","7578","7578","7578","","","","","",""
"1791976","-200","-200","-200","7579","7579","7579","","","","","",""
"1792000","-200","-200","-200","7580","7580","7580","-200","-200","-200","5600","5600","5600"
"1792752","-200","-200","-200","7582","7582","7582","","","","","",""
"1792776","-200","-200","-200","7583","7583","7583","","","","","",""
"1792800","-200","-200","-200","7584","7584","7584","-200","-200","-200","5602","5602","5602"
"1793552","-200","-200","-200","7587","7587","7587","","","","","",""
"1793576","-200","-200","-200","7588","7588","7588","","","","","",""
"1793600","-200","-200","-200","7589","7589","7589","-200","-200","-200","5605","5605","5605"
"1794352","-200","-200","-200","7591","7591","7591","","","","","",""
"1794376","-200","-200","-200","7592","7592","7592","","","","","",""
"1794400","-200","-200","-200","7593","7593","7593","-200","-200","-200","5607","5607","5607"
"1795152","-200","-200","-200","7596","7596","7596","","","","","",""
"1795176","-200","-200","-200","7597","7597","7597","","","","","",""
"1795200","-200","-200","-200","7598","7598","7598","-200","-200","-200","5610","5610","5610"
"1795952","-200","-200","-200","7600","7600","7600","","","","","",""
"1795976","-200","-200","-200","7601","7601","7601","","","","","",""
"1796000","-200","-200","-200","7602","7602","7602","-200","-200","-200","5612","5612","5612"
"1796752","-200","-200","-200","7605","7605","7605","","","","","",""
"1796776","-200","-200","-200","7606","7606","7606","","","","","",""
"1796800","-200","-200","-200","7607","7607","7607","-200","-200","-200","5615","5615","5615"
"1797552","-200","-200","-200","7609","7609","7609","","","","","",""
"1797576","-200","-200","-200","7610","7610","7610","","","","","",""
"1797600","-200","-200","-200","7611","7611","7611","-200","-200","-200","5617","5617","5617"
"1798352","-200","-200","-200","7614","7614","7614","","","","","",""
"1798376","-200","-200","-200","7615","7615","7615","","","","","",""
"1798400","-200","-200","-200","7616","7616","7616","-200","-200","-200","5620","5620","5620"
"1799152","-200","-200","-200","7618","7618","7618","","","","","",""
"1799176","-200","-200","-200","7620","7620","7620","","","","","",""
"1799200","-200","-200","-200","7621","7621","7621","-200","-200","-200","5623","5623","5623"
"1799952","-200","-200","-200","7623","7623","7623","","","","","",""
"1799976","-200","-200","-200","7624","7624","7624","","","","","",""
"1800000","-200","-200","-200","7625","7625","7625","-200","-200","-200","5625","5625","5625"
"1800752","-200","-200","-200","7628","7628","7628","","","","","",""
"1800776","-200","-200","-200","7629","7629","7629","","","","","",""
"1800800","-200","-200","-200","7630","7630","7630","-200","-200","-200","5628","5628","5628"
"1801552","-200","-200","-200","7632","7632","7632","","","","","",""
"1801576","-200","-200","-200","7633","7633","7633","","","","","",""
"1801600","-200","-200","-200","7634","7634","7634","-200","-200","-200","5630","5630","5630"
"1802352","-200","-200","-200","7637","7637","7637","","","","","",""
"1802376","-200","-200","-200","7638","7638","7638","","","","","",""
"1802400","-200","-200","-200","7639","7639","7639","-200","-200","-200","5633","5633","5633"
"1803152","-200","-200","-200","7641","7641","7641","","","","","",""
"1803176","-200","-200","-200","7642","7642","7642","","","","","",""
"1803200","-200","-200","-200","7643","7643","7643","-200","-200","-200","5635","5635","5635"
"1803952","-200","-200","-200","7646","7646","7646","","","","","",""
"1803976","-200","-200","-200","7647","7647","7647","","","","","",""
"1804000","-200","-200","-200","7648","7648","7648","-200","-200","-200","5638","5638","5638"
"1804752","-200","-200","-200","7650","7650","7650","","","","","",""
"1804776","-200","-200","-200","7651","7651","7651","","","","","",""
"1804800","-200","-200","-200","7652","7652","7652","-200","-200","-200","5640","5640","5640"
"1805552","-200","-200","-200","7654","7654","7654","","","","","",""
"1805576","-200","-200","-200","7655","7655","7655","","","","","",""
"1805600","-200","-200","-200","7656","7656","7656","-200","-200","-200","5642","5642","5642"
"1806352","-200","-200","-200","7659","7659","7659","","","","","",""
"1806376","-200","-200","-200","7660","7660","7660","","","","","",""
"1806400","-200","-200","-200","7661","7661","7661","-200","-200","-200","5645","5645","5645"
"1807152","-200","-200","-200","7663","7663","7663","","","","","",""
"1807176","-200","-200","-200","7664","7664","7664","","","","","",""
"1807200","-200","-200","-200","7665","7665","7665","-200","-200","-200","5647","5647","5647"
"1807952","-200","-200","-200","7668","7668","7668","","","","","",""
"1807976","-200","-200","-200","7669","7669","7669","","","","","",""
"1808000","-200","-200","-200","7670","7670","7670","-200","-200","-200","5650","5650","5650"
"1808752","-200","-200","-200","7672","7672","7672","","","","","",""
"1808776","-200","-200","-200","7673","7673","7673","","","","","",""
"1808800","-200","-200","-200","7674","7674","7674","-200","-200","-200","5652","5652","5652"
"1809552","-200","-200","-200","7677","7677","7677","","","","","",""
"1809576","-200","-200","-200","7678","7678","7678","","","","","",""
"1809600","-200","-200","-200","7679","7679","7679","-200","-200","-200","5655","5655","5655"
"1810352","-200","-200","-200","7681","7681","7681","","","","","",""
"1810376","-200","-200","-200","7682","7682","7682","","","","","",""
"1810400","-200","-200","-200","7683","7683","7683","-200","-200","-200","5657","5657","5657"
"1811152","-200","-200","-200","7686","7686","7686","","","","","",""
"1811176","-200","-200","-200","7687","7687","7687","","","","","",""
"1811200","-200","-200","-200","7688","7688","7688","-200","-200","-200","5660","5660","5660"
"1811952","-200","-200","-200","7690","7690","7690","","","","","",""
"1811976","-200","-200","-200","7692","7692","7692","","","","","",""
"1812000","-200","-200","-200","7693","7693","7693","-200","-200","-200","5663","5663","5663"
"1812752","-200","-200","-200","7695","7695","7695","","","","","",""
"1812776","-200","-200","-200","7696","7696","7696","","","","","",""
"1812800","-200","-200","-200","7697","7697","7697","-200","-200","-200","5665","5665","5665"
"1813552","-200","-200","-200","7700","7700","7700","","","","","",""
"1813576","-200","-200","-200","7701","7701","7701","","","","","",""
"1813600","-200","-200","-200","7702","7702","7702","-200","-200","-200","5668","5668","5668"
"1814352","-200","-200","-200","7704","7704","7704","","","","","",""
"1814376","-200","-200","-200","7705","7705","7705","","","","","",""
"1814400","-200","-200","-200","7706","7706","7706","-200","-200","-200","5670","5670","5670"
"1815152","-200","-200","-200","7709","7709","7709","","","","","",""
"1815176","-200","-200","-200","7710","7710","7710","","","","","",""
"1815200","-200","-200","-200","7711","7711","7711","-200","-200","-200","5673","5673","5673"
"1815952","-200","-200","-200","7713","7713","7713","","","","","",""
"1815976","-200","-200","-200","7714","7714","7714","","","","","",""
"1816000","-200","-200","-200","7715","7715","7715","-200","-200","-200","5675","5675","5675"
"1816752","-200","-200","-200","7718","7718","7718","","","","","",""
"1816776","-200","-200","-200","7719","7719","7719","","","","","",""
"1816800","-200","-200","-200","7720","7720","7720","-200","-200","-200","5678","5678","5678"
"1817552","-200","-200","-200","7722","7722","7722","","","","","",""
"1817576","-200","-200","-200","7723","7723","7723","","","","","",""
"1817600","-200","-200","-200","7724","7724","7724","-200","-200","-200","5680","5680","5680"
"1818352","-200","-200","-200","7726","7726","7726","","","","","",""
"1818376","-200","-200","-200","7727","7727","7727","","","","","",""
"1818400","-200","-200","-200","7728","7728","7728","-200","-200","-200","5682","5682","5682"
"1819152","-200","-200","-200","7731","7731","7731","","","","","",""
"1819176","-200","-200","-200","7732","7732","7732","","","","","",""
"1819200","-200","-200","-200","7733","7733","7733","-200","-200","-200","5685","5685","5685"
"1819952","-200","-200","-200","7735","7735","7735","","","","","",""
"1819976","-200","-200","-200","7736","7736","7736","","","","","",""
"1820000","-200","-200","-200","7737","7737","7737","-200","-200","-200","5687","5687","5687"
"1820752","-200","-200","-200","7740","7740","7740","","","","","",""
"1820776","-200","-200","-200","7741","7741","7741","","","","","",""
"1820800","-200","-200","-200","7742","7742","7742","-200","-200","-200","5690","5690","5690"
"1821552","-200","-200","-200","7744","7744","7744","","","","","",""
"1821576","-200","-200","-200","7745","7745","7745","","","","","",""
"1821600","-200","-200","-200","7746","7746","7746","-200","-200","-200","5692","5692","5692"
"1822352","-200","-200","-200","7749","7749","7749","","","","","",""
"1822376","-200","-200","-200","7750","7750","7750","","","","","",""
"1822400","-200","-200","-200","7751","7751","7751","-200","-200","-200","5695","5695","5695"
"1823152","-200","-200","-200","7753","7753","7753","","","","","",""
"1823176","-200","-200","-200","7754","7754","7754","","","","","",""
"1823200","-200","-200","-200","7755","7755","7755","-200","-200","-200","5697","5697","5697"
"1823952","-200","-200","-200","7758","7758","7758","","","","","",""
"1823976","-200","-200","-200","7759","7759","7759","","","","","",""
"1824000","-200","-200","-200","7760","7760","7760","-200","-200","-200","5700","5700","5700"
"1824752","-200","-200","-200","7762","7762","7762","","","","","",""
"1824776","-200","-200","-200","7764","7764","7764","","","","","",""
"1824800","-200","-200","-200","7765","7765","7765","-200","-200","-200","5703","5703","5703"
"1825552","-200","-200","-200","7767","7767","7767","","","","","",""
"1825576","-200","-200","-200","7768","7768","7768","","","","","",""
"1825600","-200","-200","-200","7769","7769","7769","-200","-200","-200","5705","5705","5705"
"1826352","-200","-200","-200","7772","7772","7772","","","","","",""
"1826376","-200","-200","-200","7773","7773","7773","","","","","",""
"1826400","-200","-200","-200","7774","7774","7774","-200","-200","-200","5708","5708","5708"
"1827152","-200","-200","-200","7776","7776","7776","","","","","",""
"1827176","-200","-200","-200","7777","7777","7777","","","","","",""
"1827200","-200","-200","-200","7778","7778","7778","-200","-200","-200","5710","5710","5710"
"1827952","-200","-200","-200","7781","7781","7781","","","","","",""
"1827976","-200","-200","-200","7782","7782","7782","","","","","",""
"1828000","-200","-200","-200","7783","7783","7783","-200","-200","-200","5713","5713","5713"
"1828752","-200","-200","-200","7785","7785","7785","","","","","",""
"1828776","-200","-200","-200","7786","7786","7786","","","","","",""
"1828800","-200","-200","-200","7787","7787","7787","-200","-200","-200","5715","5715","5715"
"1829552","-200","-200","-200","7790","7790","7790","","","","","",""
"1829576","-200","-200","-200","7791","7791","7791","","","","","",""
"1829600","-200","-200","-200","7792","7792","7792","-200","-200","-200","5718","5718","5718"
"1830352","-200","-200","-200","7794","7794","7794","","","","","",""
"1830376","-200","-200","-200","7795","7795","7795","","","","","",""
"1830400","-200","-200","-200","7796","7796","7796","-200","-200","-200","5720","5720","5720"
"1831152","-200","-200","-200","7798","7798","7798","","","","","",""
"1831176","-200","-200","-200","7799","7799","7799","","","","","",""
"1831200","-200","-200","-200","7800","7800","7800","-200","-200","-200","5722","5722","5722"
"1831952","-200","-200","-200","7803","7803","7803","","","","","",""
"1831976","-200","-200","-200","7804","7804","7804","","","","","",""
"1832000","-200","-200","-200","7805","7805","7805","-200","-200","-200","5725","5725","5725"
"1832752","-200","-200","-200","7807","7807","7807","","","","","",""
"1832776","-200","-200","-200","7808","7808","7808","","","","","",""
"1832800","-200","-200","-200","7809","7809","7809","-200","-200","-200","5727","5727","5727"
"1833492","-185","-185","-185","7812","7812","7812","","","","","",""
"1833576","-200","-200","-200","7813","7813","7813","","","","","",""
"1833600","-200","-200","-200","7814","7814","7814","-200","-200","-200","5730","5730","5730"
"1834292","-200","-200","-200","7816","7816","7816","","","","","",""
"1834376","-200","-200","-200","7817","7817","7817","","","","","",""
"1834400","-200","-200","-200","7818","7818","7818","-200","-200","-200","5732","5732","5732"
"1835092","-200","-200","-200","7821","7821","7821","","","","","",""
"1835176","-200","-200","-200","7822","7822","7822","","","","","",""
"1835200","-200","-200","-200","7823","7823","7823","-200","-200","-200","5735","5735","5735"
"1835892","-200","-200","-200","7825","7825","7825","","","","","",""
"1835976","-200","-200","-200","7826","7826","7826","","","","","",""
"1836000","-200","-200","-200","7827","7827","7827","-200","-200","-200","5737","5737","5737"
"1836644","-188","-188","-188","7830","7830","7830","","","","","",""
"1836776","-200","-200","-200","7831","7831","7831","","","","","",""
"1836800","-200","-200","-200","7832","7832","7832","-200","-200","-200","5740","5740","5740"
"1837444","-200","-200","-200","7834","7834","7834","","","","","",""
"1837576","-200","-200","-200","7836","7836","7836","","","","","",""
"1837600","-200","-200","-200","7837","7837","7837","-200","-200","-200","5743","5743","5743"
"1838244","-200","-200","-200","7839","7839","7839","","","","","",""
"1838376","-200","-200","-200","7840","7840","7840","","","","","",""
"1838400","-200","-200","-200","7841","7841","7841","-200","-200","-200","5745","5745","5745"
"1839044","-200","-200","-200","7843","7843","7843","","","","","",""
"1839176","-200","-200","-200","7845","7845","7845","","","","","",""
"1839200","-200","-200","-200","7846","7846","7846","-200","-200","-200","5748","5748","5748"
"1839844","-200","-200","-200","7848","7848","7848","","","","","",""
"1839976","-200","-200","-200","7849","7849","7849","","","","","",""
"1840000","-200","-200","-200","7850","7850","7850","-200","-200","-200","5750","5750","5750"
"1840644","-200","-200","-200","7853","7853","7853","","","","","",""
"1840776","-200","-200","-200","7854","7854","7854","","","","","",""
"1840800","-200","-200","-200","7855","7855","7855","-200","-200","-200","5753","5753","5753"
"1841444","-200","-200","-200","7857","7857","7857","","","","","",""
"1841576","-200","-200","-200","7858","7858","7858","","","","","",""
"1841600","-200","-200","-200","7859","7859","7859","-200","-200","-200","5755","5755","5755"
"1842244","-200","-200","-200","7862","7862","7862","","","","","",""
"1842376","-200","-200","-200","7863","7863","7863","","","","","",""
"1842400","-200","-200","-200","7864","7864","7864","-200","-200","-200","5758","5758","5758"
"1843044","-200","-200","-200","7866","7866","7866","","","","","",""
"1843176","-200","-200","-200","7867","7867","7867","","","","","",""
"1843200","-200","-200","-200","7868","7868","7868","-200","-200","-200","5760","5760","5760"
"1843784","-185","-185","-185","7870","7870","7870","","","","","",""
"1843976","-200","-200","-200","7871","7871","7871","","","","","",""
"1844000","-200","-200","-200","7872","7872","7872","-200","-200","-200","5762","5762","5762"
"1844584","-200","-200","-200","7874","7874","7874","","","","","",""
"1844720","-186","-186","-186","7875","7875","7875","","","","","",""
"1844800","-200","-200","-200","7877","7877","7877","-200","-200","-200","5765","5765","5765"
"1845348","-191","-191","-191","7879","7879","7879","","","","","",""
"1845520","-200","-200","-200","7880","7880","7880","","","","","",""
"1845600","-200","-200","-200","7881","7881","7881","-200","-200","-200","5767","5767","5767"
"1846148","-200","-200","-200","7883","7883","7883","","","","","",""
"1846244","-181","-181","-181","7884","7884","7884","","","","","",""
"1846340","-185","-185","-185","7886","7886","7886","","","","","",""
"1846400","-200","-200","-200","7887","7887","7887","-200","-200","-200","5770","5770","5770"
"1846908","-190","-190","-190","7889","7889","7889","","","","","",""
"1847044","-200","-200","-200","7890","7890","7890","","","","","",""
"1847084","-186","-186","-186","7891","7891","7891","","","","","",""
"1847200","-200","-200","-200","7892","7892","7892","-200","-200","-200","5772","5772","5772"
"1847708","-200","-200","-200","7894","7894","7894","","","","","",""
"1847776","-183","-183","-183","7895","7895","7895","","","","","",""
"1847800","-179","-179","-179","7896","7896","7896","","","","","",""
"1847944","-186","-186","-186","7898","7898","7898","","","","","",""
"1848000","","","","","","","-200","-200","-200","5775","5775","5775"
"1848508","-200","-200","-200","7900","7900","7900","","","","","",""
"1848524","-187","-187","-187","7901","7901","7901","","","","","",""
"1848548","-187","-187","-187","7902","7902","7902","","","","","",""
"1848696","-188","-188","-188","7903","7903","7903","","","","","",""
"1848800","","","","","","","-200","-200","-200","5777","5777","5777"
"1849264","-185","-185","-185","7905","7905","7905","","","","","",""
"1849308","-200","-200","-200","7906","7906","7906","","","","","",""
"1849348","-200","-200","-200","7908","7908","7908","","","","","",""
"1849496","-200","-200","-200","7909","7909","7909","","","","","",""
"1849600","","","","","","","-200","-200","-200","5780","5780","5780"
"1850064","-200","-200","-200","7911","7911","7911","","","","","",""
"1850100","-188","-188","-188","7912","7912","7912","","","","","",""
"1850108","-200","-200","-200","7913","7913","7913","","","","","",""
"1850240","-186","-186","-186","7914","7914","7914","","","","","",""
"1850400","","","","","","","-200","-200","-200","5783","5783","5783"
"1850840","-185","-185","-185","7916","7916","7916","","","","","",""
"1850844","-184","-184","-184","7917","7917","7917","","","","","",""
"1850864","-200","-200","-200","7918","7918","7918","","","","","",""
"1851040","-200","-200","-200","7920","7920","7920","","","","","",""
"1851200","","","","","","","-200","-200","-200","5785","5785","5785"
"1851604","-185","-185","-185","7922","7922","7922","","","","","",""
"1851640","-200","-200","-200","7923","7923","7923","","","","","",""
"1851644","-200","-200","-200","7924","7924","7924","","","","","",""
"1851840","-200","-200","-200","7925","7925","7925","","","","","",""
"1852000","","","","","","","-200","-200","-200","5788","5788","5788"
"1852352","-178","-178","-178","7927","7927","7927","","","","","",""
"1852360","-189","-189","-189","7928","7928","7928","","","","","",""
"1852400","-189","-189","-189","7929","7929","7929","","","","","",""
"1852640","-200","-200","-200","7931","7931","7931","","","","","",""
"1852800","","","","","","","-200","-200","-200","5790","5790","5790"
"1853104","-188","-188","-188","7933","7933","7933","","","","","",""
"1853124","-191","-191","-191","7934","7934","7934","","","","","",""
"1853144","-186","-186","-186","7935","7935","7935","","","","","",""
"1853396","-189","-189","-189","7936","7936","7936","","","","","",""
"1853600","","","","","","","-200","-200","-200","5793","5793","5793"
"1853848","-186","-186","-186","7938","7938","7938","","","","","",""
"1853864","-185","-185","-185","7939","7939","7939","","","","","",""
"1853944","-200","-200","-200","7940","7940","7940","","","","","",""
"1854144","-187","-187","-187","7942","7942","7942","","","","","",""
"1854400","","","","","","","-200","-200","-200","5795","5795","5795"
"1854600","-188","-188","-188","7944","7944","7944","","","","","",""
"1854664","-200","-200","-200","7945","7945","7945","","","","","",""
"1854744","-200","-200","-200","7946","7946","7946","","","","","",""
"1854944","-200","-200","-200","7947","7947","7947","","","","","",""
"1855200","","","","","","","-200","-200","-200","5798","5798","5798"
"1855364","-191","-191","-191","7949","7949","7949","","","","","",""
"1855464","-200","-200","-200","7950","7950","7950","","","","","",""
"1855484","-185","-185","-185","7951","7951","7951","","","","","",""
"1855660","-179","-179","-179","7953","7953","7953","","","","","",""
"1856000","","","","","","","-200","-200","-200","5800","5800","5800"
"1856164","-200","-200","-200","7955","7955","7955","","","","","",""
"1856196","-183","-183","-183","7956","7956","7956","","","","","",""
"1856248","-191","-191","-191","7957","7957","7957","","","","","",""
"1856420","-190","-190","-190","7958","7958","7958","","","","","",""
"1856800","","","","","","","-200","-200","-200","5802","5802","5802"
"1856928","-183","-183","-183","7960","7960","7960","","","","","",""
"1856964","-200","-200","-200","7961","7961","7961","","","","","",""
"1857048","-200","-200","-200","7963","7963","7963","","","","","",""
"1857220","-200","-200","-200","7964","7964","7964","","","","","",""
"1857600","","","","","","","-200","-200","-200","5805","5805","5805"
"1857636","-177","-177","-177","7966","7966","7966","","","","","",""
"1857764","-200","-200","-200","7967","7967","7967","","","","","",""
"1857848","-200","-200","-200","7968","7968","7968","","","","","",""
"1858020","-200","-200","-200","7969","7969","7969","","","","","",""
"1858400","","","","","","","-200","-200","-200","5807","5807","5807"
"1858420","-196","-196","-196","7971","7971","7971","","","","","",""
"1858452","-151","-151","-151","7972","7972","7972","","","","","",""
"1858564","-200","-200","-200","7974","7974","7974","","","","","",""
"1858760","-185","-185","-185","7975","7975","7975","","","","","",""
"1859128","-177","-177","-177","7977","7977","7977","","","","","",""
"1859200","","","","","","","-200","-200","-200","5810","5810","5810"
"1859204","-188","-188","-188","7978","7978","7978","","","","","",""
"1859284","-180","-180","-180","7979","7979","7979","","","","","",""
"1859560","-200","-200","-200","7980","7980","7980","","","","","",""
"1859800","-149","-149","-149","7982","7982","7982","","","","","",""
"1859880","-188","-188","-188","7983","7983","7983","","","","","",""
"1860000","","","","","","","-200","-200","-200","5812","5812","5812"
"1860004","-180","-180","-180","7984","7984","7984","","","","","",""
"1860360","-200","-200","-200","7986","7986","7986","","","","","",""
"1860600","-200","-200","-200","7987","7987","7987","","","","","",""
"1860616","-184","-184","-184","7989","7989","7989","","","","","",""
"1860800","","","","","","","-200","-200","-200","5815","5815","5815"
"1860804","-200","-200","-200","7990","7990","7990","","","","","",""
"1861124","-191","-191","-191","7992","7992","7992","","","","","",""
"1861188","-147","-147","-147","7993","7993","7993","","","","","",""
"1861380","-191","-191","-191","7994","7994","7994","","","","","",""
"1861600","-199","-199","-199","7995","7995","7995","-200","-200","-200","5817","5817","5817"
"1861748","-156","-156","-156","7997","7997","7997","","","","","",""
"1861792","-151","-151","-151","7998","7998","7998","","","","","",""
"1861980","-150","-150","-150","7999","7999","7999","","","","","",""
"1862216","-154","-154","-154","8001","8001","8001","","","","","",""
"1862388","-149","-149","-149","8002","8002","8002","","","","","",""
"1862400","","","","","","","-200","-200","-200","5820","5820","5820"
"1862548","-200","-200","-200","8003","8003","8003","","","","","",""
"1862580","-150","-150","-150","8004","8004","8004","","","","","",""
"1862800","-146","-146","-146","8006","8006","8006","","","","","",""
"1862996","-152","-152","-152","8007","8007","8007","","","","","",""
"1863200","","","","","","","-200","-200","-200","5823","5823","5823"
"1863332","-196","-196","-196","8009","8009","8009","","","","","",""
"1863336","-189","-189","-189","8010","8010","8010","","","","","",""
"1863400","-150","-150","-150","8011","8011","8011","","","","","",""
"1863596","-150","-150","-150","8012","8012","8012","","","","","",""
"1863920","-146","-146","-146","8014","8014","8014","","","","","",""
"1863996","-149","-149","-149","8015","8015","8015","","","","","",""
"1864000","","","","","","","-200","-200","-200","5825","5825","5825"
"1864120","-197","-197","-197","8016","8016","8016","","","","","",""
"1864196","-150","-150","-150","8018","8018","8018","","","","","",""
"1864540","-155","-155","-155","8019","8019","8019","","","","","",""
"1864612","-154","-154","-154","8020","8020","8020","","","","","",""
"1864800","","","","","","","-200","-200","-200","5828","5828","5828"
"1864824","-176","-176","-176","8022","8022","8022","","","","","",""
"1864904","-177","-177","-177","8023","8023","8023","","","","","",""
"1865140","-150","-150","-150","8024","8024","8024","","","","","",""
"1865412","-200","-200","-200","8026","8026","8026","","","","","",""
"1865464","-160","-160","-160","8027","8027","8027","","","","","",""
"1865500","-149","-149","-149","8028","8028","8028","","","","","",""
"1865600","","","","","","","-200","-200","-200","5830","5830","5830"
"1865740","-150","-150","-150","8030","8030","8030","","","","","",""
"1866032","-133","-133","-133","8031","8031","8031","","","","","",""
"1866128","-166","-166","-166","8032","8032","8032","","","","","",""
"1866196","-196","-196","-196","8033","8033","8033","","","","","",""
"1866400","","","","","","","-200","-200","-200","5833","5833","5833"
"1866464","-181","-181","-181","8035","8035","8035","","","","","",""
"1866752","-180","-180","-180","8036","8036","8036","","","","","",""
"1866800","-151","-151","-151","8037","8037","8037","","","","","",""
"1866928","-200","-200","-200","8038","8038","8038","","","","","",""
"1867096","-158","-158","-158","8039","8039","8039","","","","","",""
"1867200","","","","","","","-200","-200","-200","5835","5835","5835"
"1867320","-142","-142","-142","8041","8041","8041","","","","","",""
"1867400","-150","-150","-150","8042","8042","8042","","","","","",""
"1867508","-145","-145","-145","8043","8043","8043","","","","","",""
"1867808","-178","-178","-178","8045","8045","8045","","","","","",""
"1867816","-124","-124","-124","8046","8046","8046","","","","","",""
"1868000","","","","","","","-200","-200","-200","5838","5838","5838"
"1868036","-159","-159","-159","8047","8047","8047","","","","","",""
"1868152","-161","-161","-161","8048","8048","8048","","","","","",""
"1868408","-150","-150","-150","8050","8050","8050","","","","","",""
"1868528","-178","-178","-178","8051","8051","8051","","","","","",""
"1868620","-146","-146","-146","8052","8052","8052","","","","","",""
"1868704","-138","-138","-138","8053","8053","8053","","","","","",""
"1868800","","","","","","","-200","-200","-200","5840","5840","5840"
"1869000","-148","-148","-148","8055","8055","8055","","","","","",""
"1869200","-145","-145","-145","8056","8056","8056","","","","","",""
"1869288","-146","-146","-146","8057","8057","8057","","","","","",""
"1869572","-143","-143","-143","8059","8059","8059","","","","","",""
"1869600","","","","","","","-200","-200","-200","5842","5842","5842"
"1869616","-154","-154","-154","8060","8060","8060","","","","","",""
"1869788","-147","-147","-147","8061","8061","8061","","","","","",""
"1869876","-147","-147","-147","8063","8063","8063","","","","","",""
"1870012","-110","-110","-110","8064","8064","8064","","","","","",""
"1870180","-141","-141","-141","8065","8065","8065","","","","","",""
"1870240","-113","-113","-113","8066","8066","8066","","","","","",""
"1870400","","","","","","","-200","-200","-200","5845","5845","5845"
"1870476","-150","-150","-150","8068","8068","8068","","","","","",""
"1870644","-158","-158","-158","8069","8069","8069","","","","","",""
"1870784","-136","-136","-136","8070","8070","8070","","","","","",""
"1870800","-155","-155","-155","8071","8071","8071","","","","","",""
"1871048","-143","-143","-143","8073","8073","8073","","","","","",""
"1871200","","","","","","","-200","-200","-200","5847","5847","5847"
"1871220","-144","-144","-144","8074","8074","8074","","","","","",""
"1871340","-139","-139","-139","8075","8075","8075","","","","","",""
"1871376","-144","-144","-144","8077","8077","8077","","","","","",""
"1871548","-125","-125","-125","8078","8078","8078","","","","","",""
"1871680","-115","-115","-115","8079","8079","8079","","","","","",""
"1871932","-148","-148","-148","8081","8081","8081","","","","","",""
"1871964","-147","-147","-147","8082","8082","8082","","","","","",""
"1872000","","","","","","","-200","-200","-200","5850","5850","5850"
"1872152","-151","-151","-151","8083","8083","8083","","","","","",""
"1872160","-120","-120","-120","8084","8084","8084","","","","","",""
"1872504","-143","-143","-143","8086","8086","8086","","","","","",""
"1872612","-162","-162","-162","8087","8087","8087","","","","","",""
"1872764","-151","-151","-151","8088","8088","8088","","","","","",""
"1872800","","","","","","","-200","-200","-200","5852","5852","5852"
"1872908","-189","-189","-189","8090","8090","8090","","","","","",""
"1873124","-155","-155","-155","8091","8091","8091","","","","","",""
"1873224","-153","-153","-153","8092","8092","8092","","","","","",""
"1873376","-153","-153","-153","8093","8093","8093","","","","","",""
"1873504","-149","-149","-149","8095","8095","8095","","","","","",""
"1873600","","","","","","","-200","-200","-200","5855","5855","5855"
"1873696","-143","-143","-143","8096","8096","8096","","","","","",""
"1873704","-120","-120","-120","8097","8097","8097","","","","","",""
"1873936","-140","-140","-140","8099","8099","8099","","","","","",""
"1874116","-153","-153","-153","8100","8100","8100","","","","","",""
"1874304","-150","-150","-150","8101","8101","8101","","","","","",""
"1874308","-153","-153","-153","8102","8102","8102","","","","","",""
"1874400","","","","","","","-200","-200","-200","5857","5857","5857"
"1874408","-118","-118","-118","8103","8103","8103","","","","","",""
"1874688","-143","-143","-143","8105","8105","8105","","","","","",""
"1874780","-119","-119","-119","8106","8106","8106","","","","","",""
"1874792","-121","-121","-121","8107","8107","8107","","","","","",""
"1875000","-148","-148","-148","8109","8109","8109","","","","","",""
"1875132","-111","-111","-111","8110","8110","8110","","","","","",""
"1875200","","","","","","","-200","-200","-200","5860","5860","5860"
"1875392","-150","-150","-150","8111","8111","8111","","","","","",""
"1875400","-155","-155","-155","8112","8112","8112","","","","","",""
"1875572","-143","-143","-143","8114","8114","8114","","","","","",""
"1875756","-156","-156","-156","8115","8115","8115","","","","","",""
"1875880","-122","-122","-122","8116","8116","8116","","","","","",""
"1876000","","","","","","","-200","-200","-200","5863","5863","5863"
"1876020","-155","-155","-155","8118","8118","8118","","","","","",""
"1876156","-146","-146","-146","8119","8119","8119","","","","","",""
"1876396","-160","-160","-160","8120","8120","8120","","","","","",""
"1876452","-143","-143","-143","8121","8121","8121","","","","","",""
"1876612","-148","-148","-148","8123","8123","8123","","","","","",""
"1876768","-153","-153","-153","8124","8124","8124","","","","","",""
"1876800","","","","","","","-200","-200","-200","5865","5865","5865"
"1877000","-151","-151","-151","8126","8126","8126","","","","","",""
"1877056","-151","-151","-151","8127","8127","8127","","","","","",""
"1877256","-161","-161","-161","8128","8128","8128","","","","","",""
"1877364","-149","-149","-149","8129","8129","8129","","","","","",""
"1877600","-150","-150","-150","8131","8131","8131","-200","-200","-200","5868","5868","5868"
"1877704","-162","-162","-162","8132","8132","8132","","","","","",""
"1877856","-150","-150","-150","8133","8133","8133","","","","","",""
"1877960","-149","-149","-149","8134","8134","8134","","","","","",""
"1878156","-139","-139","-139","8136","8136","8136","","","","","",""
"1878164","-115","-115","-115","8137","8137","8137","","","","","",""
"1878400","","","","","","","-200","-200","-200","5870","5870","5870"
"1878432","-144","-144","-144","8138","8138","8138","","","","","",""
"1878580","-155","-155","-155","8140","8140","8140","","","","","",""
"1878620","-114","-114","-114","8141","8141","8141","","","","","",""
"1878644","-122","-122","-122","8142","8142","8142","","","","","",""
"1878928","-124","-124","-124","8143","8143","8143","","","","","",""
"1879076","-114","-114","-114","8145","8145","8145","","","","","",""
"1879096","-113","-113","-113","8146","8146","8146","","","","","",""
"1879184","-151","-151","-151","8147","8147","8147","","","","","",""
"1879200","","","","","","","-200","-200","-200","5873","5873","5873"
"1879528","-113","-113","-113","8148","8148","8148","","","","","",""
"1879548","-155","-155","-155","8149","8149","8149","","","","","",""
"1879700","-151","-151","-151","8151","8151","8151","","","","","",""
"1879800","-154","-154","-154","8152","8152","8152","","","","","",""
"1880000","","","","","","","-200","-200","-200","5875","5875","5875"
"1880076","-137","-137","-137","8154","8154","8154","","","","","",""
"1880156","-152","-152","-152","8155","8155","8155","","","","","",""
"1880308","-127","-127","-127","8156","8156","8156","","","","","",""
"1880316","-154","-154","-154","8157","8157","8157","","","","","",""
"1880676","-150","-150","-150","8159","8159","8159","","","","","",""
"1880780","-156","-156","-156","8160","8160","8160","","","","","",""
"1880800","","","","","","","-200","-200","-200","5878","5878","5878"
"1880916","-150","-150","-150","8161","8161","8161","","","","","",""
"1880944","-159","-159","-159","8162","8162","8162","","","","","",""
"1881136","-115","-115","-115","8164","8164","8164","","","","","",""
"1881356","-144","-144","-144","8165","8165","8165","","","","","",""
"1881372","-114","-114","-114","8166","8166","8166","","","","","",""
"1881404","-115","-115","-115","8167","8167","8167","","","","","",""
"1881588","-113","-113","-113","8168","8168","8168","","","","","",""
"1881600","","","","","","","-200","-200","-200","5880","5880","5880"
"1881804","-112","-112","-112","8170","8170","8170","","","","","",""
"1881824","-113","-113","-113","8171","8171","8171","","","","","",""
"1882036","-112","-112","-112","8172","8172","8172","","","","","",""
"1882204","-200","-200","-200","8174","8174","8174","","","","","",""
"1882256","-113","-113","-113","8175","8175","8175","","","","","",""
"1882396","-143","-143","-143","8176","8176","8176","","","","","",""
"1882400","","","","","","","-200","-200","-200","5882","5882","5882"
"1882484","-112","-112","-112","8177","8177","8177","","","","","",""
"1882648","-111","-111","-111","8179","8179","8179","","","","","",""
"1882808","-138","-138","-138","8180","8180","8180","","","","","",""
"1882848","-113","-113","-113","8181","8181","8181","","","","","",""
"1883088","-110","-110","-110","8182","8182","8182","","","","","",""
"1883200","","","","","","","-200","-200","-200","5885","5885","5885"
"1883264","-114","-114","-114","8184","8184","8184","","","","","",""
"1883580","-183","-183","-183","8185","8185","8185","","","","","",""
"1883660","-143","-143","-143","8187","8187","8187","","","","","",""
"1883716","-113","-113","-113","8188","8188","8188","","","","","",""
"1883824","-184","-184","-184","8189","8189","8189","","","","","",""
"1884000","","","","","","","-200","-200","-200","5887","5887","5887"
"1884108","-112","-112","-112","8190","8190","8190","","","","","",""
"1884260","-136","-136","-136","8192","8192","8192","","","","","",""
"1884348","-192","-192","-192","8193","8193","8193","","","","","",""
"1884488","-166","-166","-166","8194","8194","8194","","","","","",""
"1884568","-115","-115","-115","8195","8195","8195","","","","","",""
"1884800","","","","","","","-200","-200","-200","5890","5890","5890"
"1884812","-116","-116","-116","8197","8197","8197","","","","","",""
"1884840","-145","-145","-145","8198","8198","8198","","","","","",""
"1884960","-118","-118","-118","8199","8199","8199","","","","","",""
"1885148","-145","-145","-145","8200","8200","8200","","","","","",""
"1885280","-110","-110","-110","8202","8202","8202","","","","","",""
"1885400","-147","-147","-147","8203","8203","8203","","","","","",""
"1885416","-114","-114","-114","8204","8204","8204","","","","","",""
"1885600","","","","","","","-200","-200","-200","5892","5892","5892"
"1885752","-151","-151","-151","8206","8206","8206","","","","","",""
"1885864","-146","-146","-146","8207","8207","8207","","","","","",""
"1885868","-113","-113","-113","8208","8208","8208","","","","","",""
"1885984","-146","-146","-146","8209","8209","8209","","","","","",""
"1886400","","","","","","","-200","-200","-200","5895","5895","5895"
"1886440","-144","-144","-144","8211","8211","8211","","","","","",""
"1886448","-116","-116","-116","8212","8212","8212","","","","","",""
"1886536","-196","-196","-196","8213","8213","8213","","","","","",""
"1886668","-200","-200","-200","8214","8214","8214","","","","","",""
"1886904","-114","-114","-114","8216","8216","8216","","","","","",""
"1886984","-112","-112","-112","8217","8217","8217","","","","","",""
"1887076","-159","-159","-159","8218","8218","8218","","","","","",""
"1887128","-115","-115","-115","8219","8219","8219","","","","","",""
"1887200","","","","","","","-200","-200","-200","5897","5897","5897"
"1887424","-110","-110","-110","8221","8221","8221","","","","","",""
"1887524","-155","-155","-155","8222","8222","8222","","","","","",""
"1887544","-117","-117","-117","8223","8223","8223","","","","","",""
"1887572","-111","-111","-111","8224","8224","8224","","","","","",""
"1887876","-113","-113","-113","8226","8226","8226","","","","","",""
"1887980","-114","-114","-114","8227","8227","8227","","","","","",""
"1888000","","","","","","","-200","-200","-200","5900","5900","5900"
"1888128","-139","-139","-139","8228","8228","8228","","","","","",""
"1888144","-150","-150","-150","8229","8229","8229","","","","","",""
"1888332","-114","-114","-114","8231","8231","8231","","","","","",""
"1888428","-112","-112","-112","8232","8232","8232","","","","","",""
"1888628","-125","-125","-125","8233","8233","8233","","","","","",""
"1888792","-115","-115","-115","8235","8235","8235","","","","","",""
"1888800","","","","","","","-200","-200","-200","5903","5903","5903"
"1888880","-113","-113","-113","8236","8236","8236","","","","","",""
"1888908","-191","-191","-191","8237","8237","8237","","","","","",""
"1889124","-124","-124","-124","8238","8238","8238","","","","","",""
"1889248","-114","-114","-114","8239","8239","8239","","","","","",""
"1889356","-112","-112","-112","8241","8241","8241","","","","","",""
"1889480","-150","-150","-150","8242","8242","8242","","","","","",""
"1889580","-114","-114","-114","8243","8243","8243","","","","","",""
"1889600","","","","","","","-200","-200","-200","5905","5905","5905"
"1889708","-115","-115","-115","8244","8244","8244","","","","","",""
"1889808","-113","-113","-113","8246","8246","8246","","","","","",""
"1889948","-117","-117","-117","8247","8247","8247","","","","","",""
"1890220","-160","-160","-160","8248","8248","8248","","","","","",""
"1890264","-114","-114","-114","8249","8249","8249","","","","","",""
"1890352","-161","-161","-161","8251","8251","8251","","","","","",""
"1890400","","","","","","","-200","-200","-200","5908","5908","5908"
"1890592","-161","-161","-161","8252","8252","8252","","","","","",""
"1890684","-116","-116","-116","8253","8253","8253","","","","","",""
"1890732","-117","-117","-117","8254","8254","8254","","","","","",""
"1891080","-182","-182","-182","8256","8256","8256","","","","","",""
"1891200","","","","","","","-200","-200","-200","5910","5910","5910"
"1891204","-130","-130","-130","8257","8257","8257","","","","","",""
"1891212","-155","-155","-155","8258","8258","8258","","","","","",""
"1891392","-165","-165","-165","8260","8260","8260","","","","","",""
"1891528","-112","-112","-112","8261","8261","8261","","","","","",""
"1891660","-114","-114","-114","8262","8262","8262","","","","","",""
"1891668","-114","-114","-114","8263","8263","8263","","","","","",""
"1891852","-115","-115","-115","8265","8265","8265","","","","","",""
"1892000","","","","","","","-200","-200","-200","5913","5913","5913"
"1892032","-126","-126","-126","8266","8266","8266","","","","","",""
"1892124","-114","-114","-114","8267","8267","8267","","","","","",""
"1892276","-154","-154","-154","8268","8268","8268","","","","","",""
"1892296","-111","-111","-111","8269","8269","8269","","","","","",""
"1892496","-116","-116","-116","8271","8271","8271","","","","","",""
"1892604","-120","-120","-120","8272","8272","8272","","","","","",""
"1892760","-121","-121","-121","8273","8273","8273","","","","","",""
"1892772","-119","-119","-119","8274","8274","8274","","","","","",""
"1892800","","","","","","","-200","-200","-200","5915","5915","5915"
"1892980","-121","-121","-121","8276","8276","8276","","","","","",""
"1893228","-114","-114","-114","8277","8277","8277","","","","","",""
"1893236","-158","-158","-158","8278","8278","8278","","","","","",""
"1893268","-127","-127","-127","8279","8279","8279","","","","","",""
"1893456","-119","-119","-119","8281","8281","8281","","","","","",""
"1893600","","","","","","","-200","-200","-200","5918","5918","5918"
"1893616","-95","-95","-95","8282","8282","8282","","","","","",""
"1893700","-118","-118","-118","8283","8283","8283","","","","","",""
"1893888","-155","-155","-155","8284","8284","8284","","","","","",""
"1894060","-111","-111","-111","8285","8285","8285","","","","","",""
"1894096","-160","-160","-160","8286","8286","8286","","","","","",""
"1894156","-114","-114","-114","8287","8287","8287","","","","","",""
"1894400","","","","","","","-200","-200","-200","5920","5920","5920"
"1894428","-135","-135","-135","8289","8289","8289","","","","","",""
"1894552","-114","-114","-114","8290","8290","8290","","","","","",""
"1894624","-117","-117","-117","8291","8291","8291","","","","","",""
"1894812","-188","-188","-188","8292","8292","8292","","","","","",""
"1894872","-111","-111","-111","8293","8293","8293","","","","","",""
"1895044","-123","-123","-123","8295","8295","8295","","","","","",""
"1895128","-126","-126","-126","8296","8296","8296","","","","","",""
"1895200","","","","","","","-200","-200","-200","5922","5922","5922"
"1895284","-118","-118","-118","8297","8297","8297","","","","","",""
"1895312","-110","-110","-110","8298","8298","8298","","","","","",""
"1895520","-119","-119","-119","8300","8300","8300","","","","","",""
"1895728","-111","-111","-111","8301","8301","8301","","","","","",""
"1895736","-152","-152","-152","8302","8302","8302","","","","","",""
"1895896","-146","-146","-146","8303","8303","8303","","","","","",""
"1895960","-110","-110","-110","8305","8305","8305","","","","","",""
"1896000","","","","","","","-200","-200","-200","5925","5925","5925"
"1896184","-114","-114","-114","8306","8306","8306","","","","","",""
"1896192","-114","-114","-114","8307","8307","8307","","","","","",""
"1896352","-114","-114","-114","8308","8308","8308","","","","","",""
"1896612","-163","-163","-163","8310","8310","8310","","","","","",""
"1896664","-120","-120","-120","8311","8311","8311","","","","","",""
"1896764","-143","-143","-143","8312","8312","8312","","","","","",""
"1896800","","","","","","","-200","-200","-200","5927","5927","5927"
"1896820","-117","-117","-117","8313","8313","8313","","","","","",""
"1897124","-115","-115","-115","8315","8315","8315","","","","","",""
"1897216","-113","-113","-113","8316","8316","8316","","","","","",""
"1897228","-154","-154","-154","8317","8317","8317","","","","","",""
"1897280","-115","-115","-115","8318","8318","8318","","","","","",""
"1897600","","","","","","","-200","-200","-200","5930","5930","5930"
"1897632","-88","-88","-88","8320","8320","8320","","","","","",""
"1897672","-111","-111","-111","8321","8321","8321","","","","","",""
"1897820","-151","-151","-151","8322","8322","8322","","","","","",""
"1897836","-178","-178","-178","8323","8323","8323","","","","","",""
"1898096","-116","-116","-116","8325","8325","8325","","","","","",""
"1898144","-118","-118","-118","8326","8326","8326","","","","","",""
"1898264","-111","-111","-111","8327","8327","8327","","","","","",""
"1898288","-113","-113","-113","8328","8328","8328","","","","","",""
"1898400","","","","","","","-200","-200","-200","5932","5932","5932"
"1898788","-161","-161","-161","8330","8330","8330","","","","","",""
"1898828","-183","-183","-183","8331","8331","8331","","","","","",""
"1898884","-155","-155","-155","8332","8332","8332","","","","","",""
"1898892","-151","-151","-151","8333","8333","8333","","","","","",""
"1899200","","","","","","","-200","-200","-200","5935","5935","5935"
"1899384","-149","-149","-149","8335","8335","8335","","","","","",""
"1899436","-152","-152","-152","8336","8336","8336","","","","","",""
"1899476","-148","-148","-148","8337","8337","8337","","","","","",""
"1899516","-156","-156","-156","8338","8338","8338","","","","","",""
"1899872","-89","-89","-89","8340","8340","8340","","","","","",""
"1899884","-125","-125","-125","8341","8341","8341","","","","","",""
"1899948","-118","-118","-118","8342","8342","8342","","","","","",""
"1900000","","","","","","","-200","-200","-200","5937","5937","5937"
"1900080","-161","-161","-161","8344","8344","8344","","","","","",""
"1900328","-111","-111","-111","8345","8345","8345","","","","","",""
"1900336","-116","-116","-116","8346","8346","8346","","","","","",""
"1900436","-122","-122","-122","8347","8347","8347","","","","","",""
"1900784","-114","-114","-114","8349","8349","8349","","","","","",""
"1900796","-179","-179","-179","8350","8350","8350","","","","","",""
"1900800","","","","","","","-200","-200","-200","5940","5940","5940"
"1900836","-125","-125","-125","8351","8351","8351","","","","","",""
"1900892","-114","-114","-114","8352","8352","8352","","","","","",""
"1901248","-116","-116","-116","8354","8354","8354","","","","","",""
"1901256","-115","-115","-115","8355","8355","8355","","","","","",""
"1901324","-122","-122","-122","8356","8356","8356","","","","","",""
"1901452","-140","-140","-140","8357","8357","8357","","","","","",""
"1901600","","","","","","","-200","-200","-200","5943","5943","5943"
"1901724","-119","-119","-119","8359","8359","8359","","","","","",""
"1901792","-117","-117","-117","8360","8360","8360","","","","","",""
"1901924","-118","-118","-118","8361","8361","8361","","","","","",""
"1902004","-187","-187","-187","8362","8362","8362","","","","","",""
"1902328","-134","-134","-134","8364","8364","8364","","","","","",""
"1902360","-159","-159","-159","8365","8365","8365","","","","","",""
"1902400","","","","","","","-200","-200","-200","5945","5945","5945"
"1902408","-121","-121","-121","8366","8366","8366","","","","","",""
"1902460","-114","-114","-114","8367","8367","8367","","","","","",""
"1902784","-114","-114","-114","8369","8369","8369","","","","","",""
"1902872","-116","-116","-116","8370","8370","8370","","","","","",""
"1902912","-113","-113","-113","8371","8371","8371","","","","","",""
"1903160","-200","-200","-200","8373","8373","8373","","","","","",""
"1903200","","","","","","","-200","-200","-200","5948","5948","5948"
"1903264","-120","-120","-120","8374","8374","8374","","","","","",""
"1903336","-116","-116","-116","8375","8375","8375","","","","","",""
"1903372","-115","-115","-115","8376","8376","8376","","","","","",""
"1903788","-113","-113","-113","8378","8378","8378","","","","","",""
"1903800","-160","-160","-160","8379","8379","8379","","","","","",""
"1903824","-113","-113","-113","8380","8380","8380","","","","","",""
"1903868","-151","-151","-151","8381","8381","8381","","","","","",""
"1904000","","","","","","","-200","-200","-200","5950","5950","5950"
"1904248","-115","-115","-115","8383","8383","8383","","","","","",""
"1904276","-119","-119","-119","8384","8384","8384","","","","","",""
"1904292","-117","-117","-117","8385","8385","8385","","","","","",""
"1904336","-117","-117","-117","8386","8386","8386","","","","","",""
"1904660","-92","-92","-92","8388","8388","8388","","","","","",""
"1904800","","","","","","","-200","-200","-200","5953","5953","5953"
"1904888","-160","-160","-160","8389","8389","8389","","","","","",""
"1904960","-156","-156","-156","8390","8390","8390","","","","","",""
"1904968","-173","-173","-173","8391","8391","8391","","","","","",""
"1905104","-111","-111","-111","8392","8392","8392","","","","","",""
"1905236","-87","-87","-87","8394","8394","8394","","","","","",""
"1905420","-113","-113","-113","8395","8395","8395","","","","","",""
"1905424","-116","-116","-116","8396","8396","8396","","","","","",""
"1905600","","","","","","","-200","-200","-200","5955","5955","5955"
"1905736","-158","-158","-158","8398","8398","8398","","","","","",""
"1905872","-112","-112","-112","8399","8399","8399","","","","","",""
"1905880","-161","-161","-161","8400","8400","8400","","","","","",""
"1905896","-119","-119","-119","8401","8401","8401","","","","","",""
"1906188","-113","-113","-113","8403","8403","8403","","","","","",""
"1906356","-121","-121","-121","8404","8404","8404","","","","","",""
"1906368","-118","-118","-118","8405","8405","8405","","","","","",""
"1906400","","","","","","","-200","-200","-200","5958","5958","5958"
"1906636","-189","-189","-189","8406","8406","8406","","","","","",""
"1906640","-113","-113","-113","8407","8407","8407","","","","","",""
"1906820","-113","-113","-113","8409","8409","8409","","","","","",""
"1906996","-160","-160","-160","8410","8410","8410","","","","","",""
"1907084","-111","-111","-111","8411","8411","8411","","","","","",""
"1907200","","","","","","","-200","-200","-200","5960","5960","5960"
"1907276","-160","-160","-160","8413","8413","8413","","","","","",""
"1907464","-117","-117","-117","8414","8414","8414","","","","","",""
"1907548","-182","-182","-182","8415","8415","8415","","","","","",""
"1907560","-119","-119","-119","8416","8416","8416","","","","","",""
"1907736","-115","-115","-115","8418","8418","8418","","","","","",""
"1907956","-99","-99","-99","8419","8419","8419","","","","","",""
"1908000","","","","","","","-200","-200","-200","5962","5962","5962"
"1908088","-156","-156","-156","8420","8420","8420","","","","","",""
"1908160","-153","-153","-153","8421","8421","8421","","","","","",""
"1908352","-154","-154","-154","8423","8423","8423","","","","","",""
"1908408","-113","-113","-113","8424","8424","8424","","","","","",""
"1908544","-114","-114","-114","8425","8425","8425","","","","","",""
"1908608","-112","-112","-112","8426","8426","8426","","","","","",""
"1908800","","","","","","","-200","-200","-200","5965","5965","5965"
"1908804","-113","-113","-113","8428","8428","8428","","","","","",""
"1908988","-111","-111","-111","8429","8429","8429","","","","","",""
"1909060","-113","-113","-113","8430","8430","8430","","","","","",""
"1909268","-116","-116","-116","8432","8432","8432","","","","","",""
"1909520","-115","-115","-115","8433","8433","8433","","","","","",""
"1909600","","","","","","","-200","-200","-200","5967","5967","5967"
"1909620","-158","-158","-158","8434","8434","8434","","","","","",""
"1909692","-158","-158","-158","8435","8435","8435","","","","","",""
"1909712","-111","-111","-111","8436","8436","8436","","","","","",""
"1909984","-116","-116","-116","8438","8438","8438","","","","","",""
"1910120","-125","-125","-125","8439","8439","8439","","","","","",""
"1910160","-117","-117","-117","8440","8440","8440","","","","","",""
"1910304","-148","-148","-148","8442","8442","8442","","","","","",""
"1910376","-98","-98","-98","8443","8443","8443","","","","","",""
"1910400","","","","","","","-200","-200","-200","5970","5970","5970"
"1910508","-87","-87","-87","8444","8444","8444","","","","","",""
"1910740","-155","-155","-155","8445","8445","8445","","","","","",""
"1910756","-113","-113","-113","8446","8446","8446","","","","","",""
"1910844","-117","-117","-117","8448","8448","8448","","","","","",""
"1910948","-110","-110","-110","8449","8449","8449","","","","","",""
"1911192","-113","-113","-113","8450","8450","8450","","","","","",""
"1911200","","","","","","","-200","-200","-200","5972","5972","5972"
"1911392","-111","-111","-111","8452","8452","8452","","","","","",""
"1911428","-168","-168","-168","8453","8453","8453","","","","","",""
"1911520","-169","-169","-169","8454","8454","8454","","","","","",""
"1911644","-113","-113","-113","8455","8455","8455","","","","","",""
"1911880","-113","-113","-113","8457","8457","8457","","","","","",""
"1911888","-124","-124","-124","8458","8458","8458","","","","","",""
"1911984","-116","-116","-116","8459","8459","8459","","","","","",""
"1912000","","","","","","","-200","-200","-200","5975","5975","5975"
"1912052","-102","-102","-102","8460","8460","8460","","","","","",""
"1912344","-114","-114","-114","8462","8462","8462","","","","","",""
"1912504","-156","-156","-156","8463","8463","8463","","","","","",""
"1912584","-150","-150","-150","8464","8464","8464","","","","","",""
"1912740","-172","-172","-172","8465","8465","8465","","","","","",""
"1912800","","","","","","","-200","-200","-200","5977","5977","5977"
"1912984","-160","-160","-160","8467","8467","8467","","","","","",""
"1913108","-151","-151","-151","8468","8468","8468","","","","","",""
"1913232","-162","-162","-162","8469","8469","8469","","","","","",""
"1913348","-152","-152","-152","8471","8471","8471","","","","","",""
"1913580","-87","-87","-87","8472","8472","8472","","","","","",""
"1913596","-153","-153","-153","8473","8473","8473","","","","","",""
"1913600","","","","","","","-200","-200","-200","5980","5980","5980"
"1913756","-162","-162","-162","8474","8474","8474","","","","","",""
"1913932","-146","-146","-146","8476","8476","8476","","","","","",""
"1914080","-125","-125","-125","8477","8477","8477","","","","","",""
"1914208","-153","-153","-153","8478","8478","8478","","","","","",""
"1914400","-117","-117","-117","8480","8480","8480","-200","-200","-200","5983","5983","5983"
"1914448","-173","-173","-173","8481","8481","8481","","","","","",""
"1914548","-117","-117","-117","8482","8482","8482","","","","","",""
"1914788","-85","-85","-85","8483","8483","8483","","","","","",""
"1914840","-158","-158","-158","8484","8484","8484","","","","","",""
"1915084","-171","-171","-171","8486","8486","8486","","","","","",""
"1915140","-88","-88","-88","8487","8487","8487","","","","","",""
"1915200","","","","","","","-200","-200","-200","5985","5985","5985"
"1915208","-165","-165","-165","8488","8488","8488","","","","","",""
"1915500","-165","-165","-165","8490","8490","8490","","","","","",""
"1915584","-125","-125","-125","8491","8491","8491","","","","","",""
"1915648","-110","-110","-110","8492","8492","8492","","","","","",""
"1915792","-163","-163","-163","8493","8493","8493","","","","","",""
"1915960","-115","-115","-115","8495","8495","8495","","","","","",""
"1916000","","","","","","","-200","-200","-200","5988","5988","5988"
"1916088","-126","-126","-126","8496","8496","8496","","","","","",""
"1916112","-116","-116","-116","8497","8497","8497","","","","","",""
"1916176","-96","-96","-96","8498","8498","8498","","","","","",""
"1916432","-118","-118","-118","8500","8500","8500","","","","","",""
"1916556","-117","-117","-117","8501","8501","8501","","","","","",""
"1916684","-127","-127","-127","8502","8502","8502","","","","","",""
"1916788","-169","-169","-169","8503","8503","8503","","","","","",""
"1916800","","","","","","","-200","-200","-200","5990","5990","5990"
"1917024","-117","-117","-117","8505","8505","8505","","","","","",""
"1917124","-173","-173","-173","8506","8506","8506","","","","","",""
"1917132","-86","-86","-86","8507","8507","8507","","","","","",""
"1917300","-154","-154","-154","8508","8508","8508","","","","","",""
"1917372","-87","-87","-87","8509","8509","8509","","","","","",""
"1917568","-111","-111","-111","8511","8511","8511","","","","","",""
"1917600","","","","","","","-200","-200","-200","5993","5993","5993"
"1917688","-139","-139","-139","8512","8512","8512","","","","","",""
"1917720","-87","-87","-87","8513","8513","8513","","","","","",""
"1917944","-161","-161","-161","8514","8514","8514","","","","","",""
"1918056","-84","-84","-84","8516","8516","8516","","","","","",""
"1918172","-151","-151","-151","8517","8517","8517","","","","","",""
"1918376","-172","-172","-172","8518","8518","8518","","","","","",""
"1918400","","","","","","","-200","-200","-200","5995","5995","5995"
"1918416","-118","-118","-118","8519","8519","8519","","","","","",""
"1918512","-114","-114","-114","8521","8521","8521","","","","","",""
"1918636","-116","-116","-116","8522","8522","8522","","","","","",""
"1918716","-85","-85","-85","8523","8523","8523","","","","","",""
"1918904","-122","-122","-122","8524","8524","8524","","","","","",""
"1918964","-113","-113","-113","8525","8525","8525","","","","","",""
"1919100","-116","-116","-116","8527","8527","8527","","","","","",""
"1919200","","","","","","","-200","-200","-200","5998","5998","5998"
"1919216","-125","-125","-125","8528","8528","8528","","","","","",""
"1919584","-92","-92","-92","8530","8530","8530","","","","","",""
"1919604","-175","-175","-175","8531","8531","8531","","","","","",""
"1919612","-162","-162","-162","8532","8532","8532","","","","","",""
"1919772","-168","-168","-168","8533","8533","8533","","","","","",""
"1919940","-89","-89","-89","8534","8534","8534","","","","","",""
"1919960","-89","-89","-89","8535","8535","8535","","","","","",""
"1919996","-96","-96","-96","8536","8536","8536","","","","","",""
"1920000","","","","","","","-200","-200","-200","6000","6000","6000"
"1920188","-104","-104","-104","8538","8538","8538","","","","","",""
"1920312","-88","-88","-88","8539","8539","8539","","","","","",""
"1920396","-114","-114","-114","8540","8540","8540","","","","","",""
"1920596","-150","-150","-150","8542","8542","8542","","","","","",""
"1920684","-93","-93","-93","8543","8543","8543","","","","","",""
"1920800","","","","","","","-200","-200","-200","6002","6002","6002"
"1920892","-176","-176","-176","8544","8544","8544","","","","","",""
"1920944","-87","-87","-87","8545","8545","8545","","","","","",""
"1920980","-146","-146","-146","8546","8546","8546","","","","","",""
"1921288","-151","-151","-151","8548","8548","8548","","","","","",""
"1921544","-163","-163","-163","8550","8550","8550","","","","","",""
"1921560","-154","-154","-154","8551","8551","8551","","","","","",""
"1921568","-147","-147","-147","8552","8552","8552","","","","","",""
"1921600","","","","","","","-200","-200","-200","6005","6005","6005"
"1921764","-119","-119","-119","8553","8553","8553","","","","","",""
"1921940","-93","-93","-93","8554","8554","8554","","","","","",""
"1922024","-120","-120","-120","8555","8555","8555","","","","","",""
"1922036","-119","-119","-119","8556","8556","8556","","","","","",""
"1922400","","","","","","","-200","-200","-200","6007","6007","6007"
"1922484","-112","-112","-112","8558","8558","8558","","","","","",""
"1922504","-185","-185","-185","8559","8559","8559","","","","","",""
"1922576","-138","-138","-138","8561","8561","8561","","","","","",""
"1922588","-162","-162","-162","8562","8562","8562","","","","","",""
"1922932","-107","-107","-107","8563","8563","8563","","","","","",""
"1922948","-116","-116","-116","8564","8564","8564","","","","","",""
"1923060","-118","-118","-118","8565","8565","8565","","","","","",""
"1923200","","","","","","","-200","-200","-200","6010","6010","6010"
"1923316","-185","-185","-185","8567","8567","8567","","","","","",""
"1923384","-109","-109","-109","8568","8568","8568","","","","","",""
"1923396","-116","-116","-116","8569","8569","8569","","","","","",""
"1923540","-120","-120","-120","8570","8570","8570","","","","","",""
"1923672","-89","-89","-89","8572","8572","8572","","","","","",""
"1923756","-90","-90","-90","8573","8573","8573","","","","","",""
"1923764","-95","-95","-95","8574","8574","8574","","","","","",""
"1924000","","","","","","","-200","-200","-200","6012","6012","6012"
"1924004","-116","-116","-116","8575","8575","8575","","","","","",""
"1924028","-89","-89","-89","8576","8576","8576","","","","","",""
"1924112","-89","-89","-89","8578","8578","8578","","","","","",""
"1924240","-119","-119","-119","8579","8579","8579","","","","","",""
"1924344","-85","-85","-85","8580","8580","8580","","","","","",""
"1924608","-92","-92","-92","8581","8581","8581","","","","","",""
"1924696","-88","-88","-88","8582","8582","8582","","","","","",""
"1924728","-175","-175","-175","8583","8583","8583","","","","","",""
"1924800","","","","","","","-200","-200","-200","6015","6015","6015"
"1924884","-193","-193","-193","8584","8584","8584","","","","","",""
"1925100","-101","-101","-101","8585","8585","8585","","","","","",""
"1925152","-106","-106","-106","8587","8587","8587","","","","","",""
"1925308","-175","-175","-175","8588","8588","8588","","","","","",""
"1925376","-123","-123","-123","8589","8589","8589","","","","","",""
"1925556","-114","-114","-114","8590","8590","8590","","","","","",""
"1925600","","","","","","","-200","-200","-200","6017","6017","6017"
"1925604","-113","-113","-113","8591","8591","8591","","","","","",""
"1925672","-91","-91","-91","8593","8593","8593","","","","","",""
"1925840","-116","-116","-116","8594","8594","8594","","","","","",""
"1926036","-120","-120","-120","8595","8595","8595","","","","","",""
"1926156","-138","-138","-138","8597","8597","8597","","","","","",""
"1926172","-125","-125","-125","8598","8598","8598","","","","","",""
"1926300","-115","-115","-115","8599","8599","8599","","","","","",""
"1926400","","","","","","","-200","-200","-200","6020","6020","6020"
"1926520","-121","-121","-121","8600","8600","8600","","","","","",""
"1926536","-95","-95","-95","8601","8601","8601","","","","","",""
"1926644","-118","-118","-118","8602","8602","8602","","","","","",""
"1926792","-123","-123","-123","8604","8604","8604","","","","","",""
"1926980","-115","-115","-115","8605","8605","8605","","","","","",""
"1927028","-123","-123","-123","8606","8606","8606","","","","","",""
"1927144","-125","-125","-125","8607","8607","8607","","","","","",""
"1927200","","","","","","","-200","-200","-200","6023","6023","6023"
"1927204","-103","-103","-103","8609","8609","8609","","","","","",""
"1927332","-88","-88","-88","8610","8610","8610","","","","","",""
"1927616","-118","-118","-118","8611","8611","8611","","","","","",""
"1927704","-125","-125","-125","8613","8613","8613","","","","","",""
"1927744","-179","-179","-179","8614","8614","8614","","","","","",""
"1927884","-138","-138","-138","8615","8615","8615","","","","","",""
"1928000","","","","","","","-200","-200","-200","6025","6025","6025"
"1928012","-99","-99","-99","8616","8616","8616","","","","","",""
"1928104","-90","-90","-90","8617","8617","8617","","","","","",""
"1928296","-103","-103","-103","8619","8619","8619","","","","","",""
"1928400","-97","-97","-97","8620","8620","8620","","","","","",""
"1928428","-181","-181","-181","8621","8621","8621","","","","","",""
"1928596","-123","-123","-123","8622","8622","8622","","","","","",""
"1928748","-113","-113","-113","8624","8624","8624","","","","","",""
"1928800","","","","","","","-200","-200","-200","6028","6028","6028"
"1928860","-115","-115","-115","8625","8625","8625","","","","","",""
"1928916","-122","-122","-122","8626","8626","8626","","","","","",""
"1929044","-112","-112","-112","8627","8627","8627","","","","","",""
"1929236","-122","-122","-122","8629","8629","8629","","","","","",""
"1929480","-109","-109","-109","8630","8630","8630","","","","","",""
"1929500","-146","-146","-146","8631","8631","8631","","","","","",""
"1929556","-174","-174","-174","8632","8632","8632","","","","","",""
"1929600","","","","","","","-200","-200","-200","6030","6030","6030"
"1929688","-113","-113","-113","8633","8633","8633","","","","","",""
"1929952","-113","-113","-113","8635","8635","8635","","","","","",""
"1930084","-99","-99","-99","8636","8636","8636","","","","","",""
"1930096","-154","-154","-154","8637","8637","8637","","","","","",""
"1930184","-157","-157","-157","8638","8638","8638","","","","","",""
"1930328","-94","-94","-94","8640","8640","8640","","","","","",""
"1930400","","","","","","","-200","-200","-200","6033","6033","6033"
"1930536","-88","-88","-88","8641","8641","8641","","","","","",""
"1930568","-121","-121","-121","8642","8642","8642","","","","","",""
"1930680","-146","-146","-146","8643","8643","8643","","","","","",""
"1930784","-114","-114","-114","8645","8645","8645","","","","","",""
"1930984","-112","-112","-112","8646","8646","8646","","","","","",""
"1931020","-113","-113","-113","8647","8647","8647","","","","","",""
"1931140","-115","-115","-115","8648","8648","8648","","","","","",""
"1931188","-101","-101","-101","8649","8649","8649","","","","","",""
"1931200","","","","","","","-200","-200","-200","6035","6035","6035"
"1931444","-115","-115","-115","8651","8651","8651","","","","","",""
"1931500","-120","-120","-120","8652","8652","8652","","","","","",""
"1931592","-101","-101","-101","8653","8653","8653","","","","","",""
"1931924","-120","-120","-120","8655","8655","8655","","","","","",""
"1931952","-113","-113","-113","8656","8656","8656","","","","","",""
"1931968","-94","-94","-94","8657","8657","8657","","","","","",""
"1932000","","","","","","","-200","-200","-200","6038","6038","6038"
"1932064","-118","-118","-118","8658","8658","8658","","","","","",""
"1932288","-91","-91","-91","8659","8659","8659","","","","","",""
"1932320","-88","-88","-88","8660","8660","8660","","","","","",""
"1932420","-117","-117","-117","8661","8661","8661","","","","","",""
"1932476","-103","-103","-103","8662","8662","8662","","","","","",""
"1932748","-115","-115","-115","8663","8663","8663","","","","","",""
"1932784","-116","-116","-116","8664","8664","8664","","","","","",""
"1932800","","","","","","","-200","-200","-200","6040","6040","6040"
"1932812","-84","-84","-84","8666","8666","8666","","","","","",""
"1932844","-106","-106","-106","8667","8667","8667","","","","","",""
"1933224","-119","-119","-119","8668","8668","8668","","","","","",""
"1933276","-123","-123","-123","8669","8669","8669","","","","","",""
"1933312","-117","-117","-117","8670","8670","8670","","","","","",""
"1933460","-162","-162","-162","8671","8671","8671","","","","","",""
"1933600","","","","","","","-200","-200","-200","6042","6042","6042"
"1933748","-118","-118","-118","8672","8672","8672","","","","","",""
"1933792","-120","-120","-120","8673","8673","8673","","","","","",""
"1933848","-156","-156","-156","8675","8675","8675","","","","","",""
"1933932","-118","-118","-118","8676","8676","8676","","","","","",""
"1934228","-120","-120","-120","8677","8677","8677","","","","","",""
"1934244","-99","-99","-99","8678","8678","8678","","","","","",""
"1934380","-147","-147","-147","8680","8680","8680","","","","","",""
"1934400","","","","","","","-200","-200","-200","6045","6045","6045"
"1934412","-120","-120","-120","8681","8681","8681","","","","","",""
"1934672","-107","-107","-107","8682","8682","8682","","","","","",""
"1934692","-116","-116","-116","8683","8683","8683","","","","","",""
"1934868","-114","-114","-114","8685","8685","8685","","","","","",""
"1934892","-128","-128","-128","8686","8686","8686","","","","","",""
"1935056","-91","-91","-91","8687","8687","8687","","","","","",""
"1935120","-112","-112","-112","8688","8688","8688","","","","","",""
"1935200","","","","","","","-200","-200","-200","6047","6047","6047"
"1935336","-117","-117","-117","8689","8689","8689","","","","","",""
"1935372","-120","-120","-120","8691","8691","8691","","","","","",""
"1935532","-119","-119","-119","8692","8692","8692","","","","","",""
"1935612","-123","-123","-123","8693","8693","8693","","","","","",""
"1935796","-115","-115","-115","8694","8694","8694","","","","","",""
"1935860","-122","-122","-122","8695","8695","8695","","","","","",""
"1935988","-94","-94","-94","8697","8697","8697","","","","","",""
"1935996","-116","-116","-116","8698","8698","8698","","","","","",""
"1936000","","","","","","","-200","-200","-200","6050","6050","6050"
"1936248","-113","-113","-113","8699","8699","8699","","","","","",""
"1936432","-111","-111","-111","8701","8701","8701","","","","","",""
"1936628","-158","-158","-158","8702","8702","8702","","","","","",""
"1936724","-119","-119","-119","8703","8703","8703","","","","","",""
"1936800","","","","","","","-200","-200","-200","6052","6052","6052"
"1936884","-113","-113","-113","8704","8704","8704","","","","","",""
"1936892","-161","-161","-161","8705","8705","8705","","","","","",""
"1937084","-114","-114","-114","8707","8707","8707","","","","","",""
"1937092","-92","-92","-92","8708","8708","8708","","","","","",""
"1937252","-90","-90","-90","8709","8709","8709","","","","","",""
"1937332","-112","-112","-112","8710","8710","8710","","","","","",""
"1937552","-115","-115","-115","8712","8712","8712","","","","","",""
"1937600","","","","","","","-200","-200","-200","6055","6055","6055"
"1937656","-101","-101","-101","8713","8713","8713","","","","","",""
"1937736","-163","-163","-163","8714","8714","8714","","","","","",""
"1937792","-115","-115","-115","8715","8715","8715","","","","","",""
"1937996","-85","-85","-85","8717","8717","8717","","","","","",""
"1938024","-118","-118","-118","8718","8718","8718","","","","","",""
"1938192","-114","-114","-114","8719","8719","8719","","","","","",""
"1938400","","","","","","","-200","-200","-200","6057","6057","6057"
"1938404","-153","-153","-153","8720","8720","8720","","","","","",""
"1938440","-111","-111","-111","8722","8722","8722","","","","","",""
"1938480","-114","-114","-114","8723","8723","8723","","","","","",""
"1938636","-111","-111","-111","8724","8724","8724","","","","","",""
"1938744","-85","-85","-85","8725","8725","8725","","","","","",""
"1938924","-111","-111","-111","8726","8726","8726","","","","","",""
"1939076","-110","-110","-110","8728","8728","8728","","","","","",""
"1939100","-165","-165","-165","8729","8729","8729","","","","","",""
"1939128","-96","-96","-96","8730","8730","8730","","","","","",""
"1939200","","","","","","","-200","-200","-200","6060","6060","6060"
"1939448","-87","-87","-87","8731","8731","8731","","","","","",""
"1939480","-88","-88","-88","8733","8733","8733","","","","","",""
"1939536","-115","-115","-115","8734","8734","8734","","","","","",""
"1939548","-156","-156","-156","8735","8735","8735","","","","","",""
"1939932","-113","-113","-113","8736","8736","8736","","","","","",""
"1940000","","","","","","","-200","-200","-200","6063","6063","6063"
"1940012","-116","-116","-116","8738","8738","8738","","","","","",""
"1940076","-157","-157","-157","8739","8739","8739","","","","","",""
"1940232","-174","-174","-174","8740","8740","8740","","","","","",""
"1940392","-115","-115","-115","8741","8741","8741","","","","","",""
"1940476","-116","-116","-116","8742","8742","8742","","","","","",""
"1940572","-124","-124","-124","8744","8744","8744","","","","","",""
"1940700","-117","-117","-117","8745","8745","8745","","","","","",""
"1940800","","","","","","","-200","-200","-200","6065","6065","6065"
"1940880","-122","-122","-122","8746","8746","8746","","","","","",""
"1940936","-91","-91","-91","8747","8747","8747","","","","","",""
"1940940","-116","-116","-116","8748","8748","8748","","","","","",""
"1941188","-122","-122","-122","8750","8750","8750","","","","","",""
"1941360","-105","-105","-105","8751","8751","8751","","","","","",""
"1941404","-117","-117","-117","8752","8752","8752","","","","","",""
"1941556","-169","-169","-169","8754","8754","8754","","","","","",""
"1941600","","","","","","","-200","-200","-200","6068","6068","6068"
"1941648","-115","-115","-115","8755","8755","8755","","","","","",""
"1941864","-115","-115","-115","8756","8756","8756","","","","","",""
"1942008","-162","-162","-162","8757","8757","8757","","","","","",""
"1942024","-117","-117","-117","8759","8759","8759","","","","","",""
"1942112","-116","-116","-116","8760","8760","8760","","","","","",""
"1942236","-93","-93","-93","8761","8761","8761","","","","","",""
"1942400","","","","","","","-200","-200","-200","6070","6070","6070"
"1942464","-114","-114","-114","8762","8762","8762","","","","","",""
"1942584","-87","-87","-87","8764","8764","8764","","","","","",""
"1942588","-119","-119","-119","8765","8765","8765","","","","","",""
"1942764","-185","-185","-185","8766","8766","8766","","","","","",""
"1942936","-118","-118","-118","8767","8767","8767","","","","","",""
"1943044","-115","-115","-115","8769","8769","8769","","","","","",""
"1943200","","","","","","","-200","-200","-200","6073","6073","6073"
"1943240","-119","-119","-119","8770","8770","8770","","","","","",""
"1943264","-169","-169","-169","8771","8771","8771","","","","","",""
"1943524","-120","-120","-120","8772","8772","8772","","","","","",""
"1943604","-91","-91","-91","8774","8774","8774","","","","","",""
"1943644","-177","-177","-177","8775","8775","8775","","","","","",""
"1943956","-173","-173","-173","8776","8776","8776","","","","","",""
"1944000","","","","","","","-200","-200","-200","6075","6075","6075"
"1944128","-121","-121","-121","8778","8778","8778","","","","","",""
"1944164","-160","-160","-160","8779","8779","8779","","","","","",""
"1944244","-160","-160","-160","8780","8780","8780","","","","","",""
"1944436","-120","-120","-120","8781","8781","8781","","","","","",""
"1944608","-120","-120","-120","8783","8783","8783","","","","","",""
"1944732","-122","-122","-122","8784","8784","8784","","","","","",""
"1944800","","","","","","","-200","-200","-200","6078","6078","6078"
"1944828","-166","-166","-166","8785","8785","8785","","","","","",""
"1944932","-124","-124","-124","8786","8786","8786","","","","","",""
"1944976","-92","-92","-92","8787","8787","8787","","","","","",""
"1945208","-119","-119","-119","8789","8789","8789","","","","","",""
"1945352","-131","-131","-131","8790","8790","8790","","","","","",""
"1945388","-114","-114","-114","8791","8791","8791","","","","","",""
"1945432","-114","-114","-114","8792","8792","8792","","","","","",""
"1945580","-93","-93","-93","8793","8793","8793","","","","","",""
"1945600","","","","","","","-200","-200","-200","6080","6080","6080"
"1945748","-99","-99","-99","8795","8795","8795","","","","","",""
"1945848","-115","-115","-115","8796","8796","8796","","","","","",""
"1945900","-117","-117","-117","8797","8797","8797","","","","","",""
"1946036","-114","-114","-114","8798","8798","8798","","","","","",""
"1946116","-92","-92","-92","8800","8800","8800","","","","","",""
"1946288","-97","-97","-97","8801","8801","8801","","","","","",""
"1946400","","","","","","","-200","-200","-200","6082","6082","6082"
"1946460","-86","-86","-86","8802","8802","8802","","","","","",""
"1946648","-200","-200","-200","8804","8804","8804","","","","","",""
"1946656","-155","-155","-155","8805","8805","8805","","","","","",""
"1946920","-115","-115","-115","8806","8806","8806","","","","","",""
"1947008","-90","-90","-90","8807","8807","8807","","","","","",""
"1947104","-114","-114","-114","8808","8808","8808","","","","","",""
"1947112","-114","-114","-114","8809","8809","8809","","","","","",""
"1947200","","","","","","","-200","-200","-200","6085","6085","6085"
"1947352","-86","-86","-86","8811","8811","8811","","","","","",""
"1947388","-117","-117","-117","8812","8812","8812","","","","","",""
"1947512","-100","-100","-100","8813","8813","8813","","","","","",""
"1947552","-112","-112","-112","8814","8814","8814","","","","","",""
"1947844","-114","-114","-114","8816","8816","8816","","","","","",""
"1947928","-94","-94","-94","8817","8817","8817","","","","","",""
"1948000","-122","-122","-122","8818","8818","8818","-200","-200","-200","6087","6087","6087"
"1948120","-192","-192","-192","8819","8819","8819","","","","","",""
"1948188","-86","-86","-86","8821","8821","8821","","","","","",""
"1948460","-115","-115","-115","8822","8822","8822","","","","","",""
"1948532","-103","-103","-103","8823","8823","8823","","","","","",""
"1948544","-154","-154","-154","8824","8824","8824","","","","","",""
"1948656","-117","-117","-117","8825","8825","8825","","","","","",""
"1948800","","","","","","","-200","-200","-200","6090","6090","6090"
"1949008","-116","-116","-116","8827","8827","8827","","","","","",""
"1949092","-158","-158","-158","8828","8828","8828","","","","","",""
"1949136","-120","-120","-120","8829","8829","8829","","","","","",""
"1949468","-115","-115","-115","8831","8831","8831","","","","","",""
"1949600","","","","","","","-200","-200","-200","6092","6092","6092"
"1949732","-160","-160","-160","8833","8833","8833","","","","","",""
"1949760","-156","-156","-156","8834","8834","8834","","","","","",""
"1949764","-157","-157","-157","8835","8835","8835","","","","","",""
"1950076","-152","-152","-152","8836","8836","8836","","","","","",""
"1950100","-92","-92","-92","8837","8837","8837","","","","","",""
"1950216","-114","-114","-114","8839","8839","8839","","","","","",""
"1950240","-119","-119","-119","8840","8840","8840","","","","","",""
"1950400","","","","","","","-200","-200","-200","6095","6095","6095"
"1950444","-86","-86","-86","8841","8841","8841","","","","","",""
"1950572","-124","-124","-124","8842","8842","8842","","","","","",""
"1950596","-89","-89","-89","8843","8843","8843","","","","","",""
"1950644","-107","-107","-107","8844","8844","8844","","","","","",""
"1950916","-118","-118","-118","8846","8846","8846","","","","","",""
"1950932","-90","-90","-90","8847","8847","8847","","","","","",""
"1951000","-89","-89","-89","8848","8848","8848","","","","","",""
"1951060","-116","-116","-116","8849","8849","8849","","","","","",""
"1951200","","","","","","","-200","-200","-200","6097","6097","6097"
"1951272","-85","-85","-85","8851","8851","8851","","","","","",""
"1951544","-157","-157","-157","8852","8852","8852","","","","","",""
"1951624","-156","-156","-156","8853","8853","8853","","","","","",""
"1951648","-147","-147","-147","8854","8854","8854","","","","","",""
"1951924","-163","-163","-163","8856","8856","8856","","","","","",""
"1951964","-85","-85","-85","8857","8857","8857","","","","","",""
"1952000","-88","-88","-88","8858","8858","8858","-200","-200","-200","6100","6100","6100"
"1952148","-151","-151","-151","8859","8859","8859","","","","","",""
"1952256","-83","-83","-83","8860","8860","8860","","","","","",""
"1952308","-86","-86","-86","8861","8861","8861","","","","","",""
"1952600","-150","-150","-150","8862","8862","8862","","","","","",""
"1952772","-116","-116","-116","8864","8864","8864","","","","","",""
"1952800","","","","","","","-200","-200","-200","6103","6103","6103"
"1952844","-147","-147","-147","8865","8865","8865","","","","","",""
"1953200","-150","-150","-150","8866","8866","8866","","","","","",""
"1953360","-147","-147","-147","8868","8868","8868","","","","","",""
"1953372","-132","-132","-132","8869","8869","8869","","","","","",""
"1953400","-157","-157","-157","8870","8870","8870","","","","","",""
"1953548","-87","-87","-87","8871","8871","8871","","","","","",""
"1953600","","","","","","","-200","-200","-200","6105","6105","6105"
"1953956","-149","-149","-149","8873","8873","8873","","","","","",""
"1953976","-151","-151","-151","8874","8874","8874","","","","","",""
"1953996","-112","-112","-112","8875","8875","8875","","","","","",""
"1954036","-159","-159","-159","8876","8876","8876","","","","","",""
"1954400","","","","","","","-200","-200","-200","6108","6108","6108"
"1954448","-113","-113","-113","8878","8878","8878","","","","","",""
"1954480","-111","-111","-111","8879","8879","8879","","","","","",""
"1954556","-145","-145","-145","8880","8880","8880","","","","","",""
"1954592","-159","-159","-159","8881","8881","8881","","","","","",""
"1954932","-85","-85","-85","8883","8883","8883","","","","","",""
"1954948","-117","-117","-117","8884","8884","8884","","","","","",""
"1955056","-152","-152","-152","8885","8885","8885","","","","","",""
"1955180","-156","-156","-156","8886","8886","8886","","","","","",""
"1955200","","","","","","","-200","-200","-200","6110","6110","6110"
"1955380","-112","-112","-112","8888","8888","8888","","","","","",""
"1955496","-110","-110","-110","8889","8889","8889","","","","","",""
"1955620","-110","-110","-110","8890","8890","8890","","","","","",""
"1955632","-171","-171","-171","8891","8891","8891","","","","","",""
"1955852","-89","-89","-89","8893","8893","8893","","","","","",""
"1955968","-147","-147","-147","8894","8894","8894","","","","","",""
"1956000","","","","","","","-200","-200","-200","6113","6113","6113"
"1956188","-84","-84","-84","8895","8895","8895","","","","","",""
"1956232","-153","-153","-153","8896","8896","8896","","","","","",""
"1956280","-162","-162","-162","8897","8897","8897","","","","","",""
"1956560","-148","-148","-148","8899","8899","8899","","","","","",""
"1956668","-120","-120","-120","8900","8900","8900","","","","","",""
"1956720","-110","-110","-110","8901","8901","8901","","","","","",""
"1956800","","","","","","","-200","-200","-200","6115","6115","6115"
"1956860","-157","-157","-157","8902","8902","8902","","","","","",""
"1957020","-88","-88","-88","8904","8904","8904","","","","","",""
"1957044","-121","-121","-121","8905","8905","8905","","","","","",""
"1957204","-86","-86","-86","8906","8906","8906","","","","","",""
"1957328","-152","-152","-152","8907","8907","8907","","","","","",""
"1957440","-99","-99","-99","8909","8909","8909","","","","","",""
"1957476","-114","-114","-114","8910","8910","8910","","","","","",""
"1957600","","","","","","","-200","-200","-200","6118","6118","6118"
"1957648","-111","-111","-111","8911","8911","8911","","","","","",""
"1957792","-116","-116","-116","8912","8912","8912","","","","","",""
"1957888","-112","-112","-112","8913","8913","8913","","","","","",""
"1957952","-119","-119","-119","8914","8914","8914","","","","","",""
"1958132","-121","-121","-121","8915","8915","8915","","","","","",""
"1958256","-116","-116","-116","8916","8916","8916","","","","","",""
"1958332","-111","-111","-111","8917","8917","8917","","","","","",""
"1958400","","","","","","","-200","-200","-200","6120","6120","6120"
"1958404","-113","-113","-113","8919","8919","8919","","","","","",""
"1958484","-88","-88","-88","8920","8920","8920","","","","","",""
"1958616","-90","-90","-90","8921","8921","8921","","","","","",""
"1958676","-86","-86","-86","8922","8922","8922","","","","","",""
"1958924","-110","-110","-110","8924","8924","8924","","","","","",""
"1959128","-113","-113","-113","8925","8925","8925","","","","","",""
"1959160","-189","-189","-189","8926","8926","8926","","","","","",""
"1959200","","","","","","","-200","-200","-200","6122","6122","6122"
"1959280","-166","-166","-166","8927","8927","8927","","","","","",""
"1959396","-118","-118","-118","8928","8928","8928","","","","","",""
"1959604","-119","-119","-119","8930","8930","8930","","","","","",""
"1959724","-141","-141","-141","8931","8931","8931","","","","","",""
"1959728","-112","-112","-112","8932","8932","8932","","","","","",""
"1959940","-84","-84","-84","8934","8934","8934","","","","","",""
"1960000","","","","","","","-200","-200","-200","6125","6125","6125"
"1960016","-155","-155","-155","8935","8935","8935","","","","","",""
"1960068","-86","-86","-86","8936","8936","8936","","","","","",""
"1960376","-162","-162","-162","8937","8937","8937","","","","","",""
"1960388","-112","-112","-112","8938","8938","8938","","","","","",""
"1960480","-116","-116","-116","8940","8940","8940","","","","","",""
"1960536","-117","-117","-117","8941","8941","8941","","","","","",""
"1960732","-89","-89","-89","8942","8942","8942","","","","","",""
"1960800","","","","","","","-200","-200","-200","6127","6127","6127"
"1960832","-88","-88","-88","8943","8943","8943","","","","","",""
"1960876","-122","-122","-122","8944","8944","8944","","","","","",""
"1960988","-113","-113","-113","8946","8946","8946","","","","","",""
"1961200","-117","-117","-117","8947","8947","8947","","","","","",""
"1961296","-116","-116","-116","8948","8948","8948","","","","","",""
"1961328","-85","-85","-85","8949","8949","8949","","","","","",""
"1961460","-146","-146","-146","8950","8950","8950","","","","","",""
"1961600","","","","","","","-200","-200","-200","6130","6130","6130"
"1961648","-112","-112","-112","8952","8952","8952","","","","","",""
"1961760","-116","-116","-116","8953","8953","8953","","","","","",""
"1961780","-113","-113","-113","8954","8954","8954","","","","","",""
"1961920","-115","-115","-115","8955","8955","8955","","","","","",""
"1962116","-117","-117","-117","8957","8957","8957","","","","","",""
"1962204","-111","-111","-111","8958","8958","8958","","","","","",""
"1962224","-111","-111","-111","8959","8959","8959","","","","","",""
"1962360","-110","-110","-110","8960","8960","8960","","","","","",""
"1962400","","","","","","","-200","-200","-200","6132","6132","6132"
"1962608","-123","-123","-123","8962","8962","8962","","","","","",""
"1962660","-114","-114","-114","8963","8963","8963","","","","","",""
"1962684","-115","-115","-115","8964","8964","8964","","","","","",""
"1962956","-87","-87","-87","8965","8965","8965","","","","","",""
"1962996","-84","-84","-84","8966","8966","8966","","","","","",""
"1963028","-167","-167","-167","8968","8968","8968","","","","","",""
"1963200","","","","","","","-200","-200","-200","6135","6135","6135"
"1963356","-90","-90","-90","8969","8969","8969","","","","","",""
"1963384","-89","-89","-89","8970","8970","8970","","","","","",""
"1963472","-111","-111","-111","8971","8971","8971","","","","","",""
"1963604","-162","-162","-162","8973","8973","8973","","","","","",""
"1963808","-113","-113","-113","8974","8974","8974","","","","","",""
"1963984","-150","-150","-150","8975","8975","8975","","","","","",""
"1964000","","","","","","","-200","-200","-200","6137","6137","6137"
"1964176","-176","-176","-176","8977","8977","8977","","","","","",""
"1964236","-158","-158","-158","8978","8978","8978","","","","","",""
"1964248","-110","-110","-110","8979","8979","8979","","","","","",""
"1964432","-112","-112","-112","8980","8980","8980","","","","","",""
"1964692","-114","-114","-114","8982","8982","8982","","","","","",""
"1964704","-114","-114","-114","8983","8983","8983","","","","","",""
"1964800","","","","","","","-200","-200","-200","6140","6140","6140"
"1964812","-159","-159","-159","8984","8984","8984","","","","","",""
"1964876","-111","-111","-111","8985","8985","8985","","","","","",""
"1965052","-87","-87","-87","8986","8986","8986","","","","","",""
"1965236","-90","-90","-90","8988","8988","8988","","","","","",""
"1965332","-160","-160","-160","8989","8989","8989","","","","","",""
"1965440","-157","-157","-157","8990","8990","8990","","","","","",""
"1965516","-116","-116","-116","8991","8991","8991","","","","","",""
"1965600","","","","","","","-200","-200","-200","6143","6143","6143"
"1965608","-93","-93","-93","8993","8993","8993","","","","","",""
"1965832","-125","-125","-125","8994","8994","8994","","","","","",""
"1965936","-124","-124","-124","8995","8995","8995","","","","","",""
"1965964","-89","-89","-89","8996","8996","8996","","","","","",""
"1965976","-115","-115","-115","8997","8997","8997","","","","","",""
"1966276","-111","-111","-111","8999","8999","8999","","","","","",""
"1966400","","","","","","","-200","-200","-200","6145","6145","6145"
"1966464","-125","-125","-125","9000","9000","9000","","","","","",""
"1966672","-184","-184","-184","9002","9002","9002","","","","","",""
"1966720","-111","-111","-111","9003","9003","9003","","","","","",""
"1967084","-155","-155","-155","9004","9004","9004","","","","","",""
"1967156","-121","-121","-121","9006","9006","9006","","","","","",""
"1967184","-116","-116","-116","9007","9007","9007","","","","","",""
"1967200","","","","","","","-200","-200","-200","6148","6148","6148"
"1967332","-153","-153","-153","9008","9008","9008","","","","","",""
"1967572","-104","-104","-104","9009","9009","9009","","","","","",""
"1967656","-118","-118","-118","9011","9011","9011","","","","","",""
"1967912","-85","-85","-85","9012","9012","9012","","","","","",""
"1967940","-152","-152","-152","9013","9013","9013","","","","","",""
"1968000","","","","","","","-200","-200","-200","6150","6150","6150"
"1968036","-116","-116","-116","9014","9014","9014","","","","","",""
"1968104","-112","-112","-112","9015","9015","9015","","","","","",""
"1968284","-86","-86","-86","9017","9017","9017","","","","","",""
"1968388","-119","-119","-119","9018","9018","9018","","","","","",""
"1968464","-90","-90","-90","9019","9019","9019","","","","","",""
"1968512","-119","-119","-119","9020","9020","9020","","","","","",""
"1968716","-108","-108","-108","9022","9022","9022","","","","","",""
"1968800","-103","-103","-103","9023","9023","9023","-200","-200","-200","6153","6153","6153"
"1968920","-114","-114","-114","9024","9024","9024","","","","","",""
"1969116","-100","-100","-100","9025","9025","9025","","","","","",""
"1969164","-163","-163","-163","9027","9027","9027","","","","","",""
"1969256","-114","-114","-114","9028","9028","9028","","","","","",""
"1969376","-114","-114","-114","9029","9029","9029","","","","","",""
"1969572","-114","-114","-114","9030","9030","9030","","","","","",""
"1969600","","","","","","","-200","-200","-200","6155","6155","6155"
"1969620","-114","-114","-114","9031","9031","9031","","","","","",""
"1969752","-124","-124","-124","9033","9033","9033","","","","","",""
"1969836","-115","-115","-115","9034","9034","9034","","","","","",""
"1970012","-110","-110","-110","9035","9035","9035","","","","","",""
"1970084","-116","-116","-116","9036","9036","9036","","","","","",""
"1970196","-90","-90","-90","9038","9038","9038","","","","","",""
"1970212","-115","-115","-115","9039","9039","9039","","","","","",""
"1970400","","","","","","","-200","-200","-200","6158","6158","6158"
"1970464","-95","-95","-95","9040","9040","9040","","","","","",""
"1970476","-116","-116","-116","9041","9041","9041","","","","","",""
"1970832","-155","-155","-155","9043","9043","9043","","","","","",""
"1970836","-160","-160","-160","9044","9044","9044","","","","","",""
"1970856","-98","-98","-98","9045","9045","9045","","","","","",""
"1970872","-99","-99","-99","9046","9046","9046","","","","","",""
"1971200","","","","","","","-200","-200","-200","6160","6160","6160"
"1971244","-102","-102","-102","9048","9048","9048","","","","","",""
"1971284","-113","-113","-113","9049","9049","9049","","","","","",""
"1971320","-116","-116","-116","9050","9050","9050","","","","","",""
"1971332","-115","-115","-115","9051","9051","9051","","","","","",""
"1971740","-114","-114","-114","9053","9053","9053","","","","","",""
"1971756","-128","-128","-128","9054","9054","9054","","","","","",""
"1971768","-112","-112","-112","9055","9055","9055","","","","","",""
"1971788","-114","-114","-114","9056","9056","9056","","","","","",""
"1972000","","","","","","","-200","-200","-200","6162","6162","6162"
"1972124","-92","-92","-92","9057","9057","9057","","","","","",""
"1972224","-114","-114","-114","9058","9058","9058","","","","","",""
"1972240","-113","-113","-113","9059","9059","9059","","","","","",""
"1972424","-171","-171","-171","9060","9060","9060","","","","","",""
"1972596","-118","-118","-118","9061","9061","9061","","","","","",""
"1972668","-111","-111","-111","9062","9062","9062","","","","","",""
"1972752","-128","-128","-128","9064","9064","9064","","","","","",""
"1972764","-85","-85","-85","9065","9065","9065","","","","","",""
"1972800","","","","","","","-200","-200","-200","6165","6165","6165"
"1973080","-121","-121","-121","9066","9066","9066","","","","","",""
"1973144","-119","-119","-119","9067","9067","9067","","","","","",""
"1973148","-96","-96","-96","9068","9068","9068","","","","","",""
"1973208","-114","-114","-114","9069","9069","9069","","","","","",""
"1973532","-113","-113","-113","9071","9071","9071","","","","","",""
"1973560","-88","-88","-88","9072","9072","9072","","","","","",""
"1973600","","","","","","","-200","-200","-200","6167","6167","6167"
"1973608","-115","-115","-115","9073","9073","9073","","","","","",""
"1973628","-121","-121","-121","9074","9074","9074","","","","","",""
"1974020","-122","-122","-122","9076","9076","9076","","","","","",""
"1974024","-116","-116","-116","9077","9077","9077","","","","","",""
"1974084","-119","-119","-119","9078","9078","9078","","","","","",""
"1974128","-125","-125","-125","9079","9079","9079","","","","","",""
"1974400","","","","","","","-200","-200","-200","6170","6170","6170"
"1974424","-101","-101","-101","9081","9081","9081","","","","","",""
"1974492","-102","-102","-102","9082","9082","9082","","","","","",""
"1974596","-117","-117","-117","9083","9083","9083","","","","","",""
"1974896","-118","-118","-118","9085","9085","9085","","","","","",""
"1974948","-114","-114","-114","9086","9086","9086","","","","","",""
"1974960","-117","-117","-117","9087","9087","9087","","","","","",""
"1975076","-120","-120","-120","9088","9088","9088","","","","","",""
"1975200","","","","","","","-200","-200","-200","6172","6172","6172"
"1975248","-88","-88","-88","9089","9089","9089","","","","","",""
"1975396","-109","-109","-109","9091","9091","9091","","","","","",""
"1975408","-115","-115","-115","9092","9092","9092","","","","","",""
"1975540","-116","-116","-116","9093","9093","9093","","","","","",""
"1975656","-102","-102","-102","9094","9094","9094","","","","","",""
"1975860","-113","-113","-113","9096","9096","9096","","","","","",""
"1975912","-93","-93","-93","9097","9097","9097","","","","","",""
"1976000","","","","","","","-200","-200","-200","6175","6175","6175"
"1976028","-158","-158","-158","9098","9098","9098","","","","","",""
"1976048","-98","-98","-98","9099","9099","9099","","","","","",""
"1976240","-95","-95","-95","9100","9100","9100","","","","","",""
"1976276","-91","-91","-91","9101","9101","9101","","","","","",""
"1976432","-101","-101","-101","9103","9103","9103","","","","","",""
"1976632","-89","-89","-89","9104","9104","9104","","","","","",""
"1976736","-124","-124","-124","9105","9105","9105","","","","","",""
"1976800","","","","","","","-200","-200","-200","6177","6177","6177"
"1976900","-117","-117","-117","9107","9107","9107","","","","","",""
"1977104","-92","-92","-92","9108","9108","9108","","","","","",""
"1977136","-176","-176","-176","9109","9109","9109","","","","","",""
"1977252","-155","-155","-155","9110","9110","9110","","","","","",""
"1977352","-113","-113","-113","9112","9112","9112","","","","","",""
"1977452","-87","-87","-87","9113","9113","9113","","","","","",""
"1977600","","","","","","","-200","-200","-200","6180","6180","6180"
"1977624","-93","-93","-93","9114","9114","9114","","","","","",""
"1977780","-161","-161","-161","9115","9115","9115","","","","","",""
"1977832","-120","-120","-120","9116","9116","9116","","","","","",""
"1977924","-118","-118","-118","9118","9118","9118","","","","","",""
"1978108","-121","-121","-121","9119","9119","9119","","","","","",""
"1978288","-114","-114","-114","9120","9120","9120","","","","","",""
"1978384","-151","-151","-151","9122","9122","9122","","","","","",""
"1978400","","","","","","","-200","-200","-200","6183","6183","6183"
"1978408","-121","-121","-121","9123","9123","9123","","","","","",""
"1978572","-116","-116","-116","9124","9124","9124","","","","","",""
"1978760","-94","-94","-94","9125","9125","9125","","","","","",""
"1978876","-117","-117","-117","9126","9126","9126","","","","","",""
"1978900","-153","-153","-153","9128","9128","9128","","","","","",""
"1979056","-121","-121","-121","9129","9129","9129","","","","","",""
"1979132","-93","-93","-93","9130","9130","9130","","","","","",""
"1979200","","","","","","","-200","-200","-200","6185","6185","6185"
"1979272","-93","-93","-93","9131","9131","9131","","","","","",""
"1979328","-113","-113","-113","9132","9132","9132","","","","","",""
"1979524","-117","-117","-117","9134","9134","9134","","","","","",""
"1979604","-118","-118","-118","9135","9135","9135","","","","","",""
"1979728","-114","-114","-114","9136","9136","9136","","","","","",""
"1979836","-127","-127","-127","9137","9137","9137","","","","","",""
"1979996","-118","-118","-118","9139","9139","9139","","","","","",""
"1980000","","","","","","","-200","-200","-200","6188","6188","6188"
"1980180","-113","-113","-113","9140","9140","9140","","","","","",""
"1980256","-163","-163","-163","9141","9141","9141","","","","","",""
"1980336","-125","-125","-125","9142","9142","9142","","","","","",""
"1980376","-95","-95","-95","9143","9143","9143","","","","","",""
"1980608","-88","-88","-88","9145","9145","9145","","","","","",""
"1980800","","","","","","","-200","-200","-200","6190","6190","6190"
"1980840","-126","-126","-126","9146","9146","9146","","","","","",""
"1980900","-180","-180","-180","9147","9147","9147","","","","","",""
"1981000","-156","-156","-156","9149","9149","9149","","","","","",""
"1981076","-117","-117","-117","9150","9150","9150","","","","","",""
"1981268","-92","-92","-92","9151","9151","9151","","","","","",""
"1981276","-109","-109","-109","9152","9152","9152","","","","","",""
"1981372","-93","-93","-93","9153","9153","9153","","","","","",""
"1981520","-111","-111","-111","9155","9155","9155","","","","","",""
"1981600","","","","","","","-200","-200","-200","6193","6193","6193"
"1981620","-86","-86","-86","9156","9156","9156","","","","","",""
"1981836","-116","-116","-116","9157","9157","9157","","","","","",""
"1981868","-150","-150","-150","9158","9158","9158","","","","","",""
"1981912","-98","-98","-98","9159","9159","9159","","","","","",""
"1981968","-87","-87","-87","9161","9161","9161","","","","","",""
"1982288","-113","-113","-113","9162","9162","9162","","","","","",""
"1982340","-118","-118","-118","9163","9163","9163","","","","","",""
"1982348","-95","-95","-95","9164","9164","9164","","","","","",""
"1982388","-119","-119","-119","9165","9165","9165","","","","","",""
"1982400","","","","","","","-200","-200","-200","6195","6195","6195"
"1982700","-88","-88","-88","9167","9167","9167","","","","","",""
"1982712","-93","-93","-93","9168","9168","9168","","","","","",""
"1982772","-96","-96","-96","9169","9169","9169","","","","","",""
"1983052","-88","-88","-88","9171","9171","9171","","","","","",""
"1983108","-84","-84","-84","9172","9172","9172","","","","","",""
"1983168","-114","-114","-114","9173","9173","9173","","","","","",""
"1983176","-119","-119","-119","9174","9174","9174","","","","","",""
"1983200","","","","","","","-200","-200","-200","6198","6198","6198"
"1983524","-118","-118","-118","9176","9176","9176","","","","","",""
"1983656","-120","-120","-120","9177","9177","9177","","","","","",""
"1983728","-155","-155","-155","9178","9178","9178","","","","","",""
"1983860","-84","-84","-84","9179","9179","9179","","","","","",""
"1984000","","","","","","","-200","-200","-200","6200","6200","6200"
"1984056","-100","-100","-100","9181","9181","9181","","","","","",""
"1984136","-120","-120","-120","9182","9182","9182","","","","","",""
"1984216","-89","-89","-89","9183","9183","9183","","","","","",""
"1984440","-96","-96","-96","9184","9184","9184","","","","","",""
"1984448","-180","-180","-180","9185","9185","9185","","","","","",""
"1984508","-93","-93","-93","9186","9186","9186","","","","","",""
"1984680","-116","-116","-116","9188","9188","9188","","","","","",""
"1984800","","","","","","","-200","-200","-200","6202","6202","6202"
"1984804","-91","-91","-91","9189","9189","9189","","","","","",""
"1984856","-87","-87","-87","9190","9190","9190","","","","","",""
"1984928","-120","-120","-120","9191","9191","9191","","","","","",""
"1985164","-121","-121","-121","9193","9193","9193","","","","","",""
"1985264","-84","-84","-84","9194","9194","9194","","","","","",""
"1985420","-154","-154","-154","9195","9195","9195","","","","","",""
"1985548","-173","-173","-173","9197","9197","9197","","","","","",""
"1985600","","","","","","","-200","-200","-200","6205","6205","6205"
"1985768","-151","-151","-151","9198","9198","9198","","","","","",""
"1985804","-96","-96","-96","9199","9199","9199","","","","","",""
"1985896","-158","-158","-158","9200","9200","9200","","","","","",""
"1986108","-85","-85","-85","9202","9202","9202","","","","","",""
"1986224","-169","-169","-169","9203","9203","9203","","","","","",""
"1986316","-128","-128","-128","9204","9204","9204","","","","","",""
"1986368","-118","-118","-118","9205","9205","9205","","","","","",""
"1986400","","","","","","","-200","-200","-200","6207","6207","6207"
"1986668","-88","-88","-88","9207","9207","9207","","","","","",""
"1986788","-170","-170","-170","9208","9208","9208","","","","","",""
"1986816","-148","-148","-148","9209","9209","9209","","","","","",""
"1987036","-92","-92","-92","9210","9210","9210","","","","","",""
"1987040","-168","-168","-168","9211","9211","9211","","","","","",""
"1987200","","","","","","","-200","-200","-200","6210","6210","6210"
"1987288","-125","-125","-125","9213","9213","9213","","","","","",""
"1987372","-84","-84","-84","9214","9214","9214","","","","","",""
"1987392","-144","-144","-144","9215","9215","9215","","","","","",""
"1987520","-120","-120","-120","9216","9216","9216","","","","","",""
"1987748","-94","-94","-94","9218","9218","9218","","","","","",""
"1987756","-91","-91","-91","9219","9219","9219","","","","","",""
"1987868","-87","-87","-87","9220","9220","9220","","","","","",""
"1987904","-154","-154","-154","9221","9221","9221","","","","","",""
"1988000","","","","","","","-200","-200","-200","6212","6212","6212"
"1988132","-96","-96","-96","9223","9223","9223","","","","","",""
"1988204","-112","-112","-112","9224","9224","9224","","","","","",""
"1988268","-91","-91","-91","9225","9225","9225","","","","","",""
"1988452","-146","-146","-146","9226","9226","9226","","","","","",""
"1988540","-84","-84","-84","9227","9227","9227","","","","","",""
"1988580","-112","-112","-112","9228","9228","9228","","","","","",""
"1988736","-117","-117","-117","9230","9230","9230","","","","","",""
"1988800","","","","","","","-200","-200","-200","6215","6215","6215"
"1988832","-95","-95","-95","9231","9231","9231","","","","","",""
"1989112","-94","-94","-94","9232","9232","9232","","","","","",""
"1989184","-161","-161","-161","9234","9234","9234","","","","","",""
"1989188","-89","-89","-89","9235","9235","9235","","","","","",""
"1989192","-153","-153","-153","9236","9236","9236","","","","","",""
"1989532","-87","-87","-87","9237","9237","9237","","","","","",""
"1989600","","","","","","","-200","-200","-200","6217","6217","6217"
"1989636","-112","-112","-112","9239","9239","9239","","","","","",""
"1989640","-112","-112","-112","9240","9240","9240","","","","","",""
"1989788","-169","-169","-169","9241","9241","9241","","","","","",""
"1989988","-87","-87","-87","9242","9242","9242","","","","","",""
"1990116","-120","-120","-120","9243","9243","9243","","","","","",""
"1990148","-154","-154","-154","9245","9245","9245","","","","","",""
"1990168","-95","-95","-95","9246","9246","9246","","","","","",""
"1990348","-90","-90","-90","9247","9247","9247","","","","","",""
"1990400","","","","","","","-200","-200","-200","6220","6220","6220"
"1990596","-120","-120","-120","9248","9248","9248","","","","","",""
"1990600","-113","-113","-113","9249","9249","9249","","","","","",""
"1990616","-112","-112","-112","9250","9250","9250","","","","","",""
"1990948","-88","-88","-88","9252","9252","9252","","","","","",""
"1990960","-86","-86","-86","9253","9253","9253","","","","","",""
"1990988","-160","-160","-160","9254","9254","9254","","","","","",""
"1991080","-120","-120","-120","9255","9255","9255","","","","","",""
"1991200","","","","","","","-200","-200","-200","6223","6223","6223"
"1991344","-89","-89","-89","9257","9257","9257","","","","","",""
"1991424","-119","-119","-119","9258","9258","9258","","","","","",""
"1991428","-117","-117","-117","9259","9259","9259","","","","","",""
"1991572","-123","-123","-123","9260","9260","9260","","","","","",""
"1991696","-88","-88","-88","9262","9262","9262","","","","","",""
"1991808","-96","-96","-96","9263","9263","9263","","","","","",""
"1992000","","","","","","","-200","-200","-200","6225","6225","6225"
"1992068","-160","-160","-160","9264","9264","9264","","","","","",""
"1992200","-157","-157","-157","9266","9266","9266","","","","","",""
"1992276","-117","-117","-117","9267","9267","9267","","","","","",""
"1992284","-147","-147","-147","9268","9268","9268","","","","","",""
"1992528","-115","-115","-115","9269","9269","9269","","","","","",""
"1992648","-112","-112","-112","9270","9270","9270","","","","","",""
"1992728","-113","-113","-113","9272","9272","9272","","","","","",""
"1992800","","","","","","","-200","-200","-200","6228","6228","6228"
"1992924","-160","-160","-160","9273","9273","9273","","","","","",""
"1992968","-110","-110","-110","9274","9274","9274","","","","","",""
"1993096","-112","-112","-112","9275","9275","9275","","","","","",""
"1993360","-158","-158","-158","9277","9277","9277","","","","","",""
"1993372","-112","-112","-112","9278","9278","9278","","","","","",""
"1993412","-111","-111","-111","9279","9279","9279","","","","","",""
"1993484","-97","-97","-97","9280","9280","9280","","","","","",""
"1993600","","","","","","","-200","-200","-200","6230","6230","6230"
"1993812","-113","-113","-113","9282","9282","9282","","","","","",""
"1993824","-85","-85","-85","9283","9283","9283","","","","","",""
"1993852","-120","-120","-120","9284","9284","9284","","","","","",""
"1994068","-164","-164","-164","9285","9285","9285","","","","","",""
"1994172","-87","-87","-87","9286","9286","9286","","","","","",""
"1994224","-93","-93","-93","9287","9287","9287","","","","","",""
"1994260","-112","-112","-112","9289","9289","9289","","","","","",""
"1994400","","","","","","","-200","-200","-200","6233","6233","6233"
"1994424","-89","-89","-89","9290","9290","9290","","","","","",""
"1994672","-125","-125","-125","9291","9291","9291","","","","","",""
"1994692","-117","-117","-117","9292","9292","9292","","","","","",""
"1994716","-114","-114","-114","9293","9293","9293","","","","","",""
"1995112","-172","-172","-172","9295","9295","9295","","","","","",""
"1995116","-111","-111","-111","9296","9296","9296","","","","","",""
"1995168","-119","-119","-119","9297","9297","9297","","","","","",""
"1995176","-115","-115","-115","9298","9298","9298","","","","","",""
"1995200","","","","","","","-200","-200","-200","6235","6235","6235"
"1995560","-112","-112","-112","9300","9300","9300","","","","","",""
"1995576","-115","-115","-115","9301","9301","9301","","","","","",""
"1995632","-114","-114","-114","9302","9302","9302","","","","","",""
"1995680","-128","-128","-128","9303","9303","9303","","","","","",""
"1995984","-102","-102","-102","9305","9305","9305","","","","","",""
"1996000","","","","","","","-200","-200","-200","6238","6238","6238"
"1996008","-112","-112","-112","9306","9306","9306","","","","","",""
"1996028","-87","-87","-87","9307","9307","9307","","","","","",""
"1996100","-117","-117","-117","9308","9308","9308","","","","","",""
"1996384","-94","-94","-94","9310","9310","9310","","","","","",""
"1996476","-123","-123","-123","9311","9311","9311","","","","","",""
"1996676","-144","-144","-144","9312","9312","9312","","","","","",""
"1996692","-166","-166","-166","9313","9313","9313","","","","","",""
"1996800","","","","","","","-200","-200","-200","6240","6240","6240"
"1996852","-117","-117","-117","9315","9315","9315","","","","","",""
"1996928","-113","-113","-113","9316","9316","9316","","","","","",""
"1997124","-112","-112","-112","9317","9317","9317","","","","","",""
"1997140","-112","-112","-112","9318","9318","9318","","","","","",""
"1997204","-88","-88","-88","9319","9319","9319","","","","","",""
"1997384","-114","-114","-114","9321","9321","9321","","","","","",""
"1997600","","","","","","","-200","-200","-200","6242","6242","6242"
"1997604","-120","-120","-120","9322","9322","9322","","","","","",""
"1997848","-116","-116","-116","9324","9324","9324","","","","","",""
"1997892","-172","-172","-172","9325","9325","9325","","","","","",""
"1998064","-115","-115","-115","9326","9326","9326","","","","","",""
"1998220","-93","-93","-93","9327","9327","9327","","","","","",""
"1998300","-113","-113","-113","9328","9328","9328","","","","","",""
"1998320","-107","-107","-107","9329","9329","9329","","","","","",""
"1998400","","","","","","","-200","-200","-200","6245","6245","6245"
"1998528","-116","-116","-116","9331","9331","9331","","","","","",""
"1998692","-93","-93","-93","9332","9332","9332","","","","","",""
"1998708","-122","-122","-122","9333","9333","9333","","","","","",""
"1998748","-112","-112","-112","9334","9334","9334","","","","","",""
"1998980","-113","-113","-113","9336","9336","9336","","","","","",""
"1999160","-113","-113","-113","9337","9337","9337","","","","","",""
"1999176","-121","-121","-121","9338","9338","9338","","","","","",""
"1999200","","","","","","","-200","-200","-200","6247","6247","6247"
"1999256","-127","-127","-127","9339","9339","9339","","","","","",""
"1999344","-91","-91","-91","9340","9340","9340","","","","","",""
"1999604","-111","-111","-111","9342","9342","9342","","","","","",""
"1999632","-114","-114","-114","9343","9343","9343","","","","","",""
"1999704","-90","-90","-90","9344","9344","9344","","","","","",""
"1999708","-113","-113","-113","9345","9345","9345","","","","","",""
"2000000","","","","","","","-200","-200","-200","6250","6250","6250"
"2000080","-119","-119","-119","9347","9347","9347","","","","","",""
"2000088","-114","-114","-114","9348","9348","9348","","","","","",""
"2000164","-115","-115","-115","9349","9349","9349","","","","","",""
"2000324","-154","-154","-154","9350","9350","9350","","","","","",""
"2000428","-85","-85","-85","9352","9352","9352","","","","","",""
"2000536","-114","-114","-114","9353","9353","9353","","","","","",""
"2000680","-89","-89","-89","9354","9354","9354","","","","","",""
"2000800","","","","","","","-200","-200","-200","6252","6252","6252"
"2000880","-113","-113","-113","9355","9355","9355","","","","","",""
"2000916","-188","-188","-188","9357","9357","9357","","","","","",""
"2001000","-116","-116","-116","9358","9358","9358","","","","","",""
"2001224","-86","-86","-86","9359","9359","9359","","","","","",""
"2001320","-160","-160","-160","9360","9360","9360","","","","","",""
"2001484","-121","-121","-121","9362","9362","9362","","","","","",""
"2001536","-155","-155","-155","9363","9363","9363","","","","","",""
"2001600","","","","","","","-200","-200","-200","6255","6255","6255"
"2001840","-154","-154","-154","9364","9364","9364","","","","","",""
"2001936","-154","-154","-154","9366","9366","9366","","","","","",""
"2002004","-117","-117","-117","9367","9367","9367","","","","","",""
"2002040","-139","-139","-139","9368","9368","9368","","","","","",""
"2002308","-93","-93","-93","9369","9369","9369","","","","","",""
"2002400","","","","","","","-200","-200","-200","6257","6257","6257"
"2002496","-114","-114","-114","9371","9371","9371","","","","","",""
"2002500","-165","-165","-165","9372","9372","9372","","","","","",""
"2002796","-198","-198","-198","9373","9373","9373","","","","","",""
"2002828","-130","-130","-130","9374","9374","9374","","","","","",""
"2002852","-89","-89","-89","9375","9375","9375","","","","","",""
"2002868","-92","-92","-92","9376","9376","9376","","","","","",""
"2003200","","","","","","","-200","-200","-200","6260","6260","6260"
"2003272","-119","-119","-119","9378","9378","9378","","","","","",""
"2003280","-113","-113","-113","9379","9379","9379","","","","","",""
"2003324","-118","-118","-118","9380","9380","9380","","","","","",""
"2003508","-160","-160","-160","9382","9382","9382","","","","","",""
"2003636","-91","-91","-91","9383","9383","9383","","","","","",""
"2003748","-117","-117","-117","9384","9384","9384","","","","","",""
"2003820","-124","-124","-124","9385","9385","9385","","","","","",""
"2004000","","","","","","","-200","-200","-200","6263","6263","6263"
"2004080","-111","-111","-111","9387","9387","9387","","","","","",""
"2004152","-161","-161","-161","9388","9388","9388","","","","","",""
"2004176","-89","-89","-89","9389","9389","9389","","","","","",""
"2004344","-149","-149","-149","9390","9390","9390","","","","","",""
"2004428","-87","-87","-87","9391","9391","9391","","","","","",""
"2004660","-121","-121","-121","9393","9393","9393","","","","","",""
"2004800","-114","-114","-114","9394","9394","9394","-200","-200","-200","6265","6265","6265"
"2004824","-168","-168","-168","9395","9395","9395","","","","","",""
"2004904","-119","-119","-119","9396","9396","9396","","","","","",""
"2005012","-88","-88","-88","9398","9398","9398","","","","","",""
"2005252","-113","-113","-113","9399","9399","9399","","","","","",""
"2005272","-112","-112","-112","9400","9400","9400","","","","","",""
"2005364","-88","-88","-88","9401","9401","9401","","","","","",""
"2005424","-130","-130","-130","9402","9402","9402","","","","","",""
"2005600","","","","","","","-200","-200","-200","6268","6268","6268"
"2005616","-86","-86","-86","9404","9404","9404","","","","","",""
"2005744","-123","-123","-123","9405","9405","9405","","","","","",""
"2005820","-114","-114","-114","9406","9406","9406","","","","","",""
"2005896","-118","-118","-118","9407","9407","9407","","","","","",""
"2006012","-99","-99","-99","9408","9408","9408","","","","","",""
"2006116","-93","-93","-93","9410","9410","9410","","","","","",""
"2006284","-116","-116","-116","9411","9411","9411","","","","","",""
"2006360","-87","-87","-87","9412","9412","9412","","","","","",""
"2006376","-120","-120","-120","9413","9413","9413","","","","","",""
"2006400","","","","","","","-200","-200","-200","6270","6270","6270"
"2006464","-87","-87","-87","9414","9414","9414","","","","","",""
"2006708","-87","-87","-87","9416","9416","9416","","","","","",""
"2006772","-122","-122","-122","9417","9417","9417","","","","","",""
"2006824","-112","-112","-112","9418","9418","9418","","","","","",""
"2006924","-115","-115","-115","9419","9419","9419","","","","","",""
"2007184","-90","-90","-90","9421","9421","9421","","","","","",""
"2007200","","","","","","","-200","-200","-200","6273","6273","6273"
"2007324","-154","-154","-154","9422","9422","9422","","","","","",""
"2007368","-149","-149","-149","9423","9423","9423","","","","","",""
"2007512","-147","-147","-147","9424","9424","9424","","","","","",""
"2007688","-91","-91","-91","9426","9426","9426","","","","","",""
"2007716","-87","-87","-87","9427","9427","9427","","","","","",""
"2007788","-151","-151","-151","9428","9428","9428","","","","","",""
"2007972","-115","-115","-115","9429","9429","9429","","","","","",""
"2008000","","","","","","","-200","-200","-200","6275","6275","6275"
"2008136","-87","-87","-87","9431","9431","9431","","","","","",""
"2008188","-118","-118","-118","9432","9432","9432","","","","","",""
"2008320","-158","-158","-158","9433","9433","9433","","","","","",""
"2008488","-88","-88","-88","9434","9434","9434","","","","","",""
"2008504","-133","-133","-133","9435","9435","9435","","","","","",""
"2008584","-99","-99","-99","9437","9437","9437","","","","","",""
"2008772","-113","-113","-113","9438","9438","9438","","","","","",""
"2008800","","","","","","","-200","-200","-200","6278","6278","6278"
"2008928","-86","-86","-86","9439","9439","9439","","","","","",""
"2008992","-126","-126","-126","9440","9440","9440","","","","","",""
"2009120","-154","-154","-154","9442","9442","9442","","","","","",""
"2009244","-118","-118","-118","9443","9443","9443","","","","","",""
"2009460","-117","-117","-117","9444","9444","9444","","","","","",""
"2009568","-160","-160","-160","9445","9445","9445","","","","","",""
"2009580","-84","-84","-84","9446","9446","9446","","","","","",""
"2009600","","","","","","","-200","-200","-200","6280","6280","6280"
"2009728","-152","-152","-152","9448","9448","9448","","","","","",""
"2009920","-115","-115","-115","9449","9449","9449","","","","","",""
"2009960","-98","-98","-98","9450","9450","9450","","","","","",""
"2010044","-116","-116","-116","9451","9451","9451","","","","","",""
"2010352","-156","-156","-156","9453","9453","9453","","","","","",""
"2010400","","","","","","","-200","-200","-200","6282","6282","6282"
"2010432","-128","-128","-128","9454","9454","9454","","","","","",""
"2010528","-121","-121","-121","9455","9455","9455","","","","","",""
"2010720","-190","-190","-190","9457","9457","9457","","","","","",""
"2010776","-86","-86","-86","9458","9458","9458","","","","","",""
"2010916","-141","-141","-141","9459","9459","9459","","","","","",""
"2011148","-155","-155","-155","9461","9461","9461","","","","","",""
"2011200","","","","","","","-200","-200","-200","6285","6285","6285"
"2011220","-125","-125","-125","9462","9462","9462","","","","","",""
"2011240","-116","-116","-116","9463","9463","9463","","","","","",""
"2011600","-90","-90","-90","9464","9464","9464","","","","","",""
"2011708","-122","-122","-122","9466","9466","9466","","","","","",""
"2011792","-161","-161","-161","9467","9467","9467","","","","","",""
"2012000","","","","","","","-200","-200","-200","6287","6287","6287"
"2012052","-113","-113","-113","9468","9468","9468","","","","","",""
"2012184","-119","-119","-119","9470","9470","9470","","","","","",""
"2012256","-164","-164","-164","9471","9471","9471","","","","","",""
"2012528","-119","-119","-119","9472","9472","9472","","","","","",""
"2012560","-94","-94","-94","9473","9473","9473","","","","","",""
"2012596","-85","-85","-85","9474","9474","9474","","","","","",""
"2012656","-118","-118","-118","9475","9475","9475","","","","","",""
"2012800","","","","","","","-200","-200","-200","6290","6290","6290"
"2012968","-93","-93","-93","9477","9477","9477","","","","","",""
"2012984","-114","-114","-114","9478","9478","9478","","","","","",""
"2013024","-116","-116","-116","9479","9479","9479","","","","","",""
"2013104","-112","-112","-112","9480","9480","9480","","","","","",""
"2013364","-85","-85","-85","9482","9482","9482","","","","","",""
"2013420","-113","-113","-113","9483","9483","9483","","","","","",""
"2013448","-116","-116","-116","9484","9484","9484","","","","","",""
"2013572","-117","-117","-117","9485","9485","9485","","","","","",""
"2013600","","","","","","","-200","-200","-200","6292","6292","6292"
"2013904","-114","-114","-114","9487","9487","9487","","","","","",""
"2014024","-165","-165","-165","9488","9488","9488","","","","","",""
"2014064","-123","-123","-123","9489","9489","9489","","","","","",""
"2014092","-168","-168","-168","9490","9490","9490","","","","","",""
"2014376","-118","-118","-118","9492","9492","9492","","","","","",""
"2014400","","","","","","","-200","-200","-200","6295","6295","6295"
"2014512","-122","-122","-122","9493","9493","9493","","","","","",""
"2014548","-121","-121","-121","9494","9494","9494","","","","","",""
"2014732","-160","-160","-160","9496","9496","9496","","","","","",""
"2014792","-104","-104","-104","9497","9497","9497","","","","","",""
"2014968","-114","-114","-114","9498","9498","9498","","","","","",""
"2015036","-122","-122","-122","9499","9499","9499","","","","","",""
"2015148","-89","-89","-89","9500","9500","9500","","","","","",""
"2015200","","","","","","","-200","-200","-200","6297","6297","6297"
"2015312","-145","-145","-145","9502","9502","9502","","","","","",""
"2015324","-89","-89","-89","9503","9503","9503","","","","","",""
"2015392","-89","-89","-89","9504","9504","9504","","","","","",""
"2015496","-87","-87","-87","9505","9505","9505","","","","","",""
"2015792","-120","-120","-120","9507","9507","9507","","","","","",""
"2015864","-118","-118","-118","9508","9508","9508","","","","","",""
"2016000","-169","-169","-169","9509","9509","9509","-200","-200","-200","6300","6300","6300"
"2016096","-150","-150","-150","9510","9510","9510","","","","","",""
"2016140","-87","-87","-87","9511","9511","9511","","","","","",""
"2016320","-114","-114","-114","9513","9513","9513","","","","","",""
"2016352","-88","-88","-88","9514","9514","9514","","","","","",""
"2016508","-103","-103","-103","9515","9515","9515","","","","","",""
"2016596","-114","-114","-114","9516","9516","9516","","","","","",""
"2016800","","","","","","","-200","-200","-200","6303","6303","6303"
"2016836","-121","-121","-121","9518","9518","9518","","","","","",""
"2016948","-157","-157","-157","9519","9519","9519","","","","","",""
"2016956","-112","-112","-112","9520","9520","9520","","","","","",""
"2017044","-112","-112","-112","9521","9521","9521","","","","","",""
"2017304","-117","-117","-117","9523","9523","9523","","","","","",""
"2017308","-88","-88","-88","9524","9524","9524","","","","","",""
"2017412","-116","-116","-116","9525","9525","9525","","","","","",""
"2017492","-112","-112","-112","9526","9526","9526","","","","","",""
"2017600","","","","","","","-200","-200","-200","6305","6305","6305"
"2017780","-118","-118","-118","9527","9527","9527","","","","","",""
"2017924","-155","-155","-155","9529","9529","9529","","","","","",""
"2018040","-157","-157","-157","9530","9530","9530","","","","","",""
"2018120","-157","-157","-157","9531","9531","9531","","","","","",""
"2018176","-99","-99","-99","9532","9532","9532","","","","","",""
"2018392","-117","-117","-117","9534","9534","9534","","","","","",""
"2018400","","","","","","","-200","-200","-200","6308","6308","6308"
"2018592","-118","-118","-118","9535","9535","9535","","","","","",""
"2018624","-146","-146","-146","9536","9536","9536","","","","","",""
"2018672","-124","-124","-124","9537","9537","9537","","","","","",""
"2018788","-99","-99","-99","9538","9538","9538","","","","","",""
"2018972","-95","-95","-95","9540","9540","9540","","","","","",""
"2019008","-84","-84","-84","9541","9541","9541","","","","","",""
"2019132","-86","-86","-86","9542","9542","9542","","","","","",""
"2019200","","","","","","","-200","-200","-200","6310","6310","6310"
"2019248","-156","-156","-156","9543","9543","9543","","","","","",""
"2019452","-120","-120","-120","9545","9545","9545","","","","","",""
"2019480","-87","-87","-87","9546","9546","9546","","","","","",""
"2019636","-97","-97","-97","9547","9547","9547","","","","","",""
"2019704","-174","-174","-174","9548","9548","9548","","","","","",""
"2019800","-87","-87","-87","9549","9549","9549","","","","","",""
"2020000","","","","","","","-200","-200","-200","6313","6313","6313"
"2020072","-92","-92","-92","9551","9551","9551","","","","","",""
"2020100","-155","-155","-155","9552","9552","9552","","","","","",""
"2020116","-120","-120","-120","9553","9553","9553","","","","","",""
"2020252","-113","-113","-113","9554","9554","9554","","","","","",""
"2020476","-90","-90","-90","9556","9556","9556","","","","","",""
"2020536","-116","-116","-116","9557","9557","9557","","","","","",""
"2020576","-119","-119","-119","9558","9558","9558","","","","","",""
"2020704","-113","-113","-113","9559","9559","9559","","","","","",""
"2020800","","","","","","","-200","-200","-200","6315","6315","6315"
"2020880","-86","-86","-86","9561","9561","9561","","","","","",""
"2020932","-114","-114","-114","9562","9562","9562","","","","","",""
"2020968","-98","-98","-98","9563","9563","9563","","","","","",""
"2021044","-85","-85","-85","9564","9564","9564","","","","","",""
"2021312","-86","-86","-86","9565","9565","9565","","","","","",""
"2021488","-111","-111","-111","9567","9567","9567","","","","","",""
"2021556","-169","-169","-169","9568","9568","9568","","","","","",""
"2021600","-167","-167","-167","9569","9569","9569","-200","-200","-200","6318","6318","6318"
"2021688","-94","-94","-94","9570","9570","9570","","","","","",""
"2021900","-103","-103","-103","9572","9572","9572","","","","","",""
"2022012","-114","-114","-114","9573","9573","9573","","","","","",""
"2022096","-124","-124","-124","9574","9574","9574","","","","","",""
"2022336","-162","-162","-162","9575","9575","9575","","","","","",""
"2022348","-112","-112","-112","9576","9576","9576","","","","","",""
"2022388","-94","-94","-94","9577","9577","9577","","","","","",""
"2022400","","","","","","","-200","-200","-200","6320","6320","6320"
"2022548","-113","-113","-113","9579","9579","9579","","","","","",""
"2022676","-85","-85","-85","9580","9580","9580","","","","","",""
"2022796","-112","-112","-112","9581","9581","9581","","","","","",""
"2022840","-113","-113","-113","9582","9582","9582","","","","","",""
"2023016","-117","-117","-117","9584","9584","9584","","","","","",""
"2023128","-113","-113","-113","9585","9585","9585","","","","","",""
"2023200","","","","","","","-200","-200","-200","6322","6322","6322"
"2023256","-115","-115","-115","9586","9586","9586","","","","","",""
"2023304","-116","-116","-116","9587","9587","9587","","","","","",""
"2023484","-117","-117","-117","9589","9589","9589","","","","","",""
"2023576","-112","-112","-112","9590","9590","9590","","","","","",""
"2023616","-90","-90","-90","9591","9591","9591","","","","","",""
"2023644","-85","-85","-85","9592","9592","9592","","","","","",""
"2023924","-87","-87","-87","9593","9593","9593","","","","","",""
"2024000","","","","","","","-200","-200","-200","6325","6325","6325"
"2024112","-157","-157","-157","9595","9595","9595","","","","","",""
"2024264","-155","-155","-155","9596","9596","9596","","","","","",""
"2024272","-87","-87","-87","9597","9597","9597","","","","","",""
"2024276","-165","-165","-165","9598","9598","9598","","","","","",""
"2024468","-89","-89","-89","9600","9600","9600","","","","","",""
"2024616","-85","-85","-85","9601","9601","9601","","","","","",""
"2024800","","","","","","","-200","-200","-200","6327","6327","6327"
"2024840","-93","-93","-93","9602","9602","9602","","","","","",""
"2024872","-150","-150","-150","9603","9603","9603","","","","","",""
"2024892","-157","-157","-157","9604","9604","9604","","","","","",""
"2024952","-84","-84","-84","9605","9605","9605","","","","","",""
"2025260","-92","-92","-92","9607","9607","9607","","","","","",""
"2025508","-159","-159","-159","9609","9609","9609","","","","","",""
"2025512","-168","-168","-168","9610","9610","9610","","","","","",""
"2025576","-156","-156","-156","9611","9611","9611","","","","","",""
"2025600","","","","","","","-200","-200","-200","6330","6330","6330"
"2025728","-117","-117","-117","9612","9612","9612","","","","","",""
"2025976","-116","-116","-116","9613","9613","9613","","","","","",""
"2026116","-152","-152","-152","9615","9615","9615","","","","","",""
"2026180","-113","-113","-113","9616","9616","9616","","","","","",""
"2026216","-160","-160","-160","9617","9617","9617","","","","","",""
"2026400","","","","","","","-200","-200","-200","6332","6332","6332"
"2026612","-159","-159","-159","9619","9619","9619","","","","","",""
"2026740","-156","-156","-156","9620","9620","9620","","","","","",""
"2026768","-147","-147","-147","9621","9621","9621","","","","","",""
"2026836","-155","-155","-155","9622","9622","9622","","","","","",""
"2026972","-90","-90","-90","9623","9623","9623","","","","","",""
"2027104","-84","-84","-84","9625","9625","9625","","","","","",""
"2027116","-94","-94","-94","9626","9626","9626","","","","","",""
"2027200","","","","","","","-200","-200","-200","6335","6335","6335"
"2027300","-116","-116","-116","9627","9627","9627","","","","","",""
"2027428","-114","-114","-114","9628","9628","9628","","","","","",""
"2027452","-87","-87","-87","9629","9629","9629","","","","","",""
"2027696","-145","-145","-145","9631","9631","9631","","","","","",""
"2027808","-89","-89","-89","9632","9632","9632","","","","","",""
"2027940","-160","-160","-160","9633","9633","9633","","","","","",""
"2028000","","","","","","","-200","-200","-200","6337","6337","6337"
"2028052","-156","-156","-156","9635","9635","9635","","","","","",""
"2028196","-125","-125","-125","9636","9636","9636","","","","","",""
"2028296","-89","-89","-89","9637","9637","9637","","","","","",""
"2028452","-161","-161","-161","9638","9638","9638","","","","","",""
"2028596","-100","-100","-100","9640","9640","9640","","","","","",""
"2028676","-156","-156","-156","9641","9641","9641","","","","","",""
"2028680","-96","-96","-96","9642","9642","9642","","","","","",""
"2028800","","","","","","","-200","-200","-200","6340","6340","6340"
"2028820","-92","-92","-92","9643","9643","9643","","","","","",""
"2029072","-98","-98","-98","9645","9645","9645","","","","","",""
"2029264","-167","-167","-167","9646","9646","9646","","","","","",""
"2029316","-160","-160","-160","9647","9647","9647","","","","","",""
"2029464","-161","-161","-161","9648","9648","9648","","","","","",""
"2029524","-113","-113","-113","9649","9649","9649","","","","","",""
"2029600","","","","","","","-200","-200","-200","6343","6343","6343"
"2029704","-110","-110","-110","9651","9651","9651","","","","","",""
"2029808","-86","-86","-86","9652","9652","9652","","","","","",""
"2029932","-154","-154","-154","9653","9653","9653","","","","","",""
"2030056","-88","-88","-88","9654","9654","9654","","","","","",""
"2030156","-87","-87","-87","9656","9656","9656","","","","","",""
"2030164","-160","-160","-160","9657","9657","9657","","","","","",""
"2030400","-86","-86","-86","9658","9658","9658","-200","-200","-200","6345","6345","6345"
"2030564","-158","-158","-158","9659","9659","9659","","","","","",""
"2030620","-116","-116","-116","9661","9661","9661","","","","","",""
"2030848","-112","-112","-112","9662","9662","9662","","","","","",""
"2030980","-90","-90","-90","9663","9663","9663","","","","","",""
"2031104","-121","-121","-121","9664","9664","9664","","","","","",""
"2031164","-150","-150","-150","9665","9665","9665","","","","","",""
"2031200","","","","","","","-200","-200","-200","6348","6348","6348"
"2031292","-111","-111","-111","9666","9666","9666","","","","","",""
"2031316","-84","-84","-84","9667","9667","9667","","","","","",""
"2031748","-114","-114","-114","9669","9669","9669","","","","","",""
"2031764","-165","-165","-165","9670","9670","9670","","","","","",""
"2031836","-168","-168","-168","9671","9671","9671","","","","","",""
"2031944","-157","-157","-157","9672","9672","9672","","","","","",""
"2032000","","","","","","","-200","-200","-200","6350","6350","6350"
"2032116","-88","-88","-88","9673","9673","9673","","","","","",""
"2032196","-112","-112","-112","9675","9675","9675","","","","","",""
"2032288","-113","-113","-113","9676","9676","9676","","","","","",""
"2032568","-156","-156","-156","9677","9677","9677","","","","","",""
"2032580","-116","-116","-116","9678","9678","9678","","","","","",""
"2032668","-118","-118","-118","9680","9680","9680","","","","","",""
"2032748","-115","-115","-115","9681","9681","9681","","","","","",""
"2032800","","","","","","","-200","-200","-200","6353","6353","6353"
"2032936","-89","-89","-89","9682","9682","9682","","","","","",""
"2032980","-103","-103","-103","9683","9683","9683","","","","","",""
"2033120","-113","-113","-113","9684","9684","9684","","","","","",""
"2033208","-115","-115","-115","9686","9686","9686","","","","","",""
"2033296","-90","-90","-90","9687","9687","9687","","","","","",""
"2033324","-86","-86","-86","9688","9688","9688","","","","","",""
"2033496","-94","-94","-94","9689","9689","9689","","","","","",""
"2033600","","","","","","","-200","-200","-200","6355","6355","6355"
"2033676","-117","-117","-117","9691","9691","9691","","","","","",""
"2033752","-114","-114","-114","9692","9692","9692","","","","","",""
"2033776","-113","-113","-113","9693","9693","9693","","","","","",""
"2033980","-121","-121","-121","9694","9694","9694","","","","","",""
"2034020","-86","-86","-86","9695","9695","9695","","","","","",""
"2034124","-93","-93","-93","9696","9696","9696","","","","","",""
"2034148","-93","-93","-93","9697","9697","9697","","","","","",""
"2034400","","","","","","","-200","-200","-200","6358","6358","6358"
"2034412","-98","-98","-98","9699","9699","9699","","","","","",""
"2034476","-88","-88","-88","9700","9700","9700","","","","","",""
"2034496","-87","-87","-87","9701","9701","9701","","","","","",""
"2034600","-155","-155","-155","9702","9702","9702","","","","","",""
"2034816","-85","-85","-85","9704","9704","9704","","","","","",""
"2034952","-114","-114","-114","9705","9705","9705","","","","","",""
"2035032","-155","-155","-155","9706","9706","9706","","","","","",""
"2035092","-123","-123","-123","9707","9707","9707","","","","","",""
"2035164","-87","-87","-87","9708","9708","9708","","","","","",""
"2035200","","","","","","","-200","-200","-200","6360","6360","6360"
"2035452","-90","-90","-90","9710","9710","9710","","","","","",""
"2035588","-159","-159","-159","9711","9711","9711","","","","","",""
"2035612","-112","-112","-112","9712","9712","9712","","","","","",""
"2035664","-158","-158","-158","9713","9713","9713","","","","","",""
"2035956","-86","-86","-86","9715","9715","9715","","","","","",""
"2036000","","","","","","","-200","-200","-200","6362","6362","6362"
"2036092","-160","-160","-160","9716","9716","9716","","","","","",""
"2036224","-159","-159","-159","9717","9717","9717","","","","","",""
"2036344","-170","-170","-170","9718","9718","9718","","","","","",""
"2036596","-160","-160","-160","9719","9719","9719","","","","","",""
"2036688","-149","-149","-149","9720","9720","9720","","","","","",""
"2036800","","","","","","","-200","-200","-200","6365","6365","6365"
"2036884","-165","-165","-165","9722","9722","9722","","","","","",""
"2036944","-150","-150","-150","9723","9723","9723","","","","","",""
"2037044","-89","-89","-89","9724","9724","9724","","","","","",""
"2037188","-148","-148","-148","9725","9725","9725","","","","","",""
"2037396","-113","-113","-113","9727","9727","9727","","","","","",""
"2037520","-159","-159","-159","9728","9728","9728","","","","","",""
"2037600","","","","","","","-200","-200","-200","6367","6367","6367"
"2037636","-112","-112","-112","9729","9729","9729","","","","","",""
"2037684","-160","-160","-160","9730","9730","9730","","","","","",""
"2037748","-88","-88","-88","9731","9731","9731","","","","","",""
"2038016","-95","-95","-95","9733","9733","9733","","","","","",""
"2038184","-166","-166","-166","9734","9734","9734","","","","","",""
"2038344","-165","-165","-165","9736","9736","9736","","","","","",""
"2038392","-161","-161","-161","9737","9737","9737","","","","","",""
"2038400","","","","","","","-200","-200","-200","6370","6370","6370"
"2038652","-159","-159","-159","9738","9738","9738","","","","","",""
"2038696","-88","-88","-88","9739","9739","9739","","","","","",""
"2038764","-93","-93","-93","9740","9740","9740","","","","","",""
"2039200","","","","","","","-200","-200","-200","6372","6372","6372"
"2039320","-156","-156","-156","9743","9743","9743","","","","","",""
"2039344","-162","-162","-162","9744","9744","9744","","","","","",""
"2039348","-174","-174","-174","9745","9745","9745","","","","","",""
"2039392","-157","-157","-157","9746","9746","9746","","","","","",""
"2039936","-147","-147","-147","9748","9748","9748","","","","","",""
"2039940","-155","-155","-155","9749","9749","9749","","","","","",""
"2040000","","","","","","","-200","-200","-200","6375","6375","6375"
"2040016","-156","-156","-156","9750","9750","9750","","","","","",""
"2040040","-174","-174","-174","9751","9751","9751","","","","","",""
"2040344","-101","-101","-101","9753","9753","9753","","","","","",""
"2040472","-114","-114","-114","9754","9754","9754","","","","","",""
"2040640","-176","-176","-176","9755","9755","9755","","","","","",""
"2040684","-85","-85","-85","9756","9756","9756","","","","","",""
"2040700","-165","-165","-165","9757","9757","9757","","","","","",""
"2040800","","","","","","","-200","-200","-200","6377","6377","6377"
"2041008","-92","-92","-92","9759","9759","9759","","","","","",""
"2041028","-86","-86","-86","9760","9760","9760","","","","","",""
"2041140","-167","-167","-167","9761","9761","9761","","","","","",""
"2041344","-161","-161","-161","9762","9762","9762","","","","","",""
"2041512","-121","-121","-121","9763","9763","9763","","","","","",""
"2041600","","","","","","","-200","-200","-200","6380","6380","6380"
"2041680","-168","-168","-168","9764","9764","9764","","","","","",""
"2041776","-159","-159","-159","9765","9765","9765","","","","","",""
"2041796","-113","-113","-113","9766","9766","9766","","","","","",""
"2041972","-115","-115","-115","9768","9768","9768","","","","","",""
"2042288","-152","-152","-152","9769","9769","9769","","","","","",""
"2042320","-136","-136","-136","9770","9770","9770","","","","","",""
"2042400","","","","","","","-200","-200","-200","6383","6383","6383"
"2042452","-164","-164","-164","9772","9772","9772","","","","","",""
"2042652","-170","-170","-170","9773","9773","9773","","","","","",""
"2042740","-113","-113","-113","9774","9774","9774","","","","","",""
"2042776","-114","-114","-114","9775","9775","9775","","","","","",""
"2042932","-120","-120","-120","9777","9777","9777","","","","","",""
"2043008","-89","-89","-89","9778","9778","9778","","","","","",""
"2043124","-87","-87","-87","9779","9779","9779","","","","","",""
"2043200","","","","","","","-200","-200","-200","6385","6385","6385"
"2043352","-86","-86","-86","9780","9780","9780","","","","","",""
"2043424","-171","-171","-171","9782","9782","9782","","","","","",""
"2043508","-96","-96","-96","9783","9783","9783","","","","","",""
"2043580","-162","-162","-162","9784","9784","9784","","","","","",""
"2043780","-107","-107","-107","9785","9785","9785","","","","","",""
"2043892","-117","-117","-117","9786","9786","9786","","","","","",""
"2043964","-114","-114","-114","9788","9788","9788","","","","","",""
"2044000","","","","","","","-200","-200","-200","6388","6388","6388"
"2044256","-119","-119","-119","9789","9789","9789","","","","","",""
"2044308","-182","-182","-182","9790","9790","9790","","","","","",""
"2044340","-112","-112","-112","9791","9791","9791","","","","","",""
"2044584","-155","-155","-155","9793","9793","9793","","","","","",""
"2044696","-89","-89","-89","9794","9794","9794","","","","","",""
"2044708","-113","-113","-113","9795","9795","9795","","","","","",""
"2044800","","","","","","","-200","-200","-200","6390","6390","6390"
"2044884","-144","-144","-144","9796","9796","9796","","","","","",""
"2045060","-119","-119","-119","9798","9798","9798","","","","","",""
"2045140","-111","-111","-111","9799","9799","9799","","","","","",""
"2045360","-163","-163","-163","9800","9800","9800","","","","","",""
"2045448","-97","-97","-97","9802","9802","9802","","","","","",""
"2045596","-178","-178","-178","9803","9803","9803","","","","","",""
"2045600","","","","","","","-200","-200","-200","6393","6393","6393"
"2045756","-99","-99","-99","9804","9804","9804","","","","","",""
"2045760","-155","-155","-155","9805","9805","9805","","","","","",""
"2045908","-115","-115","-115","9806","9806","9806","","","","","",""
"2045980","-96","-96","-96","9808","9808","9808","","","","","",""
"2046128","-93","-93","-93","9809","9809","9809","","","","","",""
"2046148","-97","-97","-97","9810","9810","9810","","","","","",""
"2046300","-98","-98","-98","9811","9811","9811","","","","","",""
"2046400","","","","","","","-200","-200","-200","6395","6395","6395"
"2046520","-98","-98","-98","9813","9813","9813","","","","","",""
"2046560","-145","-145","-145","9814","9814","9814","","","","","",""
"2046636","-122","-122","-122","9815","9815","9815","","","","","",""
"2046756","-114","-114","-114","9816","9816","9816","","","","","",""
"2046880","-90","-90","-90","9817","9817","9817","","","","","",""
"2047124","-122","-122","-122","9819","9819","9819","","","","","",""
"2047152","-99","-99","-99","9820","9820","9820","","","","","",""
"2047200","","","","","","","-200","-200","-200","6398","6398","6398"
"2047212","-163","-163","-163","9821","9821","9821","","","","","",""
"2047328","-112","-112","-112","9822","9822","9822","","","","","",""
"2047576","-91","-91","-91","9824","9824","9824","","","","","",""
"2047592","-117","-117","-117","9825","9825","9825","","","","","",""
"2047604","-113","-113","-113","9826","9826","9826","","","","","",""
"2047988","-165","-165","-165","9827","9827","9827","","","","","",""
"2048000","","","","","","","-200","-200","-200","6400","6400","6400"
"2048188","-146","-146","-146","9829","9829","9829","","","","","",""
"2048200","-152","-152","-152","9830","9830","9830","","","","","",""
"2048248","-168","-168","-168","9831","9831","9831","","","","","",""
"2048456","-117","-117","-117","9832","9832","9832","","","","","",""
"2048600","-103","-103","-103","9834","9834","9834","","","","","",""
"2048652","-113","-113","-113","9835","9835","9835","","","","","",""
"2048752","-126","-126","-126","9836","9836","9836","","","","","",""
"2048800","","","","","","","-200","-200","-200","6402","6402","6402"
"2049056","-150","-150","-150","9838","9838","9838","","","","","",""
"2049128","-119","-119","-119","9839","9839","9839","","","","","",""
"2049168","-142","-142","-142","9840","9840","9840","","","","","",""
"2049196","-111","-111","-111","9841","9841","9841","","","","","",""
"2049496","-92","-92","-92","9842","9842","9842","","","","","",""
"2049600","","","","","","","-200","-200","-200","6405","6405","6405"
"2049656","-115","-115","-115","9844","9844","9844","","","","","",""
"2049688","-158","-158","-158","9845","9845","9845","","","","","",""
"2049800","-158","-158","-158","9846","9846","9846","","","","","",""
"2049844","-87","-87","-87","9847","9847","9847","","","","","",""
"2050092","-109","-109","-109","9849","9849","9849","","","","","",""
"2050144","-114","-114","-114","9850","9850","9850","","","","","",""
"2050280","-109","-109","-109","9851","9851","9851","","","","","",""
"2050284","-121","-121","-121","9852","9852","9852","","","","","",""
"2050400","","","","","","","-200","-200","-200","6407","6407","6407"
"2050428","-84","-84","-84","9853","9853","9853","","","","","",""
"2050596","-113","-113","-113","9855","9855","9855","","","","","",""
"2050892","-116","-116","-116","9856","9856","9856","","","","","",""
"2050904","-156","-156","-156","9857","9857","9857","","","","","",""
"2050960","-169","-169","-169","9858","9858","9858","","","","","",""
"2051048","-113","-113","-113","9859","9859","9859","","","","","",""
"2051200","","","","","","","-200","-200","-200","6410","6410","6410"
"2051260","-89","-89","-89","9861","9861","9861","","","","","",""
"2051348","-114","-114","-114","9862","9862","9862","","","","","",""
"2051440","-120","-120","-120","9863","9863","9863","","","","","",""
"2051536","-122","-122","-122","9864","9864","9864","","","","","",""
"2051708","-112","-112","-112","9866","9866","9866","","","","","",""
"2051808","-115","-115","-115","9867","9867","9867","","","","","",""
"2051824","-96","-96","-96","9868","9868","9868","","","","","",""
"2052000","","","","","","","-200","-200","-200","6412","6412","6412"
"2052224","-172","-172","-172","9870","9870","9870","","","","","",""
"2052268","-115","-115","-115","9871","9871","9871","","","","","",""
"2052272","-112","-112","-112","9872","9872","9872","","","","","",""
"2052344","-159","-159","-159","9873","9873","9873","","","","","",""
"2052700","-107","-107","-107","9875","9875","9875","","","","","",""
"2052724","-95","-95","-95","9876","9876","9876","","","","","",""
"2052800","","","","","","","-200","-200","-200","6415","6415","6415"
"2052852","-157","-157","-157","9877","9877","9877","","","","","",""
"2052872","-151","-151","-151","9878","9878","9878","","","","","",""
"2053100","-94","-94","-94","9879","9879","9879","","","","","",""
"2053148","-112","-112","-112","9881","9881","9881","","","","","",""
"2053320","-112","-112","-112","9882","9882","9882","","","","","",""
"2053436","-84","-84","-84","9883","9883","9883","","","","","",""
"2053472","-155","-155","-155","9884","9884","9884","","","","","",""
"2053600","","","","","","","-200","-200","-200","6417","6417","6417"
"2053608","-115","-115","-115","9885","9885","9885","","","","","",""
"2053776","-114","-114","-114","9887","9887","9887","","","","","",""
"2053892","-114","-114","-114","9888","9888","9888","","","","","",""
"2053948","-119","-119","-119","9889","9889","9889","","","","","",""
"2053984","-94","-94","-94","9890","9890","9890","","","","","",""
"2054312","-91","-91","-91","9892","9892","9892","","","","","",""
"2054340","-112","-112","-112","9893","9893","9893","","","","","",""
"2054388","-101","-101","-101","9894","9894","9894","","","","","",""
"2054400","","","","","","","-200","-200","-200","6420","6420","6420"
"2054408","-158","-158","-158","9895","9895","9895","","","","","",""
"2054704","-91","-91","-91","9897","9897","9897","","","","","",""
"2054724","-84","-84","-84","9898","9898","9898","","","","","",""
"2054804","-123","-123","-123","9899","9899","9899","","","","","",""
"2055004","-149","-149","-149","9900","9900","9900","","","","","",""
"2055048","-86","-86","-86","9901","9901","9901","","","","","",""
"2055200","-119","-119","-119","9903","9903","9903","-200","-200","-200","6423","6423","6423"
"2055268","-116","-116","-116","9904","9904","9904","","","","","",""
"2055460","-114","-114","-114","9905","9905","9905","","","","","",""
"2055492","-111","-111","-111","9906","9906","9906","","","","","",""
"2055736","-117","-117","-117","9908","9908","9908","","","","","",""
"2055812","-153","-153","-153","9909","9909","9909","","","","","",""
"2055852","-90","-90","-90","9910","9910","9910","","","","","",""
"2055912","-113","-113","-113","9911","9911","9911","","","","","",""
"2056000","","","","","","","-200","-200","-200","6425","6425","6425"
"2056204","-88","-88","-88","9913","9913","9913","","","","","",""
"2056324","-103","-103","-103","9914","9914","9914","","","","","",""
"2056372","-159","-159","-159","9915","9915","9915","","","","","",""
"2056448","-159","-159","-159","9916","9916","9916","","","","","",""
"2056668","-116","-116","-116","9917","9917","9917","","","","","",""
"2056792","-117","-117","-117","9919","9919","9919","","","","","",""
"2056800","","","","","","","-200","-200","-200","6428","6428","6428"
"2056808","-90","-90","-90","9920","9920","9920","","","","","",""
"2056824","-113","-113","-113","9921","9921","9921","","","","","",""
"2057016","-87","-87","-87","9922","9922","9922","","","","","",""
"2057156","-87","-87","-87","9923","9923","9923","","","","","",""
"2057268","-111","-111","-111","9925","9925","9925","","","","","",""
"2057272","-120","-120","-120","9926","9926","9926","","","","","",""
"2057368","-88","-88","-88","9927","9927","9927","","","","","",""
"2057600","","","","","","","-200","-200","-200","6430","6430","6430"
"2057620","-116","-116","-116","9928","9928","9928","","","","","",""
"2057820","-113","-113","-113","9930","9930","9930","","","","","",""
"2057992","-93","-93","-93","9931","9931","9931","","","","","",""
"2058000","-182","-182","-182","9932","9932","9932","","","","","",""
"2058076","-114","-114","-114","9933","9933","9933","","","","","",""
"2058164","-86","-86","-86","9934","9934","9934","","","","","",""
"2058400","","","","","","","-200","-200","-200","6433","6433","6433"
"2058440","-112","-112","-112","9936","9936","9936","","","","","",""
"2058532","-114","-114","-114","9937","9937","9937","","","","","",""
"2058628","-116","-116","-116","9938","9938","9938","","","","","",""
"2058664","-166","-166","-166","9939","9939","9939","","","","","",""
"2058908","-94","-94","-94","9941","9941","9941","","","","","",""
"2059084","-114","-114","-114","9942","9942","9942","","","","","",""
"2059132","-173","-173","-173","9943","9943","9943","","","","","",""
"2059200","","","","","","","-200","-200","-200","6435","6435","6435"
"2059308","-161","-161","-161","9945","9945","9945","","","","","",""
"2059356","-112","-112","-112","9946","9946","9946","","","","","",""
"2059476","-86","-86","-86","9947","9947","9947","","","","","",""
"2059552","-117","-117","-117","9948","9948","9948","","","","","",""
"2059776","-117","-117","-117","9949","9949","9949","","","","","",""
"2059816","-115","-115","-115","9950","9950","9950","","","","","",""
"2059892","-85","-85","-85","9951","9951","9951","","","","","",""
"2059928","-113","-113","-113","9952","9952","9952","","","","","",""
"2060000","","","","","","","-200","-200","-200","6438","6438","6438"
"2060116","-85","-85","-85","9953","9953","9953","","","","","",""
"2060168","-88","-88","-88","9954","9954","9954","","","","","",""
"2060496","-151","-151","-151","9956","9956","9956","","","","","",""
"2060508","-85","-85","-85","9957","9957","9957","","","","","",""
"2060604","-169","-169","-169","9958","9958","9958","","","","","",""
"2060748","-158","-158","-158","9959","9959","9959","","","","","",""
"2060800","","","","","","","-200","-200","-200","6440","6440","6440"
"2060832","-84","-84","-84","9961","9961","9961","","","","","",""
"2061112","-151","-151","-151","9962","9962","9962","","","","","",""
"2061228","-120","-120","-120","9963","9963","9963","","","","","",""
"2061280","-169","-169","-169","9964","9964","9964","","","","","",""
"2061432","-150","-150","-150","9966","9966","9966","","","","","",""
"2061472","-90","-90","-90","9967","9967","9967","","","","","",""
"2061580","-88","-88","-88","9968","9968","9968","","","","","",""
"2061600","","","","","","","-200","-200","-200","6442","6442","6442"
"2061728","-112","-112","-112","9969","9969","9969","","","","","",""
"2061936","-126","-126","-126","9971","9971","9971","","","","","",""
"2062060","-147","-147","-147","9972","9972","9972","","","","","",""
"2062084","-89","-89","-89","9973","9973","9973","","","","","",""
"2062104","-131","-131","-131","9974","9974","9974","","","","","",""
"2062296","-90","-90","-90","9975","9975","9975","","","","","",""
"2062400","","","","","","","-200","-200","-200","6445","6445","6445"
"2062512","-113","-113","-113","9977","9977","9977","","","","","",""
"2062544","-115","-115","-115","9978","9978","9978","","","","","",""
"2062716","-153","-153","-153","9979","9979","9979","","","","","",""
"2062756","-115","-115","-115","9980","9980","9980","","","","","",""
"2062992","-112","-112","-112","9982","9982","9982","","","","","",""
"2063132","-94","-94","-94","9983","9983","9983","","","","","",""
"2063136","-156","-156","-156","9984","9984","9984","","","","","",""
"2063200","","","","","","","-200","-200","-200","6447","6447","6447"
"2063368","-163","-163","-163","9986","9986","9986","","","","","",""
"2063440","-112","-112","-112","9987","9987","9987","","","","","",""
"2063580","-112","-112","-112","9988","9988","9988","","","","","",""
"2063588","-113","-113","-113","9989","9989","9989","","","","","",""
"2063716","-87","-87","-87","9990","9990","9990","","","","","",""
"2063904","-116","-116","-116","9992","9992","9992","","","","","",""
"2064000","","","","","","","-200","-200","-200","6450","6450","6450"
"2064048","-117","-117","-117","9993","9993","9993","","","","","",""
"2064068","-120","-120","-120","9994","9994","9994","","","","","",""
"2064116","-100","-100","-100","9995","9995","9995","","","","","",""
"2064364","-115","-115","-115","9996","9996","9996","","","","","",""
"2064452","-84","-84","-84","9998","9998","9998","","","","","",""
"2064684","-159","-159","-159","9999","9999","9999","","","","","",""
"2064720","-163","-163","-163","10000","10000","10000","","","","","",""
"2064796","-86","-86","-86","10001","10001","10001","","","","","",""
"2064800","","","","","","","-200","-200","-200","6452","6452","6452"
"2064984","-155","-155","-155","10003","10003","10003","","","","","",""
"2065056","-84","-84","-84","10004","10004","10004","","","","","",""
"2065160","-119","-119","-119","10005","10005","10005","","","","","",""
"2065416","-155","-155","-155","10007","10007","10007","","","","","",""
"2065440","-114","-114","-114","10008","10008","10008","","","","","",""
"2065600","","","","","","","-200","-200","-200","6455","6455","6455"
"2065604","-111","-111","-111","10009","10009","10009","","","","","",""
"2065784","-92","-92","-92","10010","10010","10010","","","","","",""
"2065876","-115","-115","-115","10011","10011","10011","","","","","",""
"2066068","-157","-157","-157","10013","10013","10013","","","","","",""
"2066076","-118","-118","-118","10014","10014","10014","","","","","",""
"2066124","-85","-85","-85","10015","10015","10015","","","","","",""
"2066352","-119","-119","-119","10016","10016","10016","","","","","",""
"2066400","","","","","","","-200","-200","-200","6457","6457","6457"
"2066560","-123","-123","-123","10018","10018","10018","","","","","",""
"2066576","-113","-113","-113","10019","10019","10019","","","","","",""
"2066768","-173","-173","-173","10020","10020","10020","","","","","",""
"2066808","-114","-114","-114","10021","10021","10021","","","","","",""
"2067016","-114","-114","-114","10023","10023","10023","","","","","",""
"2067032","-114","-114","-114","10024","10024","10024","","","","","",""
"2067200","","","","","","","-200","-200","-200","6460","6460","6460"
"2067224","-114","-114","-114","10025","10025","10025","","","","","",""
"2067256","-112","-112","-112","10026","10026","10026","","","","","",""
"2067376","-90","-90","-90","10027","10027","10027","","","","","",""
"2067500","-117","-117","-117","10029","10029","10029","","","","","",""
"2067572","-87","-87","-87","10030","10030","10030","","","","","",""
"2067592","-84","-84","-84","10031","10031","10031","","","","","",""
"2068000","-156","-156","-156","10033","10033","10033","-200","-200","-200","6463","6463","6463"
"2068016","-111","-111","-111","10034","10034","10034","","","","","",""
"2068048","-114","-114","-114","10035","10035","10035","","","","","",""
"2068120","-155","-155","-155","10036","10036","10036","","","","","",""
"2068372","-89","-89","-89","10037","10037","10037","","","","","",""
"2068460","-85","-85","-85","10038","10038","10038","","","","","",""
"2068520","-118","-118","-118","10040","10040","10040","","","","","",""
"2068664","-166","-166","-166","10041","10041","10041","","","","","",""
"2068800","","","","","","","-200","-200","-200","6465","6465","6465"
"2068908","-112","-112","-112","10042","10042","10042","","","","","",""
"2068956","-109","-109","-109","10043","10043","10043","","","","","",""
"2068976","-151","-151","-151","10044","10044","10044","","","","","",""
"2069020","-89","-89","-89","10046","10046","10046","","","","","",""
"2069368","-115","-115","-115","10047","10047","10047","","","","","",""
"2069412","-114","-114","-114","10048","10048","10048","","","","","",""
"2069440","-105","-105","-105","10049","10049","10049","","","","","",""
"2069600","","","","","","","-200","-200","-200","6468","6468","6468"
"2069640","-166","-166","-166","10051","10051","10051","","","","","",""
"2069812","-111","-111","-111","10052","10052","10052","","","","","",""
"2069876","-116","-116","-116","10053","10053","10053","","","","","",""
"2070056","-154","-154","-154","10055","10055","10055","","","","","",""
"2070100","-115","-115","-115","10056","10056","10056","","","","","",""
"2070264","-113","-113","-113","10057","10057","10057","","","","","",""
"2070324","-112","-112","-112","10058","10058","10058","","","","","",""
"2070400","","","","","","","-200","-200","-200","6470","6470","6470"
"2070500","-111","-111","-111","10059","10059","10059","","","","","",""
"2070600","-125","-125","-125","10061","10061","10061","","","","","",""
"2070680","-89","-89","-89","10062","10062","10062","","","","","",""
"2070712","-112","-112","-112","10063","10063","10063","","","","","",""
"2070928","-107","-107","-107","10064","10064","10064","","","","","",""
"2070940","-85","-85","-85","10065","10065","10065","","","","","",""
"2071176","-124","-124","-124","10067","10067","10067","","","","","",""
"2071196","-121","-121","-121","10068","10068","10068","","","","","",""
"2071200","","","","","","","-200","-200","-200","6473","6473","6473"
"2071384","-114","-114","-114","10069","10069","10069","","","","","",""
"2071540","-86","-86","-86","10070","10070","10070","","","","","",""
"2071596","-164","-164","-164","10072","10072","10072","","","","","",""
"2071652","-119","-119","-119","10073","10073","10073","","","","","",""
"2071848","-116","-116","-116","10074","10074","10074","","","","","",""
"2072000","","","","","","","-200","-200","-200","6475","6475","6475"
"2072016","-119","-119","-119","10075","10075","10075","","","","","",""
"2072060","-116","-116","-116","10076","10076","10076","","","","","",""
"2072112","-115","-115","-115","10078","10078","10078","","","","","",""
"2072316","-117","-117","-117","10079","10079","10079","","","","","",""
"2072368","-88","-88","-88","10080","10080","10080","","","","","",""
"2072424","-91","-91","-91","10081","10081","10081","","","","","",""
"2072756","-161","-161","-161","10083","10083","10083","","","","","",""
"2072772","-114","-114","-114","10084","10084","10084","","","","","",""
"2072800","","","","","","","-200","-200","-200","6478","6478","6478"
"2072840","-118","-118","-118","10085","10085","10085","","","","","",""
"2072912","-122","-122","-122","10086","10086","10086","","","","","",""
"2073216","-115","-115","-115","10088","10088","10088","","","","","",""
"2073256","-86","-86","-86","10089","10089","10089","","","","","",""
"2073288","-112","-112","-112","10090","10090","10090","","","","","",""
"2073416","-161","-161","-161","10091","10091","10091","","","","","",""
"2073600","","","","","","","-200","-200","-200","6480","6480","6480"
"2073696","-120","-120","-120","10093","10093","10093","","","","","",""
"2073704","-112","-112","-112","10094","10094","10094","","","","","",""
"2073744","-114","-114","-114","10095","10095","10095","","","","","",""
"2074056","-88","-88","-88","10096","10096","10096","","","","","",""
"2074064","-162","-162","-162","10097","10097","10097","","","","","",""
"2074168","-118","-118","-118","10099","10099","10099","","","","","",""
"2074196","-113","-113","-113","10100","10100","10100","","","","","",""
"2074396","-85","-85","-85","10101","10101","10101","","","","","",""
"2074400","","","","","","","-200","-200","-200","6482","6482","6482"
"2074512","-112","-112","-112","10102","10102","10102","","","","","",""
"2074644","-112","-112","-112","10104","10104","10104","","","","","",""
"2074964","-113","-113","-113","10105","10105","10105","","","","","",""
"2075052","-164","-164","-164","10106","10106","10106","","","","","",""
"2075128","-121","-121","-121","10107","10107","10107","","","","","",""
"2075200","","","","","","","-200","-200","-200","6485","6485","6485"
"2075240","-149","-149","-149","10109","10109","10109","","","","","",""
"2075312","-87","-87","-87","10110","10110","10110","","","","","",""
"2075432","-95","-95","-95","10111","10111","10111","","","","","",""
"2075500","-93","-93","-93","10112","10112","10112","","","","","",""
"2075756","-111","-111","-111","10114","10114","10114","","","","","",""
"2075792","-90","-90","-90","10115","10115","10115","","","","","",""
"2075832","-148","-148","-148","10116","10116","10116","","","","","",""
"2076000","","","","","","","-200","-200","-200","6487","6487","6487"
"2076032","-133","-133","-133","10117","10117","10117","","","","","",""
"2076128","-93","-93","-93","10118","10118","10118","","","","","",""
"2076236","-101","-101","-101","10120","10120","10120","","","","","",""
"2076432","-160","-160","-160","10121","10121","10121","","","","","",""
"2076480","-112","-112","-112","10122","10122","10122","","","","","",""
"2076516","-97","-97","-97","10123","10123","10123","","","","","",""
"2076700","-116","-116","-116","10125","10125","10125","","","","","",""
"2076776","-86","-86","-86","10126","10126","10126","","","","","",""
"2076800","","","","","","","-200","-200","-200","6490","6490","6490"
"2076812","-83","-83","-83","10127","10127","10127","","","","","",""
"2076892","-94","-94","-94","10128","10128","10128","","","","","",""
"2077152","-85","-85","-85","10129","10129","10129","","","","","",""
"2077156","-114","-114","-114","10130","10130","10130","","","","","",""
"2077244","-117","-117","-117","10132","10132","10132","","","","","",""
"2077344","-113","-113","-113","10133","10133","10133","","","","","",""
"2077600","","","","","","","-200","-200","-200","6492","6492","6492"
"2077604","-112","-112","-112","10134","10134","10134","","","","","",""
"2077688","-86","-86","-86","10135","10135","10135","","","","","",""
"2077708","-116","-116","-116","10137","10137","10137","","","","","",""
"2077840","-172","-172","-172","10138","10138","10138","","","","","",""
"2078140","-113","-113","-113","10139","10139","10139","","","","","",""
"2078220","-154","-154","-154","10141","10141","10141","","","","","",""
"2078292","-146","-146","-146","10142","10142","10142","","","","","",""
"2078400","","","","","","","-200","-200","-200","6495","6495","6495"
"2078420","-145","-145","-145","10143","10143","10143","","","","","",""
"2078484","-86","-86","-86","10144","10144","10144","","","","","",""
"2078564","-86","-86","-86","10145","10145","10145","","","","","",""
"2078632","-85","-85","-85","10146","10146","10146","","","","","",""
"2078876","-114","-114","-114","10148","10148","10148","","","","","",""
"2079072","-127","-127","-127","10149","10149","10149","","","","","",""
"2079100","-154","-154","-154","10150","10150","10150","","","","","",""
"2079104","-118","-118","-118","10151","10151","10151","","","","","",""
"2079200","","","","","","","-200","-200","-200","6497","6497","6497"
"2079324","-112","-112","-112","10153","10153","10153","","","","","",""
"2079552","-120","-120","-120","10154","10154","10154","","","","","",""
"2079556","-113","-113","-113","10155","10155","10155","","","","","",""
"2079588","-122","-122","-122","10156","10156","10156","","","","","",""
"2079796","-118","-118","-118","10158","10158","10158","","","","","",""
"2079996","-111","-111","-111","10159","10159","10159","","","","","",""
"2080000","","","","","","","-200","-200","-200","6500","6500","6500"
"2080032","-119","-119","-119","10160","10160","10160","","","","","",""
"2080040","-113","-113","-113","10161","10161","10161","","","","","",""
"2080264","-117","-117","-117","10163","10163","10163","","","","","",""
"2080456","-115","-115","-115","10164","10164","10164","","","","","",""
"2080472","-110","-110","-110","10165","10165","10165","","","","","",""
"2080484","-111","-111","-111","10166","10166","10166","","","","","",""
"2080744","-120","-120","-120","10167","10167","10167","","","","","",""
"2080800","","","","","","","-200","-200","-200","6503","6503","6503"
"2080904","-112","-112","-112","10169","10169","10169","","","","","",""
"2080920","-112","-112","-112","10170","10170","10170","","","","","",""
"2080936","-113","-113","-113","10171","10171","10171","","","","","",""
"2081188","-111","-111","-111","10172","10172","10172","","","","","",""
"2081352","-112","-112","-112","10174","10174","10174","","","","","",""
"2081364","-111","-111","-111","10175","10175","10175","","","","","",""
"2081392","-114","-114","-114","10176","10176","10176","","","","","",""
"2081600","","","","","","","-200","-200","-200","6505","6505","6505"
"2081640","-113","-113","-113","10177","10177","10177","","","","","",""
"2081816","-116","-116","-116","10179","10179","10179","","","","","",""
"2081832","-117","-117","-117","10180","10180","10180","","","","","",""
"2082076","-109","-109","-109","10181","10181","10181","","","","","",""
"2082272","-114","-114","-114","10182","10182","10182","","","","","",""
"2082400","","","","","","","-200","-200","-200","6508","6508","6508"
"2082420","-147","-147","-147","10184","10184","10184","","","","","",""
"2082496","-166","-166","-166","10185","10185","10185","","","","","",""
"2082516","-110","-110","-110","10186","10186","10186","","","","","",""
"2082720","-112","-112","-112","10187","10187","10187","","","","","",""
"2082756","-84","-84","-84","10188","10188","10188","","","","","",""
"2082960","-116","-116","-116","10190","10190","10190","","","","","",""
"2082980","-116","-116","-116","10191","10191","10191","","","","","",""
"2083168","-112","-112","-112","10192","10192","10192","","","","","",""
"2083200","","","","","","","-200","-200","-200","6510","6510","6510"
"2083208","-113","-113","-113","10193","10193","10193","","","","","",""
"2083436","-119","-119","-119","10195","10195","10195","","","","","",""
"2083588","-95","-95","-95","10196","10196","10196","","","","","",""
"2083612","-111","-111","-111","10197","10197","10197","","","","","",""
"2083660","-170","-170","-170","10198","10198","10198","","","","","",""
"2083776","-85","-85","-85","10199","10199","10199","","","","","",""
"2083936","-87","-87","-87","10201","10201","10201","","","","","",""
"2084000","","","","","","","-200","-200","-200","6513","6513","6513"
"2084076","-116","-116","-116","10202","10202","10202","","","","","",""
"2084244","-117","-117","-117","10203","10203","10203","","","","","",""
"2084384","-181","-181","-181","10205","10205","10205","","","","","",""
"2084392","-114","-114","-114","10206","10206","10206","","","","","",""
"2084532","-114","-114","-114","10207","10207","10207","","","","","",""
"2084696","-113","-113","-113","10208","10208","10208","","","","","",""
"2084800","","","","","","","-200","-200","-200","6515","6515","6515"
"2084828","-111","-111","-111","10209","10209","10209","","","","","",""
"2084872","-120","-120","-120","10211","10211","10211","","","","","",""
"2084956","-106","-106","-106","10212","10212","10212","","","","","",""
"2085164","-117","-117","-117","10213","10213","10213","","","","","",""
"2085296","-117","-117","-117","10214","10214","10214","","","","","",""
"2085324","-92","-92","-92","10215","10215","10215","","","","","",""
"2085344","-118","-118","-118","10216","10216","10216","","","","","",""
"2085600","","","","","","","-200","-200","-200","6518","6518","6518"
"2085660","-124","-124","-124","10218","10218","10218","","","","","",""
"2085792","-117","-117","-117","10219","10219","10219","","","","","",""
"2085812","-117","-117","-117","10220","10220","10220","","","","","",""
"2085908","-153","-153","-153","10222","10222","10222","","","","","",""
"2086132","-85","-85","-85","10223","10223","10223","","","","","",""
"2086256","-111","-111","-111","10224","10224","10224","","","","","",""
"2086360","-113","-113","-113","10225","10225","10225","","","","","",""
"2086372","-178","-178","-178","10226","10226","10226","","","","","",""
"2086400","","","","","","","-200","-200","-200","6520","6520","6520"
"2086604","-118","-118","-118","10228","10228","10228","","","","","",""
"2086724","-117","-117","-117","10229","10229","10229","","","","","",""
"2086748","-97","-97","-97","10230","10230","10230","","","","","",""
"2086832","-115","-115","-115","10231","10231","10231","","","","","",""
"2087048","-111","-111","-111","10233","10233","10233","","","","","",""
"2087184","-115","-115","-115","10234","10234","10234","","","","","",""
"2087200","-113","-113","-113","10235","10235","10235","-200","-200","-200","6522","6522","6522"
"2087204","-93","-93","-93","10236","10236","10236","","","","","",""
"2087400","-88","-88","-88","10237","10237","10237","","","","","",""
"2087536","-88","-88","-88","10239","10239","10239","","","","","",""
"2087660","-115","-115","-115","10240","10240","10240","","","","","",""
"2087760","-90","-90","-90","10241","10241","10241","","","","","",""
"2087796","-148","-148","-148","10242","10242","10242","","","","","",""
"2087980","-111","-111","-111","10244","10244","10244","","","","","",""
"2088000","","","","","","","-200","-200","-200","6525","6525","6525"
"2088140","-120","-120","-120","10245","10245","10245","","","","","",""
"2088212","-113","-113","-113","10246","10246","10246","","","","","",""
"2088436","-114","-114","-114","10247","10247","10247","","","","","",""
"2088440","-161","-161","-161","10248","10248","10248","","","","","",""
"2088500","-90","-90","-90","10250","10250","10250","","","","","",""
"2088680","-117","-117","-117","10251","10251","10251","","","","","",""
"2088800","","","","","","","-200","-200","-200","6527","6527","6527"
"2088804","-91","-91","-91","10252","10252","10252","","","","","",""
"2088816","-95","-95","-95","10253","10253","10253","","","","","",""
"2089128","-112","-112","-112","10255","10255","10255","","","","","",""
"2089140","-160","-160","-160","10256","10256","10256","","","","","",""
"2089160","-89","-89","-89","10257","10257","10257","","","","","",""
"2089300","-121","-121","-121","10258","10258","10258","","","","","",""
"2089520","-98","-98","-98","10260","10260","10260","","","","","",""
"2089528","-92","-92","-92","10261","10261","10261","","","","","",""
"2089600","","","","","","","-200","-200","-200","6530","6530","6530"
"2089632","-123","-123","-123","10262","10262","10262","","","","","",""
"2089884","-91","-91","-91","10263","10263","10263","","","","","",""
"2089988","-115","-115","-115","10265","10265","10265","","","","","",""
"2090024","-181","-181","-181","10266","10266","10266","","","","","",""
"2090084","-113","-113","-113","10267","10267","10267","","","","","",""
"2090336","-113","-113","-113","10268","10268","10268","","","","","",""
"2090388","-100","-100","-100","10269","10269","10269","","","","","",""
"2090400","","","","","","","-200","-200","-200","6532","6532","6532"
"2090476","-113","-113","-113","10270","10270","10270","","","","","",""
"2090540","-114","-114","-114","10272","10272","10272","","","","","",""
"2090716","-95","-95","-95","10273","10273","10273","","","","","",""
"2090784","-99","-99","-99","10274","10274","10274","","","","","",""
"2090880","-85","-85","-85","10275","10275","10275","","","","","",""
"2090920","-111","-111","-111","10276","10276","10276","","","","","",""
"2091124","-85","-85","-85","10278","10278","10278","","","","","",""
"2091188","-118","-118","-118","10279","10279","10279","","","","","",""
"2091200","","","","","","","-200","-200","-200","6535","6535","6535"
"2091384","-116","-116","-116","10280","10280","10280","","","","","",""
"2091472","-87","-87","-87","10281","10281","10281","","","","","",""
"2091536","-164","-164","-164","10283","10283","10283","","","","","",""
"2091644","-114","-114","-114","10284","10284","10284","","","","","",""
"2091860","-119","-119","-119","10285","10285","10285","","","","","",""
"2091920","-112","-112","-112","10286","10286","10286","","","","","",""
"2092000","","","","","","","-200","-200","-200","6537","6537","6537"
"2092008","-118","-118","-118","10287","10287","10287","","","","","",""
"2092108","-116","-116","-116","10289","10289","10289","","","","","",""
"2092260","-85","-85","-85","10290","10290","10290","","","","","",""
"2092332","-118","-118","-118","10291","10291","10291","","","","","",""
"2092372","-91","-91","-91","10292","10292","10292","","","","","",""
"2092560","-113","-113","-113","10294","10294","10294","","","","","",""
"2092744","-121","-121","-121","10295","10295","10295","","","","","",""
"2092792","-115","-115","-115","10296","10296","10296","","","","","",""
"2092800","","","","","","","-200","-200","-200","6540","6540","6540"
"2092840","-117","-117","-117","10297","10297","10297","","","","","",""
"2093032","-118","-118","-118","10298","10298","10298","","","","","",""
"2093248","-114","-114","-114","10300","10300","10300","","","","","",""
"2093384","-160","-160","-160","10301","10301","10301","","","","","",""
"2093472","-158","-158","-158","10302","10302","10302","","","","","",""
"2093584","-84","-84","-84","10304","10304","10304","","","","","",""
"2093600","","","","","","","-200","-200","-200","6543","6543","6543"
"2093628","-149","-149","-149","10305","10305","10305","","","","","",""
"2093836","-113","-113","-113","10306","10306","10306","","","","","",""
"2093920","-112","-112","-112","10307","10307","10307","","","","","",""
"2094052","-117","-117","-117","10308","10308","10308","","","","","",""
"2094072","-111","-111","-111","10309","10309","10309","","","","","",""
"2094280","-111","-111","-111","10311","10311","10311","","","","","",""
"2094364","-111","-111","-111","10312","10312","10312","","","","","",""
"2094400","","","","","","","-200","-200","-200","6545","6545","6545"
"2094428","-89","-89","-89","10313","10313","10313","","","","","",""
"2094636","-146","-146","-146","10315","10315","10315","","","","","",""
"2094724","-111","-111","-111","10316","10316","10316","","","","","",""
"2094820","-114","-114","-114","10317","10317","10317","","","","","",""
"2094888","-115","-115","-115","10318","10318","10318","","","","","",""
"2095084","-112","-112","-112","10319","10319","10319","","","","","",""
"2095172","-112","-112","-112","10321","10321","10321","","","","","",""
"2095200","","","","","","","-200","-200","-200","6548","6548","6548"
"2095272","-113","-113","-113","10322","10322","10322","","","","","",""
"2095348","-115","-115","-115","10323","10323","10323","","","","","",""
"2095628","-114","-114","-114","10325","10325","10325","","","","","",""
"2095724","-160","-160","-160","10326","10326","10326","","","","","",""
"2095860","-147","-147","-147","10327","10327","10327","","","","","",""
"2095964","-154","-154","-154","10328","10328","10328","","","","","",""
"2096000","","","","","","","-200","-200","-200","6550","6550","6550"
"2096076","-112","-112","-112","10329","10329","10329","","","","","",""
"2096172","-112","-112","-112","10331","10331","10331","","","","","",""
"2096292","-108","-108","-108","10332","10332","10332","","","","","",""
"2096404","-110","-110","-110","10333","10333","10333","","","","","",""
"2096548","-118","-118","-118","10334","10334","10334","","","","","",""
"2096736","-111","-111","-111","10336","10336","10336","","","","","",""
"2096792","-155","-155","-155","10337","10337","10337","","","","","",""
"2096800","","","","","","","-200","-200","-200","6553","6553","6553"
"2096852","-112","-112","-112","10338","10338","10338","","","","","",""
"2096892","-86","-86","-86","10339","10339","10339","","","","","",""
"2097336","-150","-150","-150","10341","10341","10341","","","","","",""
"2097384","-148","-148","-148","10342","10342","10342","","","","","",""
"2097508","-154","-154","-154","10343","10343","10343","","","","","",""
"2097512","-165","-165","-165","10344","10344","10344","","","","","",""
"2097600","","","","","","","-200","-200","-200","6555","6555","6555"
"2097932","-149","-149","-149","10346","10346","10346","","","","","",""
"2098032","-162","-162","-162","10347","10347","10347","","","","","",""
"2098096","-147","-147","-147","10348","10348","10348","","","","","",""
"2098192","-170","-170","-170","10350","10350","10350","","","","","",""
"2098368","-84","-84","-84","10351","10351","10351","","","","","",""
"2098400","","","","","","","-200","-200","-200","6558","6558","6558"
"2098548","-113","-113","-113","10352","10352","10352","","","","","",""
"2098552","-155","-155","-155","10353","10353","10353","","","","","",""
"2098800","-152","-152","-152","10355","10355","10355","","","","","",""
"2098976","-152","-152","-152","10356","10356","10356","","","","","",""
"2099000","-112","-112","-112","10357","10357","10357","","","","","",""
"2099036","-122","-122","-122","10358","10358","10358","","","","","",""
"2099176","-94","-94","-94","10359","10359","10359","","","","","",""
"2099200","","","","","","","-200","-200","-200","6560","6560","6560"
"2099372","-84","-84","-84","10361","10361","10361","","","","","",""
"2099404","-107","-107","-107","10362","10362","10362","","","","","",""
"2099448","-112","-112","-112","10363","10363","10363","","","","","",""
"2099708","-84","-84","-84","10364","10364","10364","","","","","",""
"2099800","-88","-88","-88","10366","10366","10366","","","","","",""
"2099816","-160","-160","-160","10367","10367","10367","","","","","",""
"2099844","-110","-110","-110","10368","10368","10368","","","","","",""
"2100000","","","","","","","-200","-200","-200","6562","6562","6562"
"2100056","-87","-87","-87","10369","10369","10369","","","","","",""
"2100136","-84","-84","-84","10370","10370","10370","","","","","",""
"2100200","-96","-96","-96","10371","10371","10371","","","","","",""
"2100408","-88","-88","-88","10373","10373","10373","","","","","",""
"2100480","-86","-86","-86","10374","10374","10374","","","","","",""
"2100560","-90","-90","-90","10375","10375","10375","","","","","",""
"2100760","-88","-88","-88","10377","10377","10377","","","","","",""
"2100800","","","","","","","-200","-200","-200","6565","6565","6565"
"2100824","-86","-86","-86","10378","10378","10378","","","","","",""
"2100844","-91","-91","-91","10379","10379","10379","","","","","",""
"2100944","-96","-96","-96","10380","10380","10380","","","","","",""
"2101168","-86","-86","-86","10381","10381","10381","","","","","",""
"2101204","-111","-111","-111","10382","10382","10382","","","","","",""
"2101296","-88","-88","-88","10384","10384","10384","","","","","",""
"2101464","-155","-155","-155","10385","10385","10385","","","","","",""
"2101512","-86","-86","-86","10386","10386","10386","","","","","",""
"2101552","-87","-87","-87","10387","10387","10387","","","","","",""
"2101600","","","","","","","-200","-200","-200","6567","6567","6567"
"2101836","-93","-93","-93","10389","10389","10389","","","","","",""
"2101900","-87","-87","-87","10390","10390","10390","","","","","",""
"2101916","-155","-155","-155","10391","10391","10391","","","","","",""
"2102188","-169","-169","-169","10392","10392","10392","","","","","",""
"2102228","-98","-98","-98","10393","10393","10393","","","","","",""
"2102268","-88","-88","-88","10394","10394","10394","","","","","",""
"2102400","","","","","","","-200","-200","-200","6570","6570","6570"
"2102492","-148","-148","-148","10396","10396","10396","","","","","",""
"2102548","-90","-90","-90","10397","10397","10397","","","","","",""
"2102632","-91","-91","-91","10398","10398","10398","","","","","",""
"2102676","-112","-112","-112","10399","10399","10399","","","","","",""
"2102836","-86","-86","-86","10401","10401","10401","","","","","",""
"2103088","-114","-114","-114","10402","10402","10402","","","","","",""
"2103124","-112","-112","-112","10403","10403","10403","","","","","",""
"2103132","-146","-146","-146","10404","10404","10404","","","","","",""
"2103200","","","","","","","-200","-200","-200","6572","6572","6572"
"2103224","-97","-97","-97","10405","10405","10405","","","","","",""
"2103576","-111","-111","-111","10407","10407","10407","","","","","",""
"2103672","-112","-112","-112","10408","10408","10408","","","","","",""
"2103720","-158","-158","-158","10409","10409","10409","","","","","",""
"2104000","","","","","","","-200","-200","-200","6575","6575","6575"
"2104016","-86","-86","-86","10411","10411","10411","","","","","",""
"2104024","-112","-112","-112","10412","10412","10412","","","","","",""
"2104040","-116","-116","-116","10413","10413","10413","","","","","",""
"2104064","-86","-86","-86","10414","10414","10414","","","","","",""
"2104460","-111","-111","-111","10416","10416","10416","","","","","",""
"2104496","-114","-114","-114","10417","10417","10417","","","","","",""
"2104632","-152","-152","-152","10418","10418","10418","","","","","",""
"2104676","-153","-153","-153","10419","10419","10419","","","","","",""
"2104800","","","","","","","-200","-200","-200","6577","6577","6577"
"2104960","-116","-116","-116","10421","10421","10421","","","","","",""
"2104992","-90","-90","-90","10422","10422","10422","","","","","",""
"2105120","-165","-165","-165","10423","10423","10423","","","","","",""
"2105280","-151","-151","-151","10424","10424","10424","","","","","",""
"2105344","-88","-88","-88","10425","10425","10425","","","","","",""
"2105512","-138","-138","-138","10426","10426","10426","","","","","",""
"2105600","","","","","","","-200","-200","-200","6580","6580","6580"
"2105736","-154","-154","-154","10427","10427","10427","","","","","",""
"2105788","-111","-111","-111","10428","10428","10428","","","","","",""
"2105876","-149","-149","-149","10430","10430","10430","","","","","",""
"2106140","-157","-157","-157","10431","10431","10431","","","","","",""
"2106236","-90","-90","-90","10432","10432","10432","","","","","",""
"2106344","-152","-152","-152","10433","10433","10433","","","","","",""
"2106400","","","","","","","-200","-200","-200","6583","6583","6583"
"2106436","-162","-162","-162","10435","10435","10435","","","","","",""
"2106520","-95","-95","-95","10436","10436","10436","","","","","",""
"2106688","-86","-86","-86","10437","10437","10437","","","","","",""
"2106704","-117","-117","-117","10438","10438","10438","","","","","",""
"2107008","-122","-122","-122","10440","10440","10440","","","","","",""
"2107036","-150","-150","-150","10441","10441","10441","","","","","",""
"2107164","-115","-115","-115","10442","10442","10442","","","","","",""
"2107200","","","","","","","-200","-200","-200","6585","6585","6585"
"2107296","-152","-152","-152","10443","10443","10443","","","","","",""
"2107480","-111","-111","-111","10445","10445","10445","","","","","",""
"2107488","-120","-120","-120","10446","10446","10446","","","","","",""
"2107556","-98","-98","-98","10447","10447","10447","","","","","",""
"2107668","-93","-93","-93","10448","10448","10448","","","","","",""
"2107888","-83","-83","-83","10449","10449","10449","","","","","",""
"2107928","-112","-112","-112","10451","10451","10451","","","","","",""
"2107940","-113","-113","-113","10452","10452","10452","","","","","",""
"2108000","","","","","","","-200","-200","-200","6588","6588","6588"
"2108120","-113","-113","-113","10453","10453","10453","","","","","",""
"2108264","-84","-84","-84","10454","10454","10454","","","","","",""
"2108388","-112","-112","-112","10455","10455","10455","","","","","",""
"2108456","-84","-84","-84","10457","10457","10457","","","","","",""
"2108576","-172","-172","-172","10458","10458","10458","","","","","",""
"2108644","-95","-95","-95","10459","10459","10459","","","","","",""
"2108800","","","","","","","-200","-200","-200","6590","6590","6590"
"2108836","-112","-112","-112","10460","10460","10460","","","","","",""
"2108928","-118","-118","-118","10461","10461","10461","","","","","",""
"2109020","-111","-111","-111","10462","10462","10462","","","","","",""
"2109096","-113","-113","-113","10463","10463","10463","","","","","",""
"2109304","-117","-117","-117","10464","10464","10464","","","","","",""
"2109376","-112","-112","-112","10465","10465","10465","","","","","",""
"2109544","-112","-112","-112","10467","10467","10467","","","","","",""
"2109592","-143","-143","-143","10468","10468","10468","","","","","",""
"2109600","","","","","","","-200","-200","-200","6593","6593","6593"
"2109756","-113","-113","-113","10469","10469","10469","","","","","",""
"2109836","-115","-115","-115","10470","10470","10470","","","","","",""
"2110016","-118","-118","-118","10472","10472","10472","","","","","",""
"2110060","-117","-117","-117","10473","10473","10473","","","","","",""
"2110248","-123","-123","-123","10474","10474","10474","","","","","",""
"2110280","-111","-111","-111","10475","10475","10475","","","","","",""
"2110364","-87","-87","-87","10476","10476","10476","","","","","",""
"2110400","","","","","","","-200","-200","-200","6595","6595","6595"
"2110444","-96","-96","-96","10477","10477","10477","","","","","",""
"2110596","-87","-87","-87","10479","10479","10479","","","","","",""
"2110724","-111","-111","-111","10480","10480","10480","","","","","",""
"2110748","-96","-96","-96","10481","10481","10481","","","","","",""
"2110784","-85","-85","-85","10482","10482","10482","","","","","",""
"2110972","-94","-94","-94","10483","10483","10483","","","","","",""
"2111076","-88","-88","-88","10485","10485","10485","","","","","",""
"2111100","-88","-88","-88","10486","10486","10486","","","","","",""
"2111152","-92","-92","-92","10487","10487","10487","","","","","",""
"2111200","","","","","","","-200","-200","-200","6598","6598","6598"
"2111328","-89","-89","-89","10488","10488","10488","","","","","",""
"2111432","-89","-89","-89","10489","10489","10489","","","","","",""
"2111464","-91","-91","-91","10490","10490","10490","","","","","",""
"2111644","-123","-123","-123","10492","10492","10492","","","","","",""
"2111668","-85","-85","-85","10493","10493","10493","","","","","",""
"2111896","-116","-116","-116","10494","10494","10494","","","","","",""
"2111916","-113","-113","-113","10495","10495","10495","","","","","",""
"2112000","","","","","","","-200","-200","-200","6600","6600","6600"
"2112248","-88","-88","-88","10497","10497","10497","","","","","",""
"2112368","-175","-175","-175","10498","10498","10498","","","","","",""
"2112380","-116","-116","-116","10499","10499","10499","","","","","",""
"2112700","-113","-113","-113","10501","10501","10501","","","","","",""
"2112736","-89","-89","-89","10502","10502","10502","","","","","",""
"2112800","","","","","","","-200","-200","-200","6602","6602","6602"
"2112844","-119","-119","-119","10503","10503","10503","","","","","",""
"2113004","-156","-156","-156","10504","10504","10504","","","","","",""
"2113072","-93","-93","-93","10506","10506","10506","","","","","",""
"2113292","-112","-112","-112","10507","10507","10507","","","","","",""
"2113348","-153","-153","-153","10508","10508","10508","","","","","",""
"2113456","-113","-113","-113","10509","10509","10509","","","","","",""
"2113528","-114","-114","-114","10510","10510","10510","","","","","",""
"2113600","","","","","","","-200","-200","-200","6605","6605","6605"
"2113684","-98","-98","-98","10512","10512","10512","","","","","",""
"2113796","-112","-112","-112","10513","10513","10513","","","","","",""
"2113820","-91","-91","-91","10514","10514","10514","","","","","",""
"2113908","-95","-95","-95","10515","10515","10515","","","","","",""
"2114132","-112","-112","-112","10517","10517","10517","","","","","",""
"2114352","-111","-111","-111","10518","10518","10518","","","","","",""
"2114400","","","","","","","-200","-200","-200","6607","6607","6607"
"2114444","-156","-156","-156","10519","10519","10519","","","","","",""
"2114448","-163","-163","-163","10520","10520","10520","","","","","",""
"2114588","-114","-114","-114","10522","10522","10522","","","","","",""
"2114720","-92","-92","-92","10523","10523","10523","","","","","",""
"2114788","-86","-86","-86","10524","10524","10524","","","","","",""
"2114912","-116","-116","-116","10525","10525","10525","","","","","",""
"2115056","-117","-117","-117","10526","10526","10526","","","","","",""
"2115172","-113","-113","-113","10528","10528","10528","","","","","",""
"2115200","","","","","","","-200","-200","-200","6610","6610","6610"
"2115232","-111","-111","-111","10529","10529","10529","","","","","",""
"2115388","-119","-119","-119","10530","10530","10530","","","","","",""
"2115392","-84","-84","-84","10531","10531","10531","","","","","",""
"2115520","-87","-87","-87","10532","10532","10532","","","","","",""
"2115736","-86","-86","-86","10534","10534","10534","","","","","",""
"2115828","-110","-110","-110","10535","10535","10535","","","","","",""
"2115864","-158","-158","-158","10536","10536","10536","","","","","",""
"2115952","-108","-108","-108","10537","10537","10537","","","","","",""
"2116000","","","","","","","-200","-200","-200","6612","6612","6612"
"2116196","-115","-115","-115","10539","10539","10539","","","","","",""
"2116208","-86","-86","-86","10540","10540","10540","","","","","",""
"2116280","-113","-113","-113","10541","10541","10541","","","","","",""
"2116312","-90","-90","-90","10542","10542","10542","","","","","",""
"2116660","-113","-113","-113","10544","10544","10544","","","","","",""
"2116776","-145","-145","-145","10545","10545","10545","","","","","",""
"2116800","","","","","","","-200","-200","-200","6615","6615","6615"
"2116908","-149","-149","-149","10546","10546","10546","","","","","",""
"2116964","-171","-171","-171","10547","10547","10547","","","","","",""
"2117100","-110","-110","-110","10548","10548","10548","","","","","",""
"2117268","-90","-90","-90","10550","10550","10550","","","","","",""
"2117372","-149","-149","-149","10551","10551","10551","","","","","",""
"2117424","-115","-115","-115","10552","10552","10552","","","","","",""
"2117600","","","","","","","-200","-200","-200","6617","6617","6617"
"2117608","-85","-85","-85","10553","10553","10553","","","","","",""
"2117692","-148","-148","-148","10555","10555","10555","","","","","",""
"2117812","-110","-110","-110","10556","10556","10556","","","","","",""
"2118040","-154","-154","-154","10557","10557","10557","","","","","",""
"2118048","-110","-110","-110","10558","10558","10558","","","","","",""
"2118144","-113","-113","-113","10559","10559","10559","","","","","",""
"2118256","-111","-111","-111","10560","10560","10560","","","","","",""
"2118400","","","","","","","-200","-200","-200","6620","6620","6620"
"2118492","-113","-113","-113","10561","10561","10561","","","","","",""
"2118700","-163","-163","-163","10563","10563","10563","","","","","",""
"2118760","-126","-126","-126","10564","10564","10564","","","","","",""
"2118856","-178","-178","-178","10565","10565","10565","","","","","",""
"2118940","-112","-112","-112","10566","10566","10566","","","","","",""
"2119156","-114","-114","-114","10567","10567","10567","","","","","",""
"2119200","","","","","","","-200","-200","-200","6623","6623","6623"
"2119208","-112","-112","-112","10569","10569","10569","","","","","",""
"2119308","-113","-113","-113","10570","10570","10570","","","","","",""
"2119504","-87","-87","-87","10571","10571","10571","","","","","",""
"2119552","-153","-153","-153","10572","10572","10572","","","","","",""
"2119668","-115","-115","-115","10573","10573","10573","","","","","",""
"2119756","-112","-112","-112","10575","10575","10575","","","","","",""
"2119848","-86","-86","-86","10576","10576","10576","","","","","",""
"2119916","-91","-91","-91","10577","10577","10577","","","","","",""
"2120000","","","","","","","-200","-200","-200","6625","6625","6625"
"2120024","-89","-89","-89","10578","10578","10578","","","","","",""
"2120408","-163","-163","-163","10580","10580","10580","","","","","",""
"2120472","-156","-156","-156","10581","10581","10581","","","","","",""
"2120552","-159","-159","-159","10582","10582","10582","","","","","",""
"2120800","","","","","","","-200","-200","-200","6628","6628","6628"
"2120812","-85","-85","-85","10584","10584","10584","","","","","",""
"2120856","-112","-112","-112","10585","10585","10585","","","","","",""
"2121040","-142","-142","-142","10586","10586","10586","","","","","",""
"2121264","-178","-178","-178","10588","10588","10588","","","","","",""
"2121412","-93","-93","-93","10589","10589","10589","","","","","",""
"2121564","-177","-177","-177","10590","10590","10590","","","","","",""
"2121600","","","","","","","-200","-200","-200","6630","6630","6630"
"2121604","-85","-85","-85","10591","10591","10591","","","","","",""
"2121708","-111","-111","-111","10592","10592","10592","","","","","",""
"2122032","-155","-155","-155","10594","10594","10594","","","","","",""
"2122052","-86","-86","-86","10595","10595","10595","","","","","",""
"2122064","-115","-115","-115","10596","10596","10596","","","","","",""
"2122188","-156","-156","-156","10597","10597","10597","","","","","",""
"2122388","-84","-84","-84","10599","10599","10599","","","","","",""
"2122400","","","","","","","-200","-200","-200","6633","6633","6633"
"2122476","-111","-111","-111","10600","10600","10600","","","","","",""
"2122508","-111","-111","-111","10601","10601","10601","","","","","",""
"2122784","-149","-149","-149","10603","10603","10603","","","","","",""
"2122892","-96","-96","-96","10604","10604","10604","","","","","",""
"2122988","-150","-150","-150","10605","10605","10605","","","","","",""
"2123056","-145","-145","-145","10606","10606","10606","","","","","",""
"2123200","","","","","","","-200","-200","-200","6635","6635","6635"
"2123236","-113","-113","-113","10607","10607","10607","","","","","",""
"2123348","-114","-114","-114","10609","10609","10609","","","","","",""
"2123500","-111","-111","-111","10610","10610","10610","","","","","",""
"2123600","-153","-153","-153","10611","10611","10611","","","","","",""
"2123792","-111","-111","-111","10613","10613","10613","","","","","",""
"2123848","-153","-153","-153","10614","10614","10614","","","","","",""
"2123952","-113","-113","-113","10615","10615","10615","","","","","",""
"2124000","","","","","","","-200","-200","-200","6638","6638","6638"
"2124044","-111","-111","-111","10616","10616","10616","","","","","",""
"2124252","-115","-115","-115","10617","10617","10617","","","","","",""
"2124292","-111","-111","-111","10619","10619","10619","","","","","",""
"2124408","-114","-114","-114","10620","10620","10620","","","","","",""
"2124484","-110","-110","-110","10621","10621","10621","","","","","",""
"2124716","-116","-116","-116","10622","10622","10622","","","","","",""
"2124760","-117","-117","-117","10623","10623","10623","","","","","",""
"2124800","","","","","","","-200","-200","-200","6640","6640","6640"
"2124880","-118","-118","-118","10625","10625","10625","","","","","",""
"2124932","-112","-112","-112","10626","10626","10626","","","","","",""
"2125060","-86","-86","-86","10627","10627","10627","","","","","",""
"2125108","-87","-87","-87","10628","10628","10628","","","","","",""
"2125348","-117","-117","-117","10630","10630","10630","","","","","",""
"2125392","-115","-115","-115","10631","10631","10631","","","","","",""
"2125512","-113","-113","-113","10632","10632","10632","","","","","",""
"2125600","","","","","","","-200","-200","-200","6642","6642","6642"
"2125740","-158","-158","-158","10633","10633","10633","","","","","",""
"2125856","-116","-116","-116","10635","10635","10635","","","","","",""
"2125996","-162","-162","-162","10636","10636","10636","","","","","",""
"2126164","-163","-163","-163","10637","10637","10637","","","","","",""
"2126196","-114","-114","-114","10638","10638","10638","","","","","",""
"2126300","-111","-111","-111","10639","10639","10639","","","","","",""
"2126356","-90","-90","-90","10641","10641","10641","","","","","",""
"2126400","","","","","","","-200","-200","-200","6645","6645","6645"
"2126520","-89","-89","-89","10642","10642","10642","","","","","",""
"2126648","-113","-113","-113","10643","10643","10643","","","","","",""
"2126740","-110","-110","-110","10644","10644","10644","","","","","",""
"2126816","-115","-115","-115","10645","10645","10645","","","","","",""
"2126964","-111","-111","-111","10647","10647","10647","","","","","",""
"2127096","-112","-112","-112","10648","10648","10648","","","","","",""
"2127200","-115","-115","-115","10649","10649","10649","-200","-200","-200","6647","6647","6647"
"2127292","-119","-119","-119","10650","10650","10650","","","","","",""
"2127416","-113","-113","-113","10652","10652","10652","","","","","",""
"2127540","-111","-111","-111","10653","10653","10653","","","","","",""
"2127796","-95","-95","-95","10654","10654","10654","","","","","",""
"2127824","-156","-156","-156","10655","10655","10655","","","","","",""
"2127908","-154","-154","-154","10657","10657","10657","","","","","",""
"2127984","-111","-111","-111","10658","10658","10658","","","","","",""
"2128000","","","","","","","-200","-200","-200","6650","6650","6650"
"2128348","-110","-110","-110","10659","10659","10659","","","","","",""
"2128412","-154","-154","-154","10661","10661","10661","","","","","",""
"2128444","-115","-115","-115","10662","10662","10662","","","","","",""
"2128476","-163","-163","-163","10663","10663","10663","","","","","",""
"2128800","","","","","","","-200","-200","-200","6652","6652","6652"
"2128812","-116","-116","-116","10664","10664","10664","","","","","",""
"2128864","-113","-113","-113","10665","10665","10665","","","","","",""
"2128928","-113","-113","-113","10667","10667","10667","","","","","",""
"2129044","-150","-150","-150","10668","10668","10668","","","","","",""
"2129176","-91","-91","-91","10669","10669","10669","","","","","",""
"2129336","-118","-118","-118","10670","10670","10670","","","","","",""
"2129372","-111","-111","-111","10671","10671","10671","","","","","",""
"2129540","-124","-124","-124","10673","10673","10673","","","","","",""
"2129600","","","","","","","-200","-200","-200","6655","6655","6655"
"2129624","-112","-112","-112","10674","10674","10674","","","","","",""
"2129924","-147","-147","-147","10676","10676","10676","","","","","",""
"2129964","-85","-85","-85","10677","10677","10677","","","","","",""
"2129980","-110","-110","-110","10678","10678","10678","","","","","",""
"2129992","-155","-155","-155","10679","10679","10679","","","","","",""
"2130280","-89","-89","-89","10680","10680","10680","","","","","",""
"2130336","-86","-86","-86","10681","10681","10681","","","","","",""
"2130400","","","","","","","-200","-200","-200","6657","6657","6657"
"2130424","-111","-111","-111","10682","10682","10682","","","","","",""
"2130580","-154","-154","-154","10684","10684","10684","","","","","",""
"2130660","-95","-95","-95","10685","10685","10685","","","","","",""
"2130680","-86","-86","-86","10686","10686","10686","","","","","",""
"2130872","-112","-112","-112","10687","10687","10687","","","","","",""
"2131140","-115","-115","-115","10689","10689","10689","","","","","",""
"2131156","-124","-124","-124","10690","10690","10690","","","","","",""
"2131200","","","","","","","-200","-200","-200","6660","6660","6660"
"2131208","-84","-84","-84","10691","10691","10691","","","","","",""
"2131244","-166","-166","-166","10692","10692","10692","","","","","",""
"2131488","-83","-83","-83","10694","10694","10694","","","","","",""
"2131636","-124","-124","-124","10695","10695","10695","","","","","",""
"2131652","-111","-111","-111","10696","10696","10696","","","","","",""
"2131700","-114","-114","-114","10697","10697","10697","","","","","",""
"2131928","-110","-110","-110","10698","10698","10698","","","","","",""
"2131988","-88","-88","-88","10700","10700","10700","","","","","",""
"2132000","","","","","","","-200","-200","-200","6663","6663","6663"
"2132148","-112","-112","-112","10701","10701","10701","","","","","",""
"2132256","-151","-151","-151","10702","10702","10702","","","","","",""
"2132272","-86","-86","-86","10703","10703","10703","","","","","",""
"2132460","-118","-118","-118","10704","10704","10704","","","","","",""
"2132712","-110","-110","-110","10706","10706","10706","","","","","",""
"2132724","-117","-117","-117","10707","10707","10707","","","","","",""
"2132776","-157","-157","-157","10708","10708","10708","","","","","",""
"2132796","-84","-84","-84","10709","10709","10709","","","","","",""
"2132800","","","","","","","-200","-200","-200","6665","6665","6665"
"2133176","-116","-116","-116","10711","10711","10711","","","","","",""
"2133188","-116","-116","-116","10712","10712","10712","","","","","",""
"2133236","-115","-115","-115","10713","10713","10713","","","","","",""
"2133252","-114","-114","-114","10714","10714","10714","","","","","",""
"2133600","","","","","","","-200","-200","-200","6668","6668","6668"
"2133640","-113","-113","-113","10716","10716","10716","","","","","",""
"2133652","-119","-119","-119","10717","10717","10717","","","","","",""
"2133688","-113","-113","-113","10718","10718","10718","","","","","",""
"2133696","-111","-111","-111","10719","10719","10719","","","","","",""
"2134012","-90","-90","-90","10720","10720","10720","","","","","",""
"2134052","-91","-91","-91","10722","10722","10722","","","","","",""
"2134100","-115","-115","-115","10723","10723","10723","","","","","",""
"2134144","-112","-112","-112","10724","10724","10724","","","","","",""
"2134400","","","","","","","-200","-200","-200","6670","6670","6670"
"2134468","-114","-114","-114","10725","10725","10725","","","","","",""
"2134504","-90","-90","-90","10726","10726","10726","","","","","",""
"2134552","-113","-113","-113","10728","10728","10728","","","","","",""
"2134888","-96","-96","-96","10729","10729","10729","","","","","",""
"2134896","-86","-86","-86","10730","10730","10730","","","","","",""
"2134920","-113","-113","-113","10731","10731","10731","","","","","",""
"2134968","-116","-116","-116","10732","10732","10732","","","","","",""
"2135200","","","","","","","-200","-200","-200","6673","6673","6673"
"2135236","-85","-85","-85","10734","10734","10734","","","","","",""
"2135360","-118","-118","-118","10735","10735","10735","","","","","",""
"2135420","-113","-113","-113","10736","10736","10736","","","","","",""
"2135540","-155","-155","-155","10737","10737","10737","","","","","",""
"2135700","-116","-116","-116","10739","10739","10739","","","","","",""
"2135820","-115","-115","-115","10740","10740","10740","","","","","",""
"2135864","-111","-111","-111","10741","10741","10741","","","","","",""
"2136000","","","","","","","-200","-200","-200","6675","6675","6675"
"2136028","-122","-122","-122","10742","10742","10742","","","","","",""
"2136284","-116","-116","-116","10744","10744","10744","","","","","",""
"2136332","-117","-117","-117","10745","10745","10745","","","","","",""
"2136388","-172","-172","-172","10746","10746","10746","","","","","",""
"2136496","-117","-117","-117","10747","10747","10747","","","","","",""
"2136668","-84","-84","-84","10749","10749","10749","","","","","",""
"2136736","-113","-113","-113","10750","10750","10750","","","","","",""
"2136800","","","","","","","-200","-200","-200","6678","6678","6678"
"2136864","-119","-119","-119","10751","10751","10751","","","","","",""
"2137112","-111","-111","-111","10753","10753","10753","","","","","",""
"2137332","-117","-117","-117","10754","10754","10754","","","","","",""
"2137372","-159","-159","-159","10755","10755","10755","","","","","",""
"2137468","-89","-89","-89","10756","10756","10756","","","","","",""
"2137528","-166","-166","-166","10757","10757","10757","","","","","",""
"2137600","","","","","","","-200","-200","-200","6680","6680","6680"
"2137832","-115","-115","-115","10759","10759","10759","","","","","",""
"2137868","-85","-85","-85","10760","10760","10760","","","","","",""
"2137928","-115","-115","-115","10761","10761","10761","","","","","",""
"2137960","-157","-157","-157","10762","10762","10762","","","","","",""
"2138228","-90","-90","-90","10764","10764","10764","","","","","",""
"2138280","-112","-112","-112","10765","10765","10765","","","","","",""
"2138304","-94","-94","-94","10766","10766","10766","","","","","",""
"2138392","-108","-108","-108","10767","10767","10767","","","","","",""
"2138400","","","","","","","-200","-200","-200","6682","6682","6682"
"2138652","-87","-87","-87","10769","10769","10769","","","","","",""
"2138692","-116","-116","-116","10770","10770","10770","","","","","",""
"2138756","-91","-91","-91","10771","10771","10771","","","","","",""
"2138904","-156","-156","-156","10772","10772","10772","","","","","",""
"2138992","-85","-85","-85","10773","10773","10773","","","","","",""
"2139200","","","","","","","-200","-200","-200","6685","6685","6685"
"2139316","-156","-156","-156","10775","10775","10775","","","","","",""
"2139384","-120","-120","-120","10776","10776","10776","","","","","",""
"2139436","-111","-111","-111","10777","10777","10777","","","","","",""
"2139460","-176","-176","-176","10778","10778","10778","","","","","",""
"2139768","-113","-113","-113","10780","10780","10780","","","","","",""
"2139820","-96","-96","-96","10781","10781","10781","","","","","",""
"2139844","-115","-115","-115","10782","10782","10782","","","","","",""
"2139852","-98","-98","-98","10783","10783","10783","","","","","",""
"2140000","","","","","","","-200","-200","-200","6687","6687","6687"
"2140284","-116","-116","-116","10785","10785","10785","","","","","",""
"2140316","-116","-116","-116","10786","10786","10786","","","","","",""
"2140448","-170","-170","-170","10787","10787","10787","","","","","",""
"2140484","-160","-160","-160","10788","10788","10788","","","","","",""
"2140760","-111","-111","-111","10790","10790","10790","","","","","",""
"2140792","-86","-86","-86","10791","10791","10791","","","","","",""
"2140800","","","","","","","-200","-200","-200","6690","6690","6690"
"2140856","-143","-143","-143","10792","10792","10792","","","","","",""
"2141112","-157","-157","-157","10793","10793","10793","","","","","",""
"2141236","-111","-111","-111","10795","10795","10795","","","","","",""
"2141316","-115","-115","-115","10796","10796","10796","","","","","",""
"2141400","-160","-160","-160","10797","10797","10797","","","","","",""
"2141564","-113","-113","-113","10798","10798","10798","","","","","",""
"2141600","","","","","","","-200","-200","-200","6692","6692","6692"
"2141660","-86","-86","-86","10799","10799","10799","","","","","",""
"2141696","-115","-115","-115","10800","10800","10800","","","","","",""
"2141852","-113","-113","-113","10801","10801","10801","","","","","",""
"2142000","-85","-85","-85","10802","10802","10802","","","","","",""
"2142084","-97","-97","-97","10803","10803","10803","","","","","",""
"2142176","-153","-153","-153","10804","10804","10804","","","","","",""
"2142200","-87","-87","-87","10805","10805","10805","","","","","",""
"2142364","-91","-91","-91","10807","10807","10807","","","","","",""
"2142400","","","","","","","-200","-200","-200","6695","6695","6695"
"2142528","-111","-111","-111","10808","10808","10808","","","","","",""
"2142604","-101","-101","-101","10809","10809","10809","","","","","",""
"2142620","-111","-111","-111","10810","10810","10810","","","","","",""
"2142812","-112","-112","-112","10812","10812","10812","","","","","",""
"2142864","-84","-84","-84","10813","10813","10813","","","","","",""
"2143052","-112","-112","-112","10814","10814","10814","","","","","",""
"2143072","-113","-113","-113","10815","10815","10815","","","","","",""
"2143200","","","","","","","-200","-200","-200","6697","6697","6697"
"2143232","-92","-92","-92","10816","10816","10816","","","","","",""
"2143260","-112","-112","-112","10817","10817","10817","","","","","",""
"2143504","-113","-113","-113","10818","10818","10818","","","","","",""
"2143524","-113","-113","-113","10819","10819","10819","","","","","",""
"2143628","-92","-92","-92","10820","10820","10820","","","","","",""
"2143824","-148","-148","-148","10822","10822","10822","","","","","",""
"2143960","-114","-114","-114","10823","10823","10823","","","","","",""
"2143976","-113","-113","-113","10824","10824","10824","","","","","",""
"2144000","","","","","","","-200","-200","-200","6700","6700","6700"
"2144084","-114","-114","-114","10825","10825","10825","","","","","",""
"2144304","-120","-120","-120","10827","10827","10827","","","","","",""
"2144404","-111","-111","-111","10828","10828","10828","","","","","",""
"2144432","-87","-87","-87","10829","10829","10829","","","","","",""
"2144632","-164","-164","-164","10830","10830","10830","","","","","",""
"2144756","-113","-113","-113","10831","10831","10831","","","","","",""
"2144800","","","","","","","-200","-200","-200","6703","6703","6703"
"2144812","-95","-95","-95","10833","10833","10833","","","","","",""
"2145024","-98","-98","-98","10834","10834","10834","","","","","",""
"2145032","-157","-157","-157","10835","10835","10835","","","","","",""
"2145384","-90","-90","-90","10837","10837","10837","","","","","",""
"2145396","-146","-146","-146","10838","10838","10838","","","","","",""
"2145408","-163","-163","-163","10839","10839","10839","","","","","",""
"2145480","-112","-112","-112","10840","10840","10840","","","","","",""
"2145600","","","","","","","-200","-200","-200","6705","6705","6705"
"2145752","-86","-86","-86","10841","10841","10841","","","","","",""
"2145972","-123","-123","-123","10843","10843","10843","","","","","",""
"2146004","-155","-155","-155","10844","10844","10844","","","","","",""
"2146036","-160","-160","-160","10845","10845","10845","","","","","",""
"2146204","-113","-113","-113","10846","10846","10846","","","","","",""
"2146400","","","","","","","-200","-200","-200","6708","6708","6708"
"2146404","-92","-92","-92","10848","10848","10848","","","","","",""
"2146428","-114","-114","-114","10849","10849","10849","","","","","",""
"2146556","-88","-88","-88","10850","10850","10850","","","","","",""
"2146648","-161","-161","-161","10851","10851","10851","","","","","",""
"2147012","-152","-152","-152","10853","10853","10853","","","","","",""
"2147072","-161","-161","-161","10854","10854","10854","","","","","",""
"2147088","-110","-110","-110","10855","10855","10855","","","","","",""
"2147140","-146","-146","-146","10856","10856","10856","","","","","",""
"2147200","","","","","","","-200","-200","-200","6710","6710","6710"
"2147452","-110","-110","-110","10858","10858","10858","","","","","",""
"2147544","-114","-114","-114","10859","10859","10859","","","","","",""
"2147752","-153","-153","-153","10860","10860","10860","","","","","",""
"2147760","-172","-172","-172","10861","10861","10861","","","","","",""
"2147996","-113","-113","-113","10863","10863","10863","","","","","",""
"2148000","","","","","","","-200","-200","-200","6713","6713","6713"
"2148040","-147","-147","-147","10864","10864","10864","","","","","",""
"2148100","-87","-87","-87","10865","10865","10865","","","","","",""
"2148336","-85","-85","-85","10866","10866","10866","","","","","",""
"2148404","-91","-91","-91","10868","10868","10868","","","","","",""
"2148440","-170","-170","-170","10869","10869","10869","","","","","",""
"2148468","-92","-92","-92","10870","10870","10870","","","","","",""
"2148784","-112","-112","-112","10871","10871","10871","","","","","",""
"2148800","","","","","","","-200","-200","-200","6715","6715","6715"
"2149052","-162","-162","-162","10873","10873","10873","","","","","",""
"2149076","-159","-159","-159","10874","10874","10874","","","","","",""
"2149120","-163","-163","-163","10875","10875","10875","","","","","",""
"2149228","-111","-111","-111","10876","10876","10876","","","","","",""
"2149404","-88","-88","-88","10878","10878","10878","","","","","",""
"2149500","-95","-95","-95","10879","10879","10879","","","","","",""
"2149600","","","","","","","-200","-200","-200","6718","6718","6718"
"2149712","-159","-159","-159","10880","10880","10880","","","","","",""
"2149772","-92","-92","-92","10881","10881","10881","","","","","",""
"2149836","-84","-84","-84","10882","10882","10882","","","","","",""
"2149848","-155","-155","-155","10883","10883","10883","","","","","",""
"2150072","-90","-90","-90","10885","10885","10885","","","","","",""
"2150296","-115","-115","-115","10886","10886","10886","","","","","",""
"2150304","-114","-114","-114","10887","10887","10887","","","","","",""
"2150400","","","","","","","-200","-200","-200","6720","6720","6720"
"2150436","-166","-166","-166","10889","10889","10889","","","","","",""
"2150528","-114","-114","-114","10890","10890","10890","","","","","",""
"2150668","-93","-93","-93","10891","10891","10891","","","","","",""
"2150832","-99","-99","-99","10892","10892","10892","","","","","",""
"2150944","-160","-160","-160","10894","10894","10894","","","","","",""
"2150976","-112","-112","-112","10895","10895","10895","","","","","",""
"2151116","-112","-112","-112","10896","10896","10896","","","","","",""
"2151200","","","","","","","-200","-200","-200","6722","6722","6722"
"2151280","-112","-112","-112","10897","10897","10897","","","","","",""
"2151416","-110","-110","-110","10898","10898","10898","","","","","",""
"2151540","-149","-149","-149","10900","10900","10900","","","","","",""
"2151572","-114","-114","-114","10901","10901","10901","","","","","",""
"2151740","-115","-115","-115","10902","10902","10902","","","","","",""
"2151860","-111","-111","-111","10903","10903","10903","","","","","",""
"2151916","-86","-86","-86","10904","10904","10904","","","","","",""
"2151936","-99","-99","-99","10905","10905","10905","","","","","",""
"2152000","","","","","","","-200","-200","-200","6725","6725","6725"
"2152192","-113","-113","-113","10906","10906","10906","","","","","",""
"2152220","-90","-90","-90","10907","10907","10907","","","","","",""
"2152356","-110","-110","-110","10908","10908","10908","","","","","",""
"2152536","-150","-150","-150","10910","10910","10910","","","","","",""
"2152596","-94","-94","-94","10911","10911","10911","","","","","",""
"2152800","","","","","","","-200","-200","-200","6727","6727","6727"
"2152804","-112","-112","-112","10912","10912","10912","","","","","",""
"2153000","-116","-116","-116","10914","10914","10914","","","","","",""
"2153236","-160","-160","-160","10915","10915","10915","","","","","",""
"2153244","-110","-110","-110","10916","10916","10916","","","","","",""
"2153404","-150","-150","-150","10917","10917","10917","","","","","",""
"2153600","","","","","","","-200","-200","-200","6730","6730","6730"
"2153612","-94","-94","-94","10919","10919","10919","","","","","",""
"2153632","-158","-158","-158","10920","10920","10920","","","","","",""
"2153716","-118","-118","-118","10921","10921","10921","","","","","",""
"2153864","-115","-115","-115","10922","10922","10922","","","","","",""
"2153972","-85","-85","-85","10923","10923","10923","","","","","",""
"2154056","-111","-111","-111","10925","10925","10925","","","","","",""
"2154184","-117","-117","-117","10926","10926","10926","","","","","",""
"2154272","-102","-102","-102","10927","10927","10927","","","","","",""
"2154400","","","","","","","-200","-200","-200","6732","6732","6732"
"2154404","-87","-87","-87","10928","10928","10928","","","","","",""
"2154424","-113","-113","-113","10929","10929","10929","","","","","",""
"2154736","-116","-116","-116","10931","10931","10931","","","","","",""
"2154808","-156","-156","-156","10932","10932","10932","","","","","",""
"2154844","-110","-110","-110","10933","10933","10933","","","","","",""
"2155032","-152","-152","-152","10935","10935","10935","","","","","",""
"2155152","-86","-86","-86","10936","10936","10936","","","","","",""
"2155200","","","","","","","-200","-200","-200","6735","6735","6735"
"2155212","-119","-119","-119","10937","10937","10937","","","","","",""
"2155472","-157","-157","-157","10938","10938","10938","","","","","",""
"2155640","-152","-152","-152","10940","10940","10940","","","","","",""
"2155744","-148","-148","-148","10941","10941","10941","","","","","",""
"2155816","-151","-151","-151","10942","10942","10942","","","","","",""
"2156000","","","","","","","-200","-200","-200","6737","6737","6737"
"2156084","-111","-111","-111","10944","10944","10944","","","","","",""
"2156344","-150","-150","-150","10945","10945","10945","","","","","",""
"2156416","-150","-150","-150","10946","10946","10946","","","","","",""
"2156428","-86","-86","-86","10947","10947","10947","","","","","",""
"2156532","-112","-112","-112","10948","10948","10948","","","","","",""
"2156796","-113","-113","-113","10950","10950","10950","","","","","",""
"2156800","-93","-93","-93","10951","10951","10951","-200","-200","-200","6740","6740","6740"
"2156860","-111","-111","-111","10952","10952","10952","","","","","",""
"2157156","-156","-156","-156","10954","10954","10954","","","","","",""
"2157280","-121","-121","-121","10955","10955","10955","","","","","",""
"2157396","-149","-149","-149","10956","10956","10956","","","","","",""
"2157460","-150","-150","-150","10957","10957","10957","","","","","",""
"2157600","","","","","","","-200","-200","-200","6743","6743","6743"
"2157628","-118","-118","-118","10959","10959","10959","","","","","",""
"2157736","-114","-114","-114","10960","10960","10960","","","","","",""
"2157848","-113","-113","-113","10961","10961","10961","","","","","",""
"2158068","-110","-110","-110","10962","10962","10962","","","","","",""
"2158080","-155","-155","-155","10963","10963","10963","","","","","",""
"2158296","-112","-112","-112","10964","10964","10964","","","","","",""
"2158348","-153","-153","-153","10965","10965","10965","","","","","",""
"2158400","","","","","","","-200","-200","-200","6745","6745","6745"
"2158428","-87","-87","-87","10966","10966","10966","","","","","",""
"2158696","-157","-157","-157","10968","10968","10968","","","","","",""
"2158804","-114","-114","-114","10969","10969","10969","","","","","",""
"2158872","-144","-144","-144","10970","10970","10970","","","","","",""
"2159044","-154","-154","-154","10971","10971","10971","","","","","",""
"2159052","-89","-89","-89","10972","10972","10972","","","","","",""
"2159200","","","","","","","-200","-200","-200","6748","6748","6748"
"2159248","-111","-111","-111","10974","10974","10974","","","","","",""
"2159340","-117","-117","-117","10975","10975","10975","","","","","",""
"2159500","-112","-112","-112","10976","10976","10976","","","","","",""
"2159520","-119","-119","-119","10977","10977","10977","","","","","",""
"2159700","-113","-113","-113","10979","10979","10979","","","","","",""
"2159784","-111","-111","-111","10980","10980","10980","","","","","",""
"2159860","-85","-85","-85","10981","10981","10981","","","","","",""
"2160000","","","","","","","-200","-200","-200","6750","6750","6750"
"2160148","-112","-112","-112","10983","10983","10983","","","","","",""
"2160184","-171","-171","-171","10984","10984","10984","","","","","",""
"2160224","-91","-91","-91","10985","10985","10985","","","","","",""
"2160380","-149","-149","-149","10986","10986","10986","","","","","",""
"2160540","-89","-89","-89","10987","10987","10987","","","","","",""
"2160568","-86","-86","-86","10988","10988","10988","","","","","",""
"2160588","-110","-110","-110","10989","10989","10989","","","","","",""
"2160800","","","","","","","-200","-200","-200","6753","6753","6753"
"2160836","-114","-114","-114","10991","10991","10991","","","","","",""
"2161140","-143","-143","-143","10992","10992","10992","","","","","",""
"2161164","-156","-156","-156","10994","10994","10994","","","","","",""
"2161180","-148","-148","-148","10995","10995","10995","","","","","",""
"2161568","-183","-183","-183","10996","10996","10996","","","","","",""
"2161592","-113","-113","-113","10997","10997","10997","","","","","",""
"2161600","","","","","","","-200","-200","-200","6755","6755","6755"
"2161620","-114","-114","-114","10998","10998","10998","","","","","",""
"2161624","-111","-111","-111","10999","10999","10999","","","","","",""
"2161964","-86","-86","-86","11001","11001","11001","","","","","",""
"2162064","-110","-110","-110","11002","11002","11002","","","","","",""
"2162240","-168","-168","-168","11004","11004","11004","","","","","",""
"2162276","-171","-171","-171","11005","11005","11005","","","","","",""
"2162400","","","","","","","-200","-200","-200","6758","6758","6758"
"2162420","-114","-114","-114","11006","11006","11006","","","","","",""
"2162512","-112","-112","-112","11007","11007","11007","","","","","",""
"2162680","-110","-110","-110","11008","11008","11008","","","","","",""
"2162872","-113","-113","-113","11010","11010","11010","","","","","",""
"2162976","-175","-175","-175","11011","11011","11011","","","","","",""
"2163124","-111","-111","-111","11012","11012","11012","","","","","",""
"2163140","-157","-157","-157","11013","11013","11013","","","","","",""
"2163200","","","","","","","-200","-200","-200","6760","6760","6760"
"2163300","-107","-107","-107","11015","11015","11015","","","","","",""
"2163428","-113","-113","-113","11016","11016","11016","","","","","",""
"2163592","-113","-113","-113","11017","11017","11017","","","","","",""
"2163608","-121","-121","-121","11018","11018","11018","","","","","",""
"2163712","-103","-103","-103","11019","11019","11019","","","","","",""
"2163872","-111","-111","-111","11020","11020","11020","","","","","",""
"2164000","","","","","","","-200","-200","-200","6762","6762","6762"
"2164036","-111","-111","-111","11021","11021","11021","","","","","",""
"2164076","-117","-117","-117","11022","11022","11022","","","","","",""
"2164176","-116","-116","-116","11023","11023","11023","","","","","",""
"2164332","-115","-115","-115","11025","11025","11025","","","","","",""
"2164476","-110","-110","-110","11026","11026","11026","","","","","",""
"2164516","-110","-110","-110","11027","11027","11027","","","","","",""
"2164632","-114","-114","-114","11028","11028","11028","","","","","",""
"2164776","-111","-111","-111","11030","11030","11030","","","","","",""
"2164800","","","","","","","-200","-200","-200","6765","6765","6765"
"2164940","-116","-116","-116","11031","11031","11031","","","","","",""
"2164976","-115","-115","-115","11032","11032","11032","","","","","",""
"2165072","-110","-110","-110","11033","11033","11033","","","","","",""
"2165112","-84","-84","-84","11034","11034","11034","","","","","",""
"2165280","-85","-85","-85","11036","11036","11036","","","","","",""
"2165420","-111","-111","-111","11037","11037","11037","","","","","",""
"2165512","-110","-110","-110","11038","11038","11038","","","","","",""
"2165576","-116","-116","-116","11039","11039","11039","","","","","",""
"2165600","","","","","","","-200","-200","-200","6767","6767","6767"
"2165732","-113","-113","-113","11040","11040","11040","","","","","",""
"2165920","-86","-86","-86","11042","11042","11042","","","","","",""
"2166048","-134","-134","-134","11043","11043","11043","","","","","",""
"2166056","-159","-159","-159","11044","11044","11044","","","","","",""
"2166328","-149","-149","-149","11046","11046","11046","","","","","",""
"2166400","","","","","","","-200","-200","-200","6770","6770","6770"
"2166492","-111","-111","-111","11047","11047","11047","","","","","",""
"2166508","-113","-113","-113","11048","11048","11048","","","","","",""
"2166584","-166","-166","-166","11049","11049","11049","","","","","",""
"2166776","-112","-112","-112","11050","11050","11050","","","","","",""
"2166844","-84","-84","-84","11052","11052","11052","","","","","",""
"2166932","-110","-110","-110","11053","11053","11053","","","","","",""
"2167184","-150","-150","-150","11054","11054","11054","","","","","",""
"2167200","-89","-89","-89","11055","11055","11055","-200","-200","-200","6772","6772","6772"
"2167228","-113","-113","-113","11056","11056","11056","","","","","",""
"2167344","-103","-103","-103","11058","11058","11058","","","","","",""
"2167640","-110","-110","-110","11059","11059","11059","","","","","",""
"2167696","-88","-88","-88","11060","11060","11060","","","","","",""
"2167780","-149","-149","-149","11061","11061","11061","","","","","",""
"2167888","-165","-165","-165","11063","11063","11063","","","","","",""
"2168000","","","","","","","-200","-200","-200","6775","6775","6775"
"2168140","-111","-111","-111","11064","11064","11064","","","","","",""
"2168276","-159","-159","-159","11065","11065","11065","","","","","",""
"2168348","-115","-115","-115","11067","11067","11067","","","","","",""
"2168356","-144","-144","-144","11068","11068","11068","","","","","",""
"2168612","-118","-118","-118","11069","11069","11069","","","","","",""
"2168616","-85","-85","-85","11070","11070","11070","","","","","",""
"2168800","","","","","","","-200","-200","-200","6777","6777","6777"
"2168808","-113","-113","-113","11071","11071","11071","","","","","",""
"2168844","-124","-124","-124","11073","11073","11073","","","","","",""
"2169060","-112","-112","-112","11074","11074","11074","","","","","",""
"2169084","-117","-117","-117","11075","11075","11075","","","","","",""
"2169176","-92","-92","-92","11076","11076","11076","","","","","",""
"2169180","-84","-84","-84","11077","11077","11077","","","","","",""
"2169424","-85","-85","-85","11079","11079","11079","","","","","",""
"2169516","-114","-114","-114","11080","11080","11080","","","","","",""
"2169600","","","","","","","-200","-200","-200","6780","6780","6780"
"2169636","-115","-115","-115","11081","11081","11081","","","","","",""
"2169820","-160","-160","-160","11082","11082","11082","","","","","",""
"2169872","-112","-112","-112","11084","11084","11084","","","","","",""
"2169960","-111","-111","-111","11085","11085","11085","","","","","",""
"2170072","-109","-109","-109","11086","11086","11086","","","","","",""
"2170264","-111","-111","-111","11087","11087","11087","","","","","",""
"2170320","-112","-112","-112","11088","11088","11088","","","","","",""
"2170400","-110","-110","-110","11090","11090","11090","-200","-200","-200","6783","6783","6783"
"2170520","-112","-112","-112","11091","11091","11091","","","","","",""
"2170704","-110","-110","-110","11092","11092","11092","","","","","",""
"2170764","-111","-111","-111","11093","11093","11093","","","","","",""
"2171016","-154","-154","-154","11095","11095","11095","","","","","",""
"2171144","-110","-110","-110","11096","11096","11096","","","","","",""
"2171200","","","","","","","-200","-200","-200","6785","6785","6785"
"2171236","-118","-118","-118","11097","11097","11097","","","","","",""
"2171596","-113","-113","-113","11099","11099","11099","","","","","",""
"2171668","-163","-163","-163","11100","11100","11100","","","","","",""
"2171848","-176","-176","-176","11101","11101","11101","","","","","",""
"2172000","","","","","","","-200","-200","-200","6788","6788","6788"
"2172044","-112","-112","-112","11103","11103","11103","","","","","",""
"2172108","-110","-110","-110","11104","11104","11104","","","","","",""
"2172204","-89","-89","-89","11105","11105","11105","","","","","",""
"2172468","-90","-90","-90","11107","11107","11107","","","","","",""
"2172524","-120","-120","-120","11108","11108","11108","","","","","",""
"2172656","-113","-113","-113","11109","11109","11109","","","","","",""
"2172660","-114","-114","-114","11110","11110","11110","","","","","",""
"2172800","","","","","","","-200","-200","-200","6790","6790","6790"
"2172820","-88","-88","-88","11111","11111","11111","","","","","",""
"2172976","-113","-113","-113","11113","11113","11113","","","","","",""
"2173100","-111","-111","-111","11114","11114","11114","","","","","",""
"2173104","-111","-111","-111","11115","11115","11115","","","","","",""
"2173272","-113","-113","-113","11116","11116","11116","","","","","",""
"2173308","-83","-83","-83","11117","11117","11117","","","","","",""
"2173448","-87","-87","-87","11119","11119","11119","","","","","",""
"2173552","-112","-112","-112","11120","11120","11120","","","","","",""
"2173600","","","","","","","-200","-200","-200","6793","6793","6793"
"2173612","-85","-85","-85","11121","11121","11121","","","","","",""
"2173772","-116","-116","-116","11122","11122","11122","","","","","",""
"2173892","-85","-85","-85","11123","11123","11123","","","","","",""
"2173916","-117","-117","-117","11124","11124","11124","","","","","",""
"2174056","-111","-111","-111","11126","11126","11126","","","","","",""
"2174224","-83","-83","-83","11127","11127","11127","","","","","",""
"2174228","-114","-114","-114","11128","11128","11128","","","","","",""
"2174372","-114","-114","-114","11129","11129","11129","","","","","",""
"2174400","","","","","","","-200","-200","-200","6795","6795","6795"
"2174508","-113","-113","-113","11131","11131","11131","","","","","",""
"2174600","-94","-94","-94","11132","11132","11132","","","","","",""
"2174816","-111","-111","-111","11133","11133","11133","","","","","",""
"2174844","-154","-154","-154","11134","11134","11134","","","","","",""
"2174960","-113","-113","-113","11135","11135","11135","","","","","",""
"2175048","-112","-112","-112","11137","11137","11137","","","","","",""
"2175172","-89","-89","-89","11138","11138","11138","","","","","",""
"2175200","","","","","","","-200","-200","-200","6798","6798","6798"
"2175304","-86","-86","-86","11139","11139","11139","","","","","",""
"2175316","-118","-118","-118","11140","11140","11140","","","","","",""
"2175504","-114","-114","-114","11142","11142","11142","","","","","",""
"2175636","-83","-83","-83","11143","11143","11143","","","","","",""
"2175664","-123","-123","-123","11144","11144","11144","","","","","",""
"2175936","-155","-155","-155","11145","11145","11145","","","","","",""
"2175952","-112","-112","-112","11146","11146","11146","","","","","",""
"2176000","","","","","","","-200","-200","-200","6800","6800","6800"
"2176016","-88","-88","-88","11148","11148","11148","","","","","",""
"2176304","-167","-167","-167","11149","11149","11149","","","","","",""
"2176352","-100","-100","-100","11150","11150","11150","","","","","",""
"2176388","-113","-113","-113","11151","11151","11151","","","","","",""
"2176408","-98","-98","-98","11152","11152","11152","","","","","",""
"2176788","-121","-121","-121","11154","11154","11154","","","","","",""
"2176800","","","","","","","-200","-200","-200","6802","6802","6802"
"2176832","-111","-111","-111","11155","11155","11155","","","","","",""
"2176856","-112","-112","-112","11156","11156","11156","","","","","",""
"2177040","-172","-172","-172","11158","11158","11158","","","","","",""
"2177196","-85","-85","-85","11159","11159","11159","","","","","",""
"2177240","-113","-113","-113","11160","11160","11160","","","","","",""
"2177292","-115","-115","-115","11161","11161","11161","","","","","",""
"2177556","-90","-90","-90","11163","11163","11163","","","","","",""
"2177600","-90","-90","-90","11164","11164","11164","-200","-200","-200","6805","6805","6805"
"2177692","-100","-100","-100","11165","11165","11165","","","","","",""
"2177716","-169","-169","-169","11166","11166","11166","","","","","",""
"2177968","-92","-92","-92","11167","11167","11167","","","","","",""
"2178000","-111","-111","-111","11168","11168","11168","","","","","",""
"2178144","-113","-113","-113","11170","11170","11170","","","","","",""
"2178164","-112","-112","-112","11171","11171","11171","","","","","",""
"2178400","","","","","","","-200","-200","-200","6807","6807","6807"
"2178488","-86","-86","-86","11172","11172","11172","","","","","",""
"2178540","-94","-94","-94","11173","11173","11173","","","","","",""
"2178612","-153","-153","-153","11175","11175","11175","","","","","",""
"2178644","-169","-169","-169","11176","11176","11176","","","","","",""
"2178864","-94","-94","-94","11177","11177","11177","","","","","",""
"2178896","-89","-89","-89","11178","11178","11178","","","","","",""
"2179076","-116","-116","-116","11180","11180","11180","","","","","",""
"2179092","-112","-112","-112","11181","11181","11181","","","","","",""
"2179200","","","","","","","-200","-200","-200","6810","6810","6810"
"2179308","-111","-111","-111","11182","11182","11182","","","","","",""
"2179364","-117","-117","-117","11183","11183","11183","","","","","",""
"2179532","-110","-110","-110","11184","11184","11184","","","","","",""
"2179568","-123","-123","-123","11185","11185","11185","","","","","",""
"2179904","-84","-84","-84","11187","11187","11187","","","","","",""
"2179928","-155","-155","-155","11188","11188","11188","","","","","",""
"2179968","-151","-151","-151","11189","11189","11189","","","","","",""
"2180000","","","","","","","-200","-200","-200","6812","6812","6812"
"2180164","-158","-158","-158","11191","11191","11191","","","","","",""
"2180360","-114","-114","-114","11192","11192","11192","","","","","",""
"2180412","-111","-111","-111","11193","11193","11193","","","","","",""
"2180572","-161","-161","-161","11194","11194","11194","","","","","",""
"2180616","-113","-113","-113","11196","11196","11196","","","","","",""
"2180800","","","","","","","-200","-200","-200","6815","6815","6815"
"2180880","-117","-117","-117","11197","11197","11197","","","","","",""
"2180968","-88","-88","-88","11198","11198","11198","","","","","",""
"2181016","-164","-164","-164","11199","11199","11199","","","","","",""
"2181048","-119","-119","-119","11200","11200","11200","","","","","",""
"2181316","-87","-87","-87","11202","11202","11202","","","","","",""
"2181332","-113","-113","-113","11203","11203","11203","","","","","",""
"2181356","-85","-85","-85","11204","11204","11204","","","","","",""
"2181408","-90","-90","-90","11205","11205","11205","","","","","",""
"2181600","","","","","","","-200","-200","-200","6817","6817","6817"
"2181652","-84","-84","-84","11207","11207","11207","","","","","",""
"2181720","-91","-91","-91","11208","11208","11208","","","","","",""
"2181752","-86","-86","-86","11209","11209","11209","","","","","",""
"2181792","-115","-115","-115","11210","11210","11210","","","","","",""
"2182008","-89","-89","-89","11211","11211","11211","","","","","",""
"2182156","-109","-109","-109","11213","11213","11213","","","","","",""
"2182384","-158","-158","-158","11214","11214","11214","","","","","",""
"2182400","","","","","","","-200","-200","-200","6820","6820","6820"
"2182452","-165","-165","-165","11215","11215","11215","","","","","",""
"2182500","-86","-86","-86","11216","11216","11216","","","","","",""
"2182788","-84","-84","-84","11218","11218","11218","","","","","",""
"2182896","-111","-111","-111","11219","11219","11219","","","","","",""
"2183020","-159","-159","-159","11220","11220","11220","","","","","",""
"2183112","-153","-153","-153","11221","11221","11221","","","","","",""
"2183200","","","","","","","-200","-200","-200","6823","6823","6823"
"2183240","-86","-86","-86","11223","11223","11223","","","","","",""
"2183388","-150","-150","-150","11224","11224","11224","","","","","",""
"2183476","-114","-114","-114","11225","11225","11225","","","","","",""
"2183480","-92","-92","-92","11226","11226","11226","","","","","",""
"2183708","-117","-117","-117","11228","11228","11228","","","","","",""
"2183852","-116","-116","-116","11229","11229","11229","","","","","",""
"2183864","-97","-97","-97","11230","11230","11230","","","","","",""
"2183924","-111","-111","-111","11231","11231","11231","","","","","",""
"2184000","","","","","","","-200","-200","-200","6825","6825","6825"
"2184156","-112","-112","-112","11232","11232","11232","","","","","",""
"2184200","-87","-87","-87","11234","11234","11234","","","","","",""
"2184396","-118","-118","-118","11235","11235","11235","","","","","",""
"2184500","-159","-159","-159","11236","11236","11236","","","","","",""
"2184600","-111","-111","-111","11237","11237","11237","","","","","",""
"2184652","-113","-113","-113","11238","11238","11238","","","","","",""
"2184800","","","","","","","-200","-200","-200","6828","6828","6828"
"2184868","-118","-118","-118","11240","11240","11240","","","","","",""
"2184952","-113","-113","-113","11241","11241","11241","","","","","",""
"2185048","-112","-112","-112","11242","11242","11242","","","","","",""
"2185104","-113","-113","-113","11243","11243","11243","","","","","",""
"2185344","-119","-119","-119","11245","11245","11245","","","","","",""
"2185404","-89","-89","-89","11246","11246","11246","","","","","",""
"2185412","-115","-115","-115","11247","11247","11247","","","","","",""
"2185544","-110","-110","-110","11248","11248","11248","","","","","",""
"2185600","","","","","","","-200","-200","-200","6830","6830","6830"
"2185796","-113","-113","-113","11250","11250","11250","","","","","",""
"2185860","-112","-112","-112","11251","11251","11251","","","","","",""
"2185868","-116","-116","-116","11252","11252","11252","","","","","",""
"2186184","-160","-160","-160","11253","11253","11253","","","","","",""
"2186232","-91","-91","-91","11254","11254","11254","","","","","",""
"2186244","-112","-112","-112","11256","11256","11256","","","","","",""
"2186336","-119","-119","-119","11257","11257","11257","","","","","",""
"2186400","","","","","","","-200","-200","-200","6833","6833","6833"
"2186576","-86","-86","-86","11258","11258","11258","","","","","",""
"2186640","-114","-114","-114","11259","11259","11259","","","","","",""
"2186800","-116","-116","-116","11261","11261","11261","","","","","",""
"2186864","-155","-155","-155","11262","11262","11262","","","","","",""
"2187044","-117","-117","-117","11263","11263","11263","","","","","",""
"2187100","-115","-115","-115","11264","11264","11264","","","","","",""
"2187200","","","","","","","-200","-200","-200","6835","6835","6835"
"2187212","-87","-87","-87","11265","11265","11265","","","","","",""
"2187248","-112","-112","-112","11266","11266","11266","","","","","",""
"2187388","-86","-86","-86","11268","11268","11268","","","","","",""
"2187548","-84","-84","-84","11269","11269","11269","","","","","",""
"2187732","-86","-86","-86","11270","11270","11270","","","","","",""
"2187952","-176","-176","-176","11272","11272","11272","","","","","",""
"2187992","-111","-111","-111","11273","11273","11273","","","","","",""
"2188000","","","","","","","-200","-200","-200","6838","6838","6838"
"2188168","-155","-155","-155","11274","11274","11274","","","","","",""
"2188176","-111","-111","-111","11275","11275","11275","","","","","",""
"2188412","-115","-115","-115","11277","11277","11277","","","","","",""
"2188464","-118","-118","-118","11278","11278","11278","","","","","",""
"2188620","-113","-113","-113","11279","11279","11279","","","","","",""
"2188624","-112","-112","-112","11280","11280","11280","","","","","",""
"2188800","","","","","","","-200","-200","-200","6840","6840","6840"
"2188860","-112","-112","-112","11282","11282","11282","","","","","",""
"2188976","-88","-88","-88","11283","11283","11283","","","","","",""
"2189108","-161","-161","-161","11284","11284","11284","","","","","",""
"2189192","-83","-83","-83","11285","11285","11285","","","","","",""
"2189284","-166","-166","-166","11286","11286","11286","","","","","",""
"2189324","-87","-87","-87","11288","11288","11288","","","","","",""
"2189540","-87","-87","-87","11289","11289","11289","","","","","",""
"2189600","","","","","","","-200","-200","-200","6842","6842","6842"
"2189692","-92","-92","-92","11290","11290","11290","","","","","",""
"2189748","-116","-116","-116","11291","11291","11291","","","","","",""
"2190000","-115","-115","-115","11293","11293","11293","","","","","",""
"2190152","-115","-115","-115","11294","11294","11294","","","","","",""
"2190196","-112","-112","-112","11295","11295","11295","","","","","",""
"2190204","-114","-114","-114","11296","11296","11296","","","","","",""
"2190372","-93","-93","-93","11298","11298","11298","","","","","",""
"2190400","","","","","","","-200","-200","-200","6845","6845","6845"
"2190496","-86","-86","-86","11299","11299","11299","","","","","",""
"2190536","-85","-85","-85","11300","11300","11300","","","","","",""
"2190668","-116","-116","-116","11301","11301","11301","","","","","",""
"2190724","-88","-88","-88","11302","11302","11302","","","","","",""
"2190868","-83","-83","-83","11304","11304","11304","","","","","",""
"2190956","-115","-115","-115","11305","11305","11305","","","","","",""
"2191108","-110","-110","-110","11306","11306","11306","","","","","",""
"2191172","-112","-112","-112","11307","11307","11307","","","","","",""
"2191200","","","","","","","-200","-200","-200","6847","6847","6847"
"2191308","-88","-88","-88","11308","11308","11308","","","","","",""
"2191480","-153","-153","-153","11310","11310","11310","","","","","",""
"2191524","-88","-88","-88","11311","11311","11311","","","","","",""
"2191580","-118","-118","-118","11312","11312","11312","","","","","",""
"2191684","-94","-94","-94","11313","11313","11313","","","","","",""
"2191932","-113","-113","-113","11315","11315","11315","","","","","",""
"2191940","-90","-90","-90","11316","11316","11316","","","","","",""
"2191976","-113","-113","-113","11317","11317","11317","","","","","",""
"2192000","","","","","","","-200","-200","-200","6850","6850","6850"
"2192288","-151","-151","-151","11318","11318","11318","","","","","",""
"2192320","-86","-86","-86","11319","11319","11319","","","","","",""
"2192376","-111","-111","-111","11320","11320","11320","","","","","",""
"2192396","-114","-114","-114","11322","11322","11322","","","","","",""
"2192716","-99","-99","-99","11323","11323","11323","","","","","",""
"2192744","-114","-114","-114","11324","11324","11324","","","","","",""
"2192800","","","","","","","-200","-200","-200","6852","6852","6852"
"2192824","-112","-112","-112","11325","11325","11325","","","","","",""
"2192840","-111","-111","-111","11326","11326","11326","","","","","",""
"2193164","-85","-85","-85","11328","11328","11328","","","","","",""
"2193180","-116","-116","-116","11329","11329","11329","","","","","",""
"2193192","-112","-112","-112","11330","11330","11330","","","","","",""
"2193292","-113","-113","-113","11331","11331","11331","","","","","",""
"2193528","-87","-87","-87","11333","11333","11333","","","","","",""
"2193600","","","","","","","-200","-200","-200","6855","6855","6855"
"2193740","-112","-112","-112","11334","11334","11334","","","","","",""
"2193800","-159","-159","-159","11335","11335","11335","","","","","",""
"2193880","-88","-88","-88","11336","11336","11336","","","","","",""
"2193980","-113","-113","-113","11338","11338","11338","","","","","",""
"2194072","-83","-83","-83","11339","11339","11339","","","","","",""
"2194248","-112","-112","-112","11340","11340","11340","","","","","",""
"2194252","-93","-93","-93","11341","11341","11341","","","","","",""
"2194400","","","","","","","-200","-200","-200","6857","6857","6857"
"2194432","-113","-113","-113","11342","11342","11342","","","","","",""
"2194544","-118","-118","-118","11343","11343","11343","","","","","",""
"2194704","-113","-113","-113","11344","11344","11344","","","","","",""
"2194708","-115","-115","-115","11345","11345","11345","","","","","",""
"2194880","-112","-112","-112","11346","11346","11346","","","","","",""
"2194992","-112","-112","-112","11348","11348","11348","","","","","",""
"2195092","-97","-97","-97","11349","11349","11349","","","","","",""
"2195188","-120","-120","-120","11350","11350","11350","","","","","",""
"2195200","","","","","","","-200","-200","-200","6860","6860","6860"
"2195332","-85","-85","-85","11351","11351","11351","","","","","",""
"2195504","-156","-156","-156","11353","11353","11353","","","","","",""
"2195540","-112","-112","-112","11354","11354","11354","","","","","",""
"2195648","-115","-115","-115","11355","11355","11355","","","","","",""
"2195924","-148","-148","-148","11356","11356","11356","","","","","",""
"2195948","-111","-111","-111","11357","11357","11357","","","","","",""
"2196000","-115","-115","-115","11359","11359","11359","-200","-200","-200","6863","6863","6863"
"2196044","-99","-99","-99","11360","11360","11360","","","","","",""
"2196344","-99","-99","-99","11361","11361","11361","","","","","",""
"2196356","-108","-108","-108","11362","11362","11362","","","","","",""
"2196376","-83","-83","-83","11363","11363","11363","","","","","",""
"2196452","-113","-113","-113","11364","11364","11364","","","","","",""
"2196700","-89","-89","-89","11366","11366","11366","","","","","",""
"2196800","","","","","","","-200","-200","-200","6865","6865","6865"
"2196824","-117","-117","-117","11367","11367","11367","","","","","",""
"2196840","-116","-116","-116","11368","11368","11368","","","","","",""
"2196908","-114","-114","-114","11369","11369","11369","","","","","",""
"2197144","-111","-111","-111","11371","11371","11371","","","","","",""
"2197180","-85","-85","-85","11372","11372","11372","","","","","",""
"2197200","-94","-94","-94","11373","11373","11373","","","","","",""
"2197368","-115","-115","-115","11374","11374","11374","","","","","",""
"2197600","-114","-114","-114","11376","11376","11376","-200","-200","-200","6868","6868","6868"
"2197636","-114","-114","-114","11377","11377","11377","","","","","",""
"2197680","-120","-120","-120","11378","11378","11378","","","","","",""
"2197756","-97","-97","-97","11379","11379","11379","","","","","",""
"2198060","-115","-115","-115","11381","11381","11381","","","","","",""
"2198096","-85","-85","-85","11382","11382","11382","","","","","",""
"2198116","-120","-120","-120","11383","11383","11383","","","","","",""
"2198160","-120","-120","-120","11384","11384","11384","","","","","",""
"2198400","","","","","","","-200","-200","-200","6870","6870","6870"
"2198444","-87","-87","-87","11385","11385","11385","","","","","",""
"2198452","-84","-84","-84","11386","11386","11386","","","","","",""
"2198504","-111","-111","-111","11387","11387","11387","","","","","",""
"2198508","-87","-87","-87","11388","11388","11388","","","","","",""
"2198804","-90","-90","-90","11390","11390","11390","","","","","",""
"2198832","-95","-95","-95","11391","11391","11391","","","","","",""
"2198964","-114","-114","-114","11392","11392","11392","","","","","",""
"2198980","-119","-119","-119","11393","11393","11393","","","","","",""
"2199196","-91","-91","-91","11395","11395","11395","","","","","",""
"2199200","","","","","","","-200","-200","-200","6873","6873","6873"
"2199252","-112","-112","-112","11396","11396","11396","","","","","",""
"2199328","-87","-87","-87","11397","11397","11397","","","","","",""
"2199428","-116","-116","-116","11398","11398","11398","","","","","",""
"2199540","-86","-86","-86","11399","11399","11399","","","","","",""
"2199684","-89","-89","-89","11401","11401","11401","","","","","",""
"2199776","-87","-87","-87","11402","11402","11402","","","","","",""
"2199844","-148","-148","-148","11403","11403","11403","","","","","",""
"2200000","","","","","","","-200","-200","-200","6875","6875","6875"
"2200156","-118","-118","-118","11405","11405","11405","","","","","",""
"2200164","-156","-156","-156","11406","11406","11406","","","","","",""
"2200216","-93","-93","-93","11407","11407","11407","","","","","",""
"2200420","-161","-161","-161","11408","11408","11408","","","","","",""
"2200560","-86","-86","-86","11409","11409","11409","","","","","",""
"2200600","-111","-111","-111","11411","11411","11411","","","","","",""
"2200780","-154","-154","-154","11412","11412","11412","","","","","",""
"2200800","","","","","","","-200","-200","-200","6878","6878","6878"
"2200824","-101","-101","-101","11413","11413","11413","","","","","",""
"2201012","-113","-113","-113","11414","11414","11414","","","","","",""
"2201040","-110","-110","-110","11415","11415","11415","","","","","",""
"2201240","-115","-115","-115","11417","11417","11417","","","","","",""
"2201284","-115","-115","-115","11418","11418","11418","","","","","",""
"2201480","-117","-117","-117","11419","11419","11419","","","","","",""
"2201516","-119","-119","-119","11420","11420","11420","","","","","",""
"2201600","","","","","","","-200","-200","-200","6880","6880","6880"
"2201724","-121","-121","-121","11422","11422","11422","","","","","",""
"2201816","-84","-84","-84","11423","11423","11423","","","","","",""
"2201888","-151","-151","-151","11424","11424","11424","","","","","",""
"2201988","-118","-118","-118","11425","11425","11425","","","","","",""
"2202152","-84","-84","-84","11427","11427","11427","","","","","",""
"2202236","-87","-87","-87","11428","11428","11428","","","","","",""
"2202384","-165","-165","-165","11429","11429","11429","","","","","",""
"2202400","","","","","","","-200","-200","-200","6882","6882","6882"
"2202432","-111","-111","-111","11430","11430","11430","","","","","",""
"2202496","-86","-86","-86","11431","11431","11431","","","","","",""
"2202688","-113","-113","-113","11433","11433","11433","","","","","",""
"2202892","-115","-115","-115","11434","11434","11434","","","","","",""
"2202956","-115","-115","-115","11435","11435","11435","","","","","",""
"2203032","-86","-86","-86","11436","11436","11436","","","","","",""
"2203052","-167","-167","-167","11437","11437","11437","","","","","",""
"2203200","","","","","","","-200","-200","-200","6885","6885","6885"
"2203348","-114","-114","-114","11439","11439","11439","","","","","",""
"2203452","-124","-124","-124","11440","11440","11440","","","","","",""
"2203492","-115","-115","-115","11441","11441","11441","","","","","",""
"2203512","-115","-115","-115","11442","11442","11442","","","","","",""
"2203812","-90","-90","-90","11444","11444","11444","","","","","",""
"2203884","-98","-98","-98","11445","11445","11445","","","","","",""
"2203964","-113","-113","-113","11446","11446","11446","","","","","",""
"2203992","-161","-161","-161","11447","11447","11447","","","","","",""
"2204000","","","","","","","-200","-200","-200","6887","6887","6887"
"2204176","-91","-91","-91","11449","11449","11449","","","","","",""
"2204216","-83","-83","-83","11450","11450","11450","","","","","",""
"2204424","-115","-115","-115","11451","11451","11451","","","","","",""
"2204444","-113","-113","-113","11452","11452","11452","","","","","",""
"2204520","-86","-86","-86","11453","11453","11453","","","","","",""
"2204640","-106","-106","-106","11454","11454","11454","","","","","",""
"2204800","","","","","","","-200","-200","-200","6890","6890","6890"
"2204868","-111","-111","-111","11456","11456","11456","","","","","",""
"2204912","-117","-117","-117","11457","11457","11457","","","","","",""
"2204916","-99","-99","-99","11458","11458","11458","","","","","",""
"2205088","-112","-112","-112","11459","11459","11459","","","","","",""
"2205252","-85","-85","-85","11461","11461","11461","","","","","",""
"2205324","-114","-114","-114","11462","11462","11462","","","","","",""
"2205380","-116","-116","-116","11463","11463","11463","","","","","",""
"2205456","-92","-92","-92","11464","11464","11464","","","","","",""
"2205600","","","","","","","-200","-200","-200","6892","6892","6892"
"2205664","-103","-103","-103","11465","11465","11465","","","","","",""
"2205768","-111","-111","-111","11467","11467","11467","","","","","",""
"2205820","-91","-91","-91","11468","11468","11468","","","","","",""
"2205844","-116","-116","-116","11469","11469","11469","","","","","",""
"2206120","-114","-114","-114","11470","11470","11470","","","","","",""
"2206156","-84","-84","-84","11471","11471","11471","","","","","",""
"2206220","-113","-113","-113","11473","11473","11473","","","","","",""
"2206224","-95","-95","-95","11474","11474","11474","","","","","",""
"2206400","","","","","","","-200","-200","-200","6895","6895","6895"
"2206472","-88","-88","-88","11475","11475","11475","","","","","",""
"2206564","-86","-86","-86","11476","11476","11476","","","","","",""
"2206624","-117","-117","-117","11477","11477","11477","","","","","",""
"2206676","-113","-113","-113","11478","11478","11478","","","","","",""
"2206812","-85","-85","-85","11480","11480","11480","","","","","",""
"2206984","-90","-90","-90","11481","11481","11481","","","","","",""
"2207024","-87","-87","-87","11482","11482","11482","","","","","",""
"2207028","-116","-116","-116","11483","11483","11483","","","","","",""
"2207200","","","","","","","-200","-200","-200","6897","6897","6897"
"2207344","-90","-90","-90","11485","11485","11485","","","","","",""
"2207456","-161","-161","-161","11486","11486","11486","","","","","",""
"2207480","-113","-113","-113","11487","11487","11487","","","","","",""
"2207800","-114","-114","-114","11489","11489","11489","","","","","",""
"2207820","-85","-85","-85","11490","11490","11490","","","","","",""
"2207936","-114","-114","-114","11491","11491","11491","","","","","",""
"2208000","","","","","","","-200","-200","-200","6900","6900","6900"
"2208084","-157","-157","-157","11492","11492","11492","","","","","",""
"2208156","-89","-89","-89","11493","11493","11493","","","","","",""
"2208276","-114","-114","-114","11495","11495","11495","","","","","",""
"2208400","-116","-116","-116","11496","11496","11496","","","","","",""
"2208420","-84","-84","-84","11497","11497","11497","","","","","",""
"2208612","-114","-114","-114","11498","11498","11498","","","","","",""
"2208756","-84","-84","-84","11499","11499","11499","","","","","",""
"2208800","","","","","","","-200","-200","-200","6903","6903","6903"
"2208856","-114","-114","-114","11501","11501","11501","","","","","",""
"2208924","-162","-162","-162","11502","11502","11502","","","","","",""
"2209240","-121","-121","-121","11503","11503","11503","","","","","",""
"2209276","-88","-88","-88","11504","11504","11504","","","","","",""
"2209292","-170","-170","-170","11506","11506","11506","","","","","",""
"2209304","-112","-112","-112","11507","11507","11507","","","","","",""
"2209600","","","","","","","-200","-200","-200","6905","6905","6905"
"2209652","-87","-87","-87","11508","11508","11508","","","","","",""
"2209688","-112","-112","-112","11509","11509","11509","","","","","",""
"2209764","-118","-118","-118","11510","11510","11510","","","","","",""
"2209868","-148","-148","-148","11512","11512","11512","","","","","",""
"2210108","-86","-86","-86","11513","11513","11513","","","","","",""
"2210132","-120","-120","-120","11514","11514","11514","","","","","",""
"2210136","-112","-112","-112","11515","11515","11515","","","","","",""
"2210264","-99","-99","-99","11516","11516","11516","","","","","",""
"2210400","","","","","","","-200","-200","-200","6908","6908","6908"
"2210488","-95","-95","-95","11518","11518","11518","","","","","",""
"2210612","-119","-119","-119","11519","11519","11519","","","","","",""
"2210652","-97","-97","-97","11520","11520","11520","","","","","",""
"2210764","-158","-158","-158","11521","11521","11521","","","","","",""
"2210932","-111","-111","-111","11523","11523","11523","","","","","",""
"2211060","-112","-112","-112","11524","11524","11524","","","","","",""
"2211100","-112","-112","-112","11525","11525","11525","","","","","",""
"2211200","","","","","","","-200","-200","-200","6910","6910","6910"
"2211212","-112","-112","-112","11526","11526","11526","","","","","",""
"2211280","-87","-87","-87","11527","11527","11527","","","","","",""
"2211428","-92","-92","-92","11529","11529","11529","","","","","",""
"2211444","-86","-86","-86","11530","11530","11530","","","","","",""
"2211556","-86","-86","-86","11531","11531","11531","","","","","",""
"2211648","-92","-92","-92","11532","11532","11532","","","","","",""
"2211816","-97","-97","-97","11533","11533","11533","","","","","",""
"2211864","-105","-105","-105","11535","11535","11535","","","","","",""
"2211892","-84","-84","-84","11536","11536","11536","","","","","",""
"2212000","-88","-88","-88","11537","11537","11537","-200","-200","-200","6913","6913","6913"
"2212232","-104","-104","-104","11538","11538","11538","","","","","",""
"2212336","-118","-118","-118","11539","11539","11539","","","","","",""
"2212356","-89","-89","-89","11541","11541","11541","","","","","",""
"2212524","-158","-158","-158","11542","11542","11542","","","","","",""
"2212596","-91","-91","-91","11543","11543","11543","","","","","",""
"2212684","-87","-87","-87","11544","11544","11544","","","","","",""
"2212736","-95","-95","-95","11545","11545","11545","","","","","",""
"2212800","","","","","","","-200","-200","-200","6915","6915","6915"
"2212860","-84","-84","-84","11546","11546","11546","","","","","",""
"2212944","-87","-87","-87","11548","11548","11548","","","","","",""
"2213044","-90","-90","-90","11549","11549","11549","","","","","",""
"2213196","-84","-84","-84","11550","11550","11550","","","","","",""
"2213300","-89","-89","-89","11551","11551","11551","","","","","",""
"2213392","-164","-164","-164","11553","11553","11553","","","","","",""
"2213592","-99","-99","-99","11554","11554","11554","","","","","",""
"2213600","","","","","","","-200","-200","-200","6918","6918","6918"
"2213644","-86","-86","-86","11555","11555","11555","","","","","",""
"2213808","-104","-104","-104","11556","11556","11556","","","","","",""
"2213868","-119","-119","-119","11557","11557","11557","","","","","",""
"2214044","-113","-113","-113","11559","11559","11559","","","","","",""
"2214128","-121","-121","-121","11560","11560","11560","","","","","",""
"2214200","-98","-98","-98","11561","11561","11561","","","","","",""
"2214400","","","","","","","-200","-200","-200","6920","6920","6920"
"2214432","-97","-97","-97","11563","11563","11563","","","","","",""
"2214496","-157","-157","-157","11564","11564","11564","","","","","",""
"2214536","-102","-102","-102","11565","11565","11565","","","","","",""
"2214652","-113","-113","-113","11566","11566","11566","","","","","",""
"2214848","-88","-88","-88","11567","11567","11567","","","","","",""
"2214884","-113","-113","-113","11568","11568","11568","","","","","",""
"2214996","-86","-86","-86","11570","11570","11570","","","","","",""
"2215116","-145","-145","-145","11571","11571","11571","","","","","",""
"2215184","-84","-84","-84","11572","11572","11572","","","","","",""
"2215200","","","","","","","-200","-200","-200","6922","6922","6922"
"2215224","-85","-85","-85","11573","11573","11573","","","","","",""
"2215444","-112","-112","-112","11575","11575","11575","","","","","",""
"2215568","-113","-113","-113","11576","11576","11576","","","","","",""
"2215576","-88","-88","-88","11577","11577","11577","","","","","",""
"2215636","-113","-113","-113","11578","11578","11578","","","","","",""
"2215900","-114","-114","-114","11579","11579","11579","","","","","",""
"2216000","","","","","","","-200","-200","-200","6925","6925","6925"
"2216032","-114","-114","-114","11581","11581","11581","","","","","",""
"2216040","-118","-118","-118","11582","11582","11582","","","","","",""
"2216088","-113","-113","-113","11583","11583","11583","","","","","",""
"2216368","-117","-117","-117","11584","11584","11584","","","","","",""
"2216496","-114","-114","-114","11586","11586","11586","","","","","",""
"2216500","-117","-117","-117","11587","11587","11587","","","","","",""
"2216548","-115","-115","-115","11588","11588","11588","","","","","",""
"2216800","","","","","","","-200","-200","-200","6927","6927","6927"
"2216816","-112","-112","-112","11589","11589","11589","","","","","",""
"2216944","-112","-112","-112","11590","11590","11590","","","","","",""
"2216952","-113","-113","-113","11591","11591","11591","","","","","",""
"2216996","-112","-112","-112","11593","11593","11593","","","","","",""
"2217148","-83","-83","-83","11594","11594","11594","","","","","",""
"2217284","-85","-85","-85","11595","11595","11595","","","","","",""
"2217408","-114","-114","-114","11596","11596","11596","","","","","",""
"2217472","-119","-119","-119","11597","11597","11597","","","","","",""
"2217496","-87","-87","-87","11598","11598","11598","","","","","",""
"2217600","","","","","","","-200","-200","-200","6930","6930","6930"
"2217628","-86","-86","-86","11599","11599","11599","","","","","",""
"2217756","-87","-87","-87","11600","11600","11600","","","","","",""
"2217920","-112","-112","-112","11601","11601","11601","","","","","",""
"2217944","-112","-112","-112","11602","11602","11602","","","","","",""
"2217968","-85","-85","-85","11603","11603","11603","","","","","",""
"2218204","-112","-112","-112","11605","11605","11605","","","","","",""
"2218308","-85","-85","-85","11606","11606","11606","","","","","",""
"2218312","-92","-92","-92","11607","11607","11607","","","","","",""
"2218400","","","","","","","-200","-200","-200","6932","6932","6932"
"2218592","-168","-168","-168","11609","11609","11609","","","","","",""
"2218672","-90","-90","-90","11610","11610","11610","","","","","",""
"2218892","-172","-172","-172","11611","11611","11611","","","","","",""
"2218912","-151","-151","-151","11612","11612","11612","","","","","",""
"2219060","-117","-117","-117","11614","11614","11614","","","","","",""
"2219116","-111","-111","-111","11615","11615","11615","","","","","",""
"2219200","","","","","","","-200","-200","-200","6935","6935","6935"
"2219372","-115","-115","-115","11616","11616","11616","","","","","",""
"2219472","-89","-89","-89","11617","11617","11617","","","","","",""
"2219488","-149","-149","-149","11618","11618","11618","","","","","",""
"2219516","-114","-114","-114","11619","11619","11619","","","","","",""
"2219812","-110","-110","-110","11621","11621","11621","","","","","",""
"2219844","-89","-89","-89","11622","11622","11622","","","","","",""
"2219864","-87","-87","-87","11623","11623","11623","","","","","",""
"2220000","","","","","","","-200","-200","-200","6937","6937","6937"
"2220096","-156","-156","-156","11625","11625","11625","","","","","",""
"2220200","-89","-89","-89","11626","11626","11626","","","","","",""
"2220260","-99","-99","-99","11627","11627","11627","","","","","",""
"2220424","-153","-153","-153","11628","11628","11628","","","","","",""
"2220552","-88","-88","-88","11630","11630","11630","","","","","",""
"2220688","-148","-148","-148","11631","11631","11631","","","","","",""
"2220780","-89","-89","-89","11632","11632","11632","","","","","",""
"2220800","","","","","","","-200","-200","-200","6940","6940","6940"
"2220856","-149","-149","-149","11633","11633","11633","","","","","",""
"2221048","-124","-124","-124","11634","11634","11634","","","","","",""
"2221160","-118","-118","-118","11636","11636","11636","","","","","",""
"2221444","-166","-166","-166","11637","11637","11637","","","","","",""
"2221508","-115","-115","-115","11638","11638","11638","","","","","",""
"2221600","","","","","","","-200","-200","-200","6943","6943","6943"
"2221616","-114","-114","-114","11640","11640","11640","","","","","",""
"2221884","-110","-110","-110","11641","11641","11641","","","","","",""
"2221976","-117","-117","-117","11642","11642","11642","","","","","",""
"2222076","-158","-158","-158","11643","11643","11643","","","","","",""
"2222316","-85","-85","-85","11645","11645","11645","","","","","",""
"2222360","-119","-119","-119","11646","11646","11646","","","","","",""
"2222400","","","","","","","-200","-200","-200","6945","6945","6945"
"2222516","-110","-110","-110","11647","11647","11647","","","","","",""
"2222524","-112","-112","-112","11648","11648","11648","","","","","",""
"2222760","-111","-111","-111","11650","11650","11650","","","","","",""
"2222808","-112","-112","-112","11651","11651","11651","","","","","",""
"2222876","-88","-88","-88","11652","11652","11652","","","","","",""
"2222964","-112","-112","-112","11653","11653","11653","","","","","",""
"2223200","","","","","","","-200","-200","-200","6948","6948","6948"
"2223252","-94","-94","-94","11655","11655","11655","","","","","",""
"2223268","-115","-115","-115","11656","11656","11656","","","","","",""
"2223304","-85","-85","-85","11657","11657","11657","","","","","",""
"2223332","-143","-143","-143","11658","11658","11658","","","","","",""
"2223696","-111","-111","-111","11660","11660","11660","","","","","",""
"2223756","-113","-113","-113","11661","11661","11661","","","","","",""
"2223772","-110","-110","-110","11662","11662","11662","","","","","",""
"2223908","-160","-160","-160","11663","11663","11663","","","","","",""
"2224000","","","","","","","-200","-200","-200","6950","6950","6950"
"2224104","-87","-87","-87","11664","11664","11664","","","","","",""
"2224140","-111","-111","-111","11666","11666","11666","","","","","",""
"2224372","-116","-116","-116","11667","11667","11667","","","","","",""
"2224384","-153","-153","-153","11668","11668","11668","","","","","",""
"2224552","-112","-112","-112","11669","11669","11669","","","","","",""
"2224584","-111","-111","-111","11670","11670","11670","","","","","",""
"2224720","-84","-84","-84","11672","11672","11672","","","","","",""
"2224800","","","","","","","-200","-200","-200","6953","6953","6953"
"2225008","-159","-159","-159","11673","11673","11673","","","","","",""
"2225036","-113","-113","-113","11674","11674","11674","","","","","",""
"2225220","-167","-167","-167","11676","11676","11676","","","","","",""
"2225316","-149","-149","-149","11677","11677","11677","","","","","",""
"2225468","-115","-115","-115","11678","11678","11678","","","","","",""
"2225600","","","","","","","-200","-200","-200","6955","6955","6955"
"2225604","-142","-142","-142","11679","11679","11679","","","","","",""
"2225664","-111","-111","-111","11680","11680","11680","","","","","",""
"2225764","-112","-112","-112","11681","11681","11681","","","","","",""
"2225920","-113","-113","-113","11682","11682","11682","","","","","",""
"2226108","-111","-111","-111","11683","11683","11683","","","","","",""
"2226200","-149","-149","-149","11685","11685","11685","","","","","",""
"2226268","-126","-126","-126","11686","11686","11686","","","","","",""
"2226292","-93","-93","-93","11687","11687","11687","","","","","",""
"2226400","","","","","","","-200","-200","-200","6958","6958","6958"
"2226552","-111","-111","-111","11688","11688","11688","","","","","",""
"2226636","-86","-86","-86","11689","11689","11689","","","","","",""
"2226644","-111","-111","-111","11690","11690","11690","","","","","",""
"2226916","-162","-162","-162","11692","11692","11692","","","","","",""
"2227000","-91","-91","-91","11693","11693","11693","","","","","",""
"2227164","-153","-153","-153","11694","11694","11694","","","","","",""
"2227200","","","","","","","-200","-200","-200","6960","6960","6960"
"2227360","-111","-111","-111","11696","11696","11696","","","","","",""
"2227440","-110","-110","-110","11697","11697","11697","","","","","",""
"2227456","-114","-114","-114","11698","11698","11698","","","","","",""
"2227628","-116","-116","-116","11699","11699","11699","","","","","",""
"2227900","-115","-115","-115","11701","11701","11701","","","","","",""
"2227976","-154","-154","-154","11702","11702","11702","","","","","",""
"2228000","","","","","","","-200","-200","-200","6962","6962","6962"
"2228072","-111","-111","-111","11703","11703","11703","","","","","",""
"2228360","-115","-115","-115","11705","11705","11705","","","","","",""
"2228380","-120","-120","-120","11706","11706","11706","","","","","",""
"2228436","-91","-91","-91","11707","11707","11707","","","","","",""
"2228580","-151","-151","-151","11708","11708","11708","","","","","",""
"2228716","-89","-89","-89","11709","11709","11709","","","","","",""
"2228800","","","","","","","-200","-200","-200","6965","6965","6965"
"2228840","-115","-115","-115","11711","11711","11711","","","","","",""
"2228912","-119","-119","-119","11712","11712","11712","","","","","",""
"2229024","-111","-111","-111","11713","11713","11713","","","","","",""
"2229088","-93","-93","-93","11714","11714","11714","","","","","",""
"2229180","-85","-85","-85","11715","11715","11715","","","","","",""
"2229372","-115","-115","-115","11717","11717","11717","","","","","",""
"2229400","-94","-94","-94","11718","11718","11718","","","","","",""
"2229524","-109","-109","-109","11719","11719","11719","","","","","",""
"2229600","","","","","","","-200","-200","-200","6967","6967","6967"
"2229636","-114","-114","-114","11720","11720","11720","","","","","",""
"2229848","-119","-119","-119","11722","11722","11722","","","","","",""
"2229872","-118","-118","-118","11723","11723","11723","","","","","",""
"2229976","-113","-113","-113","11724","11724","11724","","","","","",""
"2229992","-89","-89","-89","11725","11725","11725","","","","","",""
"2230320","-112","-112","-112","11727","11727","11727","","","","","",""
"2230340","-87","-87","-87","11728","11728","11728","","","","","",""
"2230400","","","","","","","-200","-200","-200","6970","6970","6970"
"2230432","-114","-114","-114","11729","11729","11729","","","","","",""
"2230496","-162","-162","-162","11730","11730","11730","","","","","",""
"2230712","-98","-98","-98","11731","11731","11731","","","","","",""
"2230924","-146","-146","-146","11733","11733","11733","","","","","",""
"2231020","-147","-147","-147","11734","11734","11734","","","","","",""
"2231112","-154","-154","-154","11735","11735","11735","","","","","",""
"2231168","-114","-114","-114","11736","11736","11736","","","","","",""
"2231200","","","","","","","-200","-200","-200","6972","6972","6972"
"2231276","-88","-88","-88","11737","11737","11737","","","","","",""
"2231552","-110","-110","-110","11739","11739","11739","","","","","",""
"2231608","-147","-147","-147","11740","11740","11740","","","","","",""
"2231612","-84","-84","-84","11741","11741","11741","","","","","",""
"2231764","-149","-149","-149","11742","11742","11742","","","","","",""
"2231964","-88","-88","-88","11744","11744","11744","","","","","",""
"2232000","-112","-112","-112","11745","11745","11745","-200","-200","-200","6975","6975","6975"
"2232068","-115","-115","-115","11746","11746","11746","","","","","",""
"2232216","-113","-113","-113","11747","11747","11747","","","","","",""
"2232368","-92","-92","-92","11749","11749","11749","","","","","",""
"2232420","-114","-114","-114","11750","11750","11750","","","","","",""
"2232524","-114","-114","-114","11751","11751","11751","","","","","",""
"2232548","-83","-83","-83","11752","11752","11752","","","","","",""
"2232760","-98","-98","-98","11753","11753","11753","","","","","",""
"2232800","","","","","","","-200","-200","-200","6977","6977","6977"
"2232864","-111","-111","-111","11755","11755","11755","","","","","",""
"2232984","-115","-115","-115","11756","11756","11756","","","","","",""
"2233100","-85","-85","-85","11757","11757","11757","","","","","",""
"2233164","-154","-154","-154","11758","11758","11758","","","","","",""
"2233348","-91","-91","-91","11760","11760","11760","","","","","",""
"2233448","-146","-146","-146","11761","11761","11761","","","","","",""
"2233540","-110","-110","-110","11762","11762","11762","","","","","",""
"2233600","","","","","","","-200","-200","-200","6980","6980","6980"
"2233768","-151","-151","-151","11763","11763","11763","","","","","",""
"2233796","-112","-112","-112","11764","11764","11764","","","","","",""
"2233996","-114","-114","-114","11766","11766","11766","","","","","",""
"2234048","-150","-150","-150","11767","11767","11767","","","","","",""
"2234180","-96","-96","-96","11768","11768","11768","","","","","",""
"2234220","-113","-113","-113","11769","11769","11769","","","","","",""
"2234388","-85","-85","-85","11771","11771","11771","","","","","",""
"2234400","","","","","","","-200","-200","-200","6983","6983","6983"
"2234440","-111","-111","-111","11772","11772","11772","","","","","",""
"2234752","-143","-143","-143","11773","11773","11773","","","","","",""
"2234800","-90","-90","-90","11774","11774","11774","","","","","",""
"2234836","-154","-154","-154","11775","11775","11775","","","","","",""
"2234840","-113","-113","-113","11776","11776","11776","","","","","",""
"2235108","-89","-89","-89","11778","11778","11778","","","","","",""
"2235196","-89","-89","-89","11779","11779","11779","","","","","",""
"2235200","-100","-100","-100","11780","11780","11780","-200","-200","-200","6985","6985","6985"
"2235448","-85","-85","-85","11782","11782","11782","","","","","",""
"2235540","-86","-86","-86","11783","11783","11783","","","","","",""
"2235548","-87","-87","-87","11784","11784","11784","","","","","",""
"2236000","","","","","","","-200","-200","-200","6988","6988","6988"
"2236004","-114","-114","-114","11786","11786","11786","","","","","",""
"2236024","-119","-119","-119","11787","11787","11787","","","","","",""
"2236076","-157","-157","-157","11788","11788","11788","","","","","",""
"2236216","-169","-169","-169","11789","11789","11789","","","","","",""
"2236344","-85","-85","-85","11790","11790","11790","","","","","",""
"2236380","-89","-89","-89","11791","11791","11791","","","","","",""
"2236520","-111","-111","-111","11793","11793","11793","","","","","",""
"2236660","-111","-111","-111","11794","11794","11794","","","","","",""
"2236800","","","","","","","-200","-200","-200","6990","6990","6990"
"2236808","-116","-116","-116","11795","11795","11795","","","","","",""
"2236820","-110","-110","-110","11796","11796","11796","","","","","",""
"2236964","-111","-111","-111","11798","11798","11798","","","","","",""
"2237004","-86","-86","-86","11799","11799","11799","","","","","",""
"2237268","-112","-112","-112","11800","11800","11800","","","","","",""
"2237352","-97","-97","-97","11801","11801","11801","","","","","",""
"2237452","-112","-112","-112","11803","11803","11803","","","","","",""
"2237576","-192","-192","-192","11804","11804","11804","","","","","",""
"2237600","","","","","","","-200","-200","-200","6993","6993","6993"
"2237720","-113","-113","-113","11805","11805","11805","","","","","",""
"2237808","-114","-114","-114","11806","11806","11806","","","","","",""
"2237912","-84","-84","-84","11807","11807","11807","","","","","",""
"2237916","-116","-116","-116","11808","11808","11808","","","","","",""
"2238108","-97","-97","-97","11810","11810","11810","","","","","",""
"2238288","-94","-94","-94","11811","11811","11811","","","","","",""
"2238364","-112","-112","-112","11812","11812","11812","","","","","",""
"2238400","","","","","","","-200","-200","-200","6995","6995","6995"
"2238448","-160","-160","-160","11813","11813","11813","","","","","",""
"2238528","-105","-105","-105","11815","11815","11815","","","","","",""
"2238708","-86","-86","-86","11816","11816","11816","","","","","",""
"2238740","-113","-113","-113","11817","11817","11817","","","","","",""
"2238804","-89","-89","-89","11818","11818","11818","","","","","",""
"2238972","-111","-111","-111","11819","11819","11819","","","","","",""
"2239160","-113","-113","-113","11821","11821","11821","","","","","",""
"2239172","-92","-92","-92","11822","11822","11822","","","","","",""
"2239200","","","","","","","-200","-200","-200","6998","6998","6998"
"2239424","-113","-113","-113","11823","11823","11823","","","","","",""
"2239428","-172","-172","-172","11824","11824","11824","","","","","",""
"2239512","-85","-85","-85","11826","11826","11826","","","","","",""
"2239620","-115","-115","-115","11827","11827","11827","","","","","",""
"2239772","-86","-86","-86","11828","11828","11828","","","","","",""
"2239780","-89","-89","-89","11829","11829","11829","","","","","",""
"2240000","","","","","","","-200","-200","-200","7000","7000","7000"
"2240068","-112","-112","-112","11831","11831","11831","","","","","",""
"2240160","-162","-162","-162","11832","11832","11832","","","","","",""
"2240236","-114","-114","-114","11833","11833","11833","","","","","",""
"2240260","-122","-122","-122","11834","11834","11834","","","","","",""
"2240472","-101","-101","-101","11835","11835","11835","","","","","",""
"2240624","-116","-116","-116","11837","11837","11837","","","","","",""
"2240680","-111","-111","-111","11838","11838","11838","","","","","",""
"2240712","-113","-113","-113","11839","11839","11839","","","","","",""
"2240800","","","","","","","-200","-200","-200","7002","7002","7002"
"2240944","-118","-118","-118","11840","11840","11840","","","","","",""
"2241124","-111","-111","-111","11842","11842","11842","","","","","",""
"2241296","-168","-168","-168","11843","11843","11843","","","","","",""
"2241324","-153","-153","-153","11844","11844","11844","","","","","",""
"2241408","-116","-116","-116","11845","11845","11845","","","","","",""
"2241572","-112","-112","-112","11847","11847","11847","","","","","",""
"2241600","","","","","","","-200","-200","-200","7005","7005","7005"
"2241808","-121","-121","-121","11848","11848","11848","","","","","",""
"2241884","-119","-119","-119","11849","11849","11849","","","","","",""
"2241908","-153","-153","-153","11850","11850","11850","","","","","",""
"2242024","-113","-113","-113","11851","11851","11851","","","","","",""
"2242148","-85","-85","-85","11853","11853","11853","","","","","",""
"2242348","-116","-116","-116","11854","11854","11854","","","","","",""
"2242368","-115","-115","-115","11855","11855","11855","","","","","",""
"2242388","-91","-91","-91","11856","11856","11856","","","","","",""
"2242400","","","","","","","-200","-200","-200","7007","7007","7007"
"2242600","-113","-113","-113","11858","11858","11858","","","","","",""
"2242700","-83","-83","-83","11859","11859","11859","","","","","",""
"2242704","-89","-89","-89","11860","11860","11860","","","","","",""
"2242836","-112","-112","-112","11861","11861","11861","","","","","",""
"2243044","-86","-86","-86","11862","11862","11862","","","","","",""
"2243048","-112","-112","-112","11863","11863","11863","","","","","",""
"2243164","-115","-115","-115","11865","11865","11865","","","","","",""
"2243172","-84","-84","-84","11866","11866","11866","","","","","",""
"2243200","","","","","","","-200","-200","-200","7010","7010","7010"
"2243488","-111","-111","-111","11867","11867","11867","","","","","",""
"2243500","-113","-113","-113","11868","11868","11868","","","","","",""
"2243608","-111","-111","-111","11870","11870","11870","","","","","",""
"2243644","-118","-118","-118","11871","11871","11871","","","","","",""
"2243832","-86","-86","-86","11872","11872","11872","","","","","",""
"2243944","-111","-111","-111","11873","11873","11873","","","","","",""
"2243980","-93","-93","-93","11874","11874","11874","","","","","",""
"2244000","","","","","","","-200","-200","-200","7012","7012","7012"
"2244044","-100","-100","-100","11875","11875","11875","","","","","",""
"2244176","-86","-86","-86","11877","11877","11877","","","","","",""
"2244432","-122","-122","-122","11878","11878","11878","","","","","",""
"2244484","-110","-110","-110","11879","11879","11879","","","","","",""
"2244628","-162","-162","-162","11881","11881","11881","","","","","",""
"2244632","-114","-114","-114","11882","11882","11882","","","","","",""
"2244800","","","","","","","-200","-200","-200","7015","7015","7015"
"2244964","-120","-120","-120","11883","11883","11883","","","","","",""
"2245064","-158","-158","-158","11884","11884","11884","","","","","",""
"2245244","-154","-154","-154","11886","11886","11886","","","","","",""
"2245252","-155","-155","-155","11887","11887","11887","","","","","",""
"2245412","-112","-112","-112","11888","11888","11888","","","","","",""
"2245524","-115","-115","-115","11889","11889","11889","","","","","",""
"2245580","-84","-84","-84","11890","11890","11890","","","","","",""
"2245600","","","","","","","-200","-200","-200","7017","7017","7017"
"2245856","-111","-111","-111","11892","11892","11892","","","","","",""
"2245860","-152","-152","-152","11893","11893","11893","","","","","",""
"2245980","-114","-114","-114","11894","11894","11894","","","","","",""
"2246060","-120","-120","-120","11895","11895","11895","","","","","",""
"2246392","-83","-83","-83","11897","11897","11897","","","","","",""
"2246400","","","","","","","-200","-200","-200","7020","7020","7020"
"2246452","-149","-149","-149","11898","11898","11898","","","","","",""
"2246464","-151","-151","-151","11899","11899","11899","","","","","",""
"2246588","-152","-152","-152","11900","11900","11900","","","","","",""
"2246740","-87","-87","-87","11902","11902","11902","","","","","",""
"2246820","-89","-89","-89","11903","11903","11903","","","","","",""
"2246900","-112","-112","-112","11904","11904","11904","","","","","",""
"2247088","-87","-87","-87","11905","11905","11905","","","","","",""
"2247172","-146","-146","-146","11907","11907","11907","","","","","",""
"2247200","","","","","","","-200","-200","-200","7023","7023","7023"
"2247208","-97","-97","-97","11908","11908","11908","","","","","",""
"2247432","-86","-86","-86","11909","11909","11909","","","","","",""
"2247480","-145","-145","-145","11910","11910","11910","","","","","",""
"2247640","-117","-117","-117","11911","11911","11911","","","","","",""
"2247644","-109","-109","-109","11912","11912","11912","","","","","",""
"2247820","-97","-97","-97","11914","11914","11914","","","","","",""
"2248000","","","","","","","-200","-200","-200","7025","7025","7025"
"2248072","-148","-148","-148","11915","11915","11915","","","","","",""
"2248088","-111","-111","-111","11916","11916","11916","","","","","",""
"2248236","-149","-149","-149","11918","11918","11918","","","","","",""
"2248412","-148","-148","-148","11919","11919","11919","","","","","",""
"2248744","-168","-168","-168","11921","11921","11921","","","","","",""
"2248752","-166","-166","-166","11922","11922","11922","","","","","",""
"2248800","","","","","","","-200","-200","-200","7028","7028","7028"
"2248812","-144","-144","-144","11923","11923","11923","","","","","",""
"2249068","-164","-164","-164","11924","11924","11924","","","","","",""
"2249084","-85","-85","-85","11925","11925","11925","","","","","",""
"2249204","-113","-113","-113","11926","11926","11926","","","","","",""
"2249268","-114","-114","-114","11928","11928","11928","","","","","",""
"2249432","-91","-91","-91","11929","11929","11929","","","","","",""
"2249532","-112","-112","-112","11930","11930","11930","","","","","",""
"2249568","-91","-91","-91","11931","11931","11931","","","","","",""
"2249600","","","","","","","-200","-200","-200","7030","7030","7030"
"2249868","-84","-84","-84","11933","11933","11933","","","","","",""
"2249880","-112","-112","-112","11934","11934","11934","","","","","",""
"2249888","-155","-155","-155","11935","11935","11935","","","","","",""
"2250008","-110","-110","-110","11936","11936","11936","","","","","",""
"2250320","-110","-110","-110","11938","11938","11938","","","","","",""
"2250400","","","","","","","-200","-200","-200","7033","7033","7033"
"2250476","-117","-117","-117","11939","11939","11939","","","","","",""
"2250504","-159","-159","-159","11940","11940","11940","","","","","",""
"2250528","-160","-160","-160","11941","11941","11941","","","","","",""
"2250940","-155","-155","-155","11943","11943","11943","","","","","",""
"2250944","-110","-110","-110","11944","11944","11944","","","","","",""
"2251116","-160","-160","-160","11945","11945","11945","","","","","",""
"2251168","-160","-160","-160","11946","11946","11946","","","","","",""
"2251200","","","","","","","-200","-200","-200","7035","7035","7035"
"2251396","-114","-114","-114","11948","11948","11948","","","","","",""
"2251412","-117","-117","-117","11949","11949","11949","","","","","",""
"2251480","-91","-91","-91","11950","11950","11950","","","","","",""
"2251728","-83","-83","-83","11951","11951","11951","","","","","",""
"2251760","-87","-87","-87","11952","11952","11952","","","","","",""
"2251780","-153","-153","-153","11954","11954","11954","","","","","",""
"2251936","-114","-114","-114","11955","11955","11955","","","","","",""
"2252000","","","","","","","-200","-200","-200","7038","7038","7038"
"2252088","-90","-90","-90","11956","11956","11956","","","","","",""
"2252136","-89","-89","-89","11957","11957","11957","","","","","",""
"2252204","-111","-111","-111","11958","11958","11958","","","","","",""
"2252476","-85","-85","-85","11960","11960","11960","","","","","",""
"2252540","-113","-113","-113","11961","11961","11961","","","","","",""
"2252564","-157","-157","-157","11962","11962","11962","","","","","",""
"2252788","-146","-146","-146","11963","11963","11963","","","","","",""
"2252800","","","","","","","-200","-200","-200","7040","7040","7040"
"2252888","-87","-87","-87","11965","11965","11965","","","","","",""
"2252916","-110","-110","-110","11966","11966","11966","","","","","",""
"2253028","-116","-116","-116","11967","11967","11967","","","","","",""
"2253256","-117","-117","-117","11968","11968","11968","","","","","",""
"2253324","-109","-109","-109","11970","11970","11970","","","","","",""
"2253484","-114","-114","-114","11971","11971","11971","","","","","",""
"2253512","-149","-149","-149","11972","11972","11972","","","","","",""
"2253600","","","","","","","-200","-200","-200","7042","7042","7042"
"2253700","-111","-111","-111","11973","11973","11973","","","","","",""
"2253764","-110","-110","-110","11974","11974","11974","","","","","",""
"2253940","-114","-114","-114","11976","11976","11976","","","","","",""
"2253964","-113","-113","-113","11977","11977","11977","","","","","",""
"2254108","-102","-102","-102","11978","11978","11978","","","","","",""
"2254212","-112","-112","-112","11979","11979","11979","","","","","",""
"2254400","","","","","","","-200","-200","-200","7045","7045","7045"
"2254408","-111","-111","-111","11981","11981","11981","","","","","",""
"2254556","-112","-112","-112","11982","11982","11982","","","","","",""
"2254572","-90","-90","-90","11983","11983","11983","","","","","",""
"2254620","-170","-170","-170","11984","11984","11984","","","","","",""
"2254848","-110","-110","-110","11985","11985","11985","","","","","",""
"2255008","-113","-113","-113","11986","11986","11986","","","","","",""
"2255032","-115","-115","-115","11987","11987","11987","","","","","",""
"2255052","-108","-108","-108","11988","11988","11988","","","","","",""
"2255200","","","","","","","-200","-200","-200","7047","7047","7047"
"2255344","-84","-84","-84","11989","11989","11989","","","","","",""
"2255436","-147","-147","-147","11991","11991","11991","","","","","",""
"2255492","-115","-115","-115","11992","11992","11992","","","","","",""
"2255496","-111","-111","-111","11993","11993","11993","","","","","",""
"2255880","-111","-111","-111","11995","11995","11995","","","","","",""
"2255944","-113","-113","-113","11996","11996","11996","","","","","",""
"2256000","","","","","","","-200","-200","-200","7050","7050","7050"
"2256016","-168","-168","-168","11997","11997","11997","","","","","",""
"2256104","-152","-152","-152","11998","11998","11998","","","","","",""
"2256360","-86","-86","-86","11999","11999","11999","","","","","",""
"2256408","-116","-116","-116","12001","12001","12001","","","","","",""
"2256448","-86","-86","-86","12002","12002","12002","","","","","",""
"2256468","-147","-147","-147","12003","12003","12003","","","","","",""
"2256696","-84","-84","-84","12004","12004","12004","","","","","",""
"2256800","","","","","","","-200","-200","-200","7052","7052","7052"
"2256864","-114","-114","-114","12005","12005","12005","","","","","",""
"2256908","-110","-110","-110","12007","12007","12007","","","","","",""
"2257028","-145","-145","-145","12008","12008","12008","","","","","",""
"2257148","-113","-113","-113","12009","12009","12009","","","","","",""
"2257348","-110","-110","-110","12010","12010","12010","","","","","",""
"2257380","-88","-88","-88","12011","12011","12011","","","","","",""
"2257504","-160","-160","-160","12013","12013","12013","","","","","",""
"2257600","","","","","","","-200","-200","-200","7055","7055","7055"
"2257620","-118","-118","-118","12014","12014","12014","","","","","",""
"2257816","-117","-117","-117","12015","12015","12015","","","","","",""
"2258056","-169","-169","-169","12017","12017","12017","","","","","",""
"2258116","-153","-153","-153","12018","12018","12018","","","","","",""
"2258232","-153","-153","-153","12019","12019","12019","","","","","",""
"2258256","-110","-110","-110","12020","12020","12020","","","","","",""
"2258400","","","","","","","-200","-200","-200","7057","7057","7057"
"2258456","-85","-85","-85","12022","12022","12022","","","","","",""
"2258648","-148","-148","-148","12023","12023","12023","","","","","",""
"2258676","-111","-111","-111","12024","12024","12024","","","","","",""
"2258700","-111","-111","-111","12025","12025","12025","","","","","",""
"2258900","-111","-111","-111","12026","12026","12026","","","","","",""
"2259028","-88","-88","-88","12028","12028","12028","","","","","",""
"2259084","-109","-109","-109","12029","12029","12029","","","","","",""
"2259200","","","","","","","-200","-200","-200","7060","7060","7060"
"2259288","-147","-147","-147","12030","12030","12030","","","","","",""
"2259340","-110","-110","-110","12031","12031","12031","","","","","",""
"2259372","-86","-86","-86","12032","12032","12032","","","","","",""
"2259672","-83","-83","-83","12034","12034","12034","","","","","",""
"2259688","-151","-151","-151","12035","12035","12035","","","","","",""
"2259728","-110","-110","-110","12036","12036","12036","","","","","",""
"2259732","-90","-90","-90","12037","12037","12037","","","","","",""
"2260000","","","","","","","-200","-200","-200","7063","7063","7063"
"2260024","-88","-88","-88","12039","12039","12039","","","","","",""
"2260172","-121","-121","-121","12040","12040","12040","","","","","",""
"2260320","-148","-148","-148","12041","12041","12041","","","","","",""
"2260336","-151","-151","-151","12042","12042","12042","","","","","",""
"2260500","-119","-119","-119","12044","12044","12044","","","","","",""
"2260504","-83","-83","-83","12045","12045","12045","","","","","",""
"2260684","-87","-87","-87","12046","12046","12046","","","","","",""
"2260760","-110","-110","-110","12047","12047","12047","","","","","",""
"2260800","","","","","","","-200","-200","-200","7065","7065","7065"
"2260852","-87","-87","-87","12048","12048","12048","","","","","",""
"2260944","-111","-111","-111","12049","12049","12049","","","","","",""
"2261060","-94","-94","-94","12051","12051","12051","","","","","",""
"2261412","-88","-88","-88","12052","12052","12052","","","","","",""
"2261420","-119","-119","-119","12053","12053","12053","","","","","",""
"2261452","-150","-150","-150","12054","12054","12054","","","","","",""
"2261600","","","","","","","-200","-200","-200","7068","7068","7068"
"2261772","-88","-88","-88","12056","12056","12056","","","","","",""
"2261844","-108","-108","-108","12057","12057","12057","","","","","",""
"2262004","-148","-148","-148","12058","12058","12058","","","","","",""
"2262084","-158","-158","-158","12060","12060","12060","","","","","",""
"2262220","-112","-112","-112","12061","12061","12061","","","","","",""
"2262300","-114","-114","-114","12062","12062","12062","","","","","",""
"2262400","","","","","","","-200","-200","-200","7070","7070","7070"
"2262452","-92","-92","-92","12063","12063","12063","","","","","",""
"2262748","-112","-112","-112","12065","12065","12065","","","","","",""
"2262792","-85","-85","-85","12066","12066","12066","","","","","",""
"2262828","-152","-152","-152","12067","12067","12067","","","","","",""
"2262900","-112","-112","-112","12068","12068","12068","","","","","",""
"2263200","","","","","","","-200","-200","-200","7073","7073","7073"
"2263212","-96","-96","-96","12070","12070","12070","","","","","",""
"2263232","-110","-110","-110","12071","12071","12071","","","","","",""
"2263380","-158","-158","-158","12072","12072","12072","","","","","",""
"2263544","-161","-161","-161","12073","12073","12073","","","","","",""
"2263656","-111","-111","-111","12075","12075","12075","","","","","",""
"2263824","-111","-111","-111","12076","12076","12076","","","","","",""
"2263832","-150","-150","-150","12077","12077","12077","","","","","",""
"2263988","-111","-111","-111","12078","12078","12078","","","","","",""
"2264000","","","","","","","-200","-200","-200","7075","7075","7075"
"2264108","-113","-113","-113","12080","12080","12080","","","","","",""
"2264168","-86","-86","-86","12081","12081","12081","","","","","",""
"2264276","-111","-111","-111","12082","12082","12082","","","","","",""
"2264360","-93","-93","-93","12083","12083","12083","","","","","",""
"2264504","-84","-84","-84","12084","12084","12084","","","","","",""
"2264640","-91","-91","-91","12086","12086","12086","","","","","",""
"2264732","-156","-156","-156","12087","12087","12087","","","","","",""
"2264800","","","","","","","-200","-200","-200","7078","7078","7078"
"2264844","-85","-85","-85","12088","12088","12088","","","","","",""
"2264972","-153","-153","-153","12089","12089","12089","","","","","",""
"2265080","-110","-110","-110","12090","12090","12090","","","","","",""
"2265180","-112","-112","-112","12092","12092","12092","","","","","",""
"2265272","-107","-107","-107","12093","12093","12093","","","","","",""
"2265312","-85","-85","-85","12094","12094","12094","","","","","",""
"2265520","-110","-110","-110","12095","12095","12095","","","","","",""
"2265600","","","","","","","-200","-200","-200","7080","7080","7080"
"2265716","-111","-111","-111","12097","12097","12097","","","","","",""
"2265780","-150","-150","-150","12098","12098","12098","","","","","",""
"2265888","-92","-92","-92","12099","12099","12099","","","","","",""
"2265916","-151","-151","-151","12100","12100","12100","","","","","",""
"2266064","-87","-87","-87","12101","12101","12101","","","","","",""
"2266352","-109","-109","-109","12103","12103","12103","","","","","",""
"2266368","-147","-147","-147","12104","12104","12104","","","","","",""
"2266400","","","","","","","-200","-200","-200","7082","7082","7082"
"2266520","-114","-114","-114","12105","12105","12105","","","","","",""
"2266556","-167","-167","-167","12106","12106","12106","","","","","",""
"2266944","-148","-148","-148","12108","12108","12108","","","","","",""
"2266960","-110","-110","-110","12109","12109","12109","","","","","",""
"2266964","-149","-149","-149","12110","12110","12110","","","","","",""
"2267176","-155","-155","-155","12112","12112","12112","","","","","",""
"2267200","","","","","","","-200","-200","-200","7085","7085","7085"
"2267308","-86","-86","-86","12113","12113","12113","","","","","",""
"2267352","-102","-102","-102","12114","12114","12114","","","","","",""
"2267424","-116","-116","-116","12115","12115","12115","","","","","",""
"2267524","-87","-87","-87","12116","12116","12116","","","","","",""
"2267756","-112","-112","-112","12118","12118","12118","","","","","",""
"2267764","-85","-85","-85","12119","12119","12119","","","","","",""
"2267864","-85","-85","-85","12120","12120","12120","","","","","",""
"2267948","-149","-149","-149","12121","12121","12121","","","","","",""
"2268000","","","","","","","-200","-200","-200","7087","7087","7087"
"2268192","-107","-107","-107","12123","12123","12123","","","","","",""
"2268320","-114","-114","-114","12124","12124","12124","","","","","",""
"2268360","-151","-151","-151","12125","12125","12125","","","","","",""
"2268416","-117","-117","-117","12126","12126","12126","","","","","",""
"2268644","-113","-113","-113","12127","12127","12127","","","","","",""
"2268764","-111","-111","-111","12129","12129","12129","","","","","",""
"2268800","","","","","","","-200","-200","-200","7090","7090","7090"
"2268844","-121","-121","-121","12130","12130","12130","","","","","",""
"2268888","-118","-118","-118","12131","12131","12131","","","","","",""
"2269088","-111","-111","-111","12132","12132","12132","","","","","",""
"2269208","-111","-111","-111","12134","12134","12134","","","","","",""
"2269240","-99","-99","-99","12135","12135","12135","","","","","",""
"2269284","-99","-99","-99","12136","12136","12136","","","","","",""
"2269536","-112","-112","-112","12137","12137","12137","","","","","",""
"2269600","","","","","","","-200","-200","-200","7092","7092","7092"
"2269648","-102","-102","-102","12138","12138","12138","","","","","",""
"2269660","-113","-113","-113","12139","12139","12139","","","","","",""
"2269728","-111","-111","-111","12141","12141","12141","","","","","",""
"2269996","-115","-115","-115","12142","12142","12142","","","","","",""
"2270012","-91","-91","-91","12143","12143","12143","","","","","",""
"2270104","-94","-94","-94","12144","12144","12144","","","","","",""
"2270112","-113","-113","-113","12145","12145","12145","","","","","",""
"2270400","","","","","","","-200","-200","-200","7095","7095","7095"
"2270440","-111","-111","-111","12147","12147","12147","","","","","",""
"2270464","-113","-113","-113","12148","12148","12148","","","","","",""
"2270552","-110","-110","-110","12149","12149","12149","","","","","",""
"2270564","-115","-115","-115","12150","12150","12150","","","","","",""
"2270912","-118","-118","-118","12152","12152","12152","","","","","",""
"2270944","-120","-120","-120","12153","12153","12153","","","","","",""
"2271000","-112","-112","-112","12154","12154","12154","","","","","",""
"2271200","","","","","","","-200","-200","-200","7097","7097","7097"
"2271224","-165","-165","-165","12155","12155","12155","","","","","",""
"2271264","-88","-88","-88","12157","12157","12157","","","","","",""
"2271280","-84","-84","-84","12158","12158","12158","","","","","",""
"2271496","-124","-124","-124","12159","12159","12159","","","","","",""
"2271564","-85","-85","-85","12160","12160","12160","","","","","",""
"2271636","-89","-89","-89","12161","12161","12161","","","","","",""
"2271880","-154","-154","-154","12163","12163","12163","","","","","",""
"2271908","-103","-103","-103","12164","12164","12164","","","","","",""
"2272000","","","","","","","-200","-200","-200","7100","7100","7100"
"2272184","-155","-155","-155","12165","12165","12165","","","","","",""
"2272248","-153","-153","-153","12166","12166","12166","","","","","",""
"2272260","-88","-88","-88","12168","12168","12168","","","","","",""
"2272488","-152","-152","-152","12169","12169","12169","","","","","",""
"2272528","-86","-86","-86","12170","12170","12170","","","","","",""
"2272704","-111","-111","-111","12171","12171","12171","","","","","",""
"2272716","-117","-117","-117","12172","12172","12172","","","","","",""
"2272800","","","","","","","-200","-200","-200","7103","7103","7103"
"2272972","-111","-111","-111","12174","12174","12174","","","","","",""
"2273040","-84","-84","-84","12175","12175","12175","","","","","",""
"2273044","-139","-139","-139","12176","12176","12176","","","","","",""
"2273200","-121","-121","-121","12177","12177","12177","","","","","",""
"2273444","-118","-118","-118","12179","12179","12179","","","","","",""
"2273488","-112","-112","-112","12180","12180","12180","","","","","",""
"2273544","-125","-125","-125","12181","12181","12181","","","","","",""
"2273588","-97","-97","-97","12182","12182","12182","","","","","",""
"2273600","","","","","","","-200","-200","-200","7105","7105","7105"
"2273932","-86","-86","-86","12184","12184","12184","","","","","",""
"2273948","-115","-115","-115","12185","12185","12185","","","","","",""
"2273988","-111","-111","-111","12186","12186","12186","","","","","",""
"2274096","-163","-163","-163","12187","12187","12187","","","","","",""
"2274400","","","","","","","-200","-200","-200","7108","7108","7108"
"2274408","-119","-119","-119","12189","12189","12189","","","","","",""
"2274412","-116","-116","-116","12190","12190","12190","","","","","",""
"2274420","-108","-108","-108","12191","12191","12191","","","","","",""
"2274540","-111","-111","-111","12192","12192","12192","","","","","",""
"2274800","-95","-95","-95","12193","12193","12193","","","","","",""
"2274860","-113","-113","-113","12195","12195","12195","","","","","",""
"2274888","-119","-119","-119","12196","12196","12196","","","","","",""
"2275200","","","","","","","-200","-200","-200","7110","7110","7110"
"2275208","-167","-167","-167","12197","12197","12197","","","","","",""
"2275268","-117","-117","-117","12198","12198","12198","","","","","",""
"2275324","-116","-116","-116","12199","12199","12199","","","","","",""
"2275336","-112","-112","-112","12201","12201","12201","","","","","",""
"2275720","-113","-113","-113","12202","12202","12202","","","","","",""
"2275768","-111","-111","-111","12203","12203","12203","","","","","",""
"2275796","-115","-115","-115","12204","12204","12204","","","","","",""
"2275852","-161","-161","-161","12206","12206","12206","","","","","",""
"2276000","","","","","","","-200","-200","-200","7113","7113","7113"
"2276172","-113","-113","-113","12207","12207","12207","","","","","",""
"2276216","-112","-112","-112","12208","12208","12208","","","","","",""
"2276448","-163","-163","-163","12210","12210","12210","","","","","",""
"2276456","-151","-151","-151","12211","12211","12211","","","","","",""
"2276632","-115","-115","-115","12212","12212","12212","","","","","",""
"2276664","-112","-112","-112","12213","12213","12213","","","","","",""
"2276800","","","","","","","-200","-200","-200","7115","7115","7115"
"2276848","-98","-98","-98","12214","12214","12214","","","","","",""
"2276900","-113","-113","-113","12216","12216","12216","","","","","",""
"2276984","-88","-88","-88","12217","12217","12217","","","","","",""
"2277012","-87","-87","-87","12218","12218","12218","","","","","",""
"2277288","-110","-110","-110","12219","12219","12219","","","","","",""
"2277356","-114","-114","-114","12220","12220","12220","","","","","",""
"2277456","-111","-111","-111","12222","12222","12222","","","","","",""
"2277576","-148","-148","-148","12223","12223","12223","","","","","",""
"2277600","","","","","","","-200","-200","-200","7118","7118","7118"
"2277628","-85","-85","-85","12224","12224","12224","","","","","",""
"2277804","-112","-112","-112","12225","12225","12225","","","","","",""
"2277904","-112","-112","-112","12227","12227","12227","","","","","",""
"2277924","-87","-87","-87","12228","12228","12228","","","","","",""
"2278072","-111","-111","-111","12229","12229","12229","","","","","",""
"2278244","-85","-85","-85","12230","12230","12230","","","","","",""
"2278264","-85","-85","-85","12231","12231","12231","","","","","",""
"2278276","-118","-118","-118","12232","12232","12232","","","","","",""
"2278400","","","","","","","-200","-200","-200","7120","7120","7120"
"2278440","-92","-92","-92","12234","12234","12234","","","","","",""
"2278616","-85","-85","-85","12235","12235","12235","","","","","",""
"2278704","-115","-115","-115","12236","12236","12236","","","","","",""
"2278852","-147","-147","-147","12237","12237","12237","","","","","",""
"2278900","-115","-115","-115","12238","12238","12238","","","","","",""
"2279060","-111","-111","-111","12240","12240","12240","","","","","",""
"2279156","-113","-113","-113","12241","12241","12241","","","","","",""
"2279200","","","","","","","-200","-200","-200","7122","7122","7122"
"2279304","-113","-113","-113","12242","12242","12242","","","","","",""
"2279344","-111","-111","-111","12243","12243","12243","","","","","",""
"2279500","-110","-110","-110","12245","12245","12245","","","","","",""
"2279600","-111","-111","-111","12246","12246","12246","","","","","",""
"2279692","-97","-97","-97","12247","12247","12247","","","","","",""
"2279788","-111","-111","-111","12248","12248","12248","","","","","",""
"2279856","-89","-89","-89","12249","12249","12249","","","","","",""
"2280000","","","","","","","-200","-200","-200","7125","7125","7125"
"2280056","-114","-114","-114","12251","12251","12251","","","","","",""
"2280160","-117","-117","-117","12252","12252","12252","","","","","",""
"2280332","-119","-119","-119","12253","12253","12253","","","","","",""
"2280420","-158","-158","-158","12254","12254","12254","","","","","",""
"2280532","-119","-119","-119","12256","12256","12256","","","","","",""
"2280616","-114","-114","-114","12257","12257","12257","","","","","",""
"2280776","-111","-111","-111","12258","12258","12258","","","","","",""
"2280784","-91","-91","-91","12259","12259","12259","","","","","",""
"2280800","","","","","","","-200","-200","-200","7127","7127","7127"
"2280864","-83","-83","-83","12260","12260","12260","","","","","",""
"2280956","-85","-85","-85","12261","12261","12261","","","","","",""
"2281132","-87","-87","-87","12263","12263","12263","","","","","",""
"2281140","-91","-91","-91","12264","12264","12264","","","","","",""
"2281328","-116","-116","-116","12265","12265","12265","","","","","",""
"2281400","-111","-111","-111","12266","12266","12266","","","","","",""
"2281600","-115","-115","-115","12268","12268","12268","-200","-200","-200","7130","7130","7130"
"2281664","-84","-84","-84","12269","12269","12269","","","","","",""
"2281744","-86","-86","-86","12270","12270","12270","","","","","",""
"2281752","-155","-155","-155","12271","12271","12271","","","","","",""
"2281932","-83","-83","-83","12272","12272","12272","","","","","",""
"2282164","-125","-125","-125","12274","12274","12274","","","","","",""
"2282200","-112","-112","-112","12275","12275","12275","","","","","",""
"2282204","-115","-115","-115","12276","12276","12276","","","","","",""
"2282384","-113","-113","-113","12277","12277","12277","","","","","",""
"2282400","","","","","","","-200","-200","-200","7132","7132","7132"
"2282612","-112","-112","-112","12279","12279","12279","","","","","",""
"2282652","-112","-112","-112","12280","12280","12280","","","","","",""
"2282856","-118","-118","-118","12281","12281","12281","","","","","",""
"2283072","-115","-115","-115","12283","12283","12283","","","","","",""
"2283104","-113","-113","-113","12284","12284","12284","","","","","",""
"2283108","-114","-114","-114","12285","12285","12285","","","","","",""
"2283188","-83","-83","-83","12286","12286","12286","","","","","",""
"2283200","","","","","","","-200","-200","-200","7135","7135","7135"
"2283432","-90","-90","-90","12287","12287","12287","","","","","",""
"2283560","-113","-113","-113","12289","12289","12289","","","","","",""
"2283760","-164","-164","-164","12290","12290","12290","","","","","",""
"2283764","-83","-83","-83","12291","12291","12291","","","","","",""
"2283812","-156","-156","-156","12292","12292","12292","","","","","",""
"2284000","","","","","","","-200","-200","-200","7137","7137","7137"
"2284128","-92","-92","-92","12294","12294","12294","","","","","",""
"2284168","-152","-152","-152","12295","12295","12295","","","","","",""
"2284212","-112","-112","-112","12296","12296","12296","","","","","",""
"2284260","-112","-112","-112","12297","12297","12297","","","","","",""
"2284508","-85","-85","-85","12298","12298","12298","","","","","",""
"2284576","-112","-112","-112","12300","12300","12300","","","","","",""
"2284716","-114","-114","-114","12301","12301","12301","","","","","",""
"2284800","","","","","","","-200","-200","-200","7140","7140","7140"
"2284804","-148","-148","-148","12302","12302","12302","","","","","",""
"2285068","-88","-88","-88","12304","12304","12304","","","","","",""
"2285176","-93","-93","-93","12305","12305","12305","","","","","",""
"2285184","-169","-169","-169","12306","12306","12306","","","","","",""
"2285204","-157","-157","-157","12307","12307","12307","","","","","",""
"2285520","-113","-113","-113","12308","12308","12308","","","","","",""
"2285600","","","","","","","-200","-200","-200","7143","7143","7143"
"2285620","-111","-111","-111","12310","12310","12310","","","","","",""
"2285640","-114","-114","-114","12311","12311","12311","","","","","",""
"2285660","-114","-114","-114","12312","12312","12312","","","","","",""
"2285972","-113","-113","-113","12313","12313","12313","","","","","",""
"2285984","-86","-86","-86","12314","12314","12314","","","","","",""
"2286120","-115","-115","-115","12316","12316","12316","","","","","",""
"2286228","-152","-152","-152","12317","12317","12317","","","","","",""
"2286400","","","","","","","-200","-200","-200","7145","7145","7145"
"2286416","-111","-111","-111","12318","12318","12318","","","","","",""
"2286444","-115","-115","-115","12319","12319","12319","","","","","",""
"2286564","-111","-111","-111","12320","12320","12320","","","","","",""
"2286864","-112","-112","-112","12322","12322","12322","","","","","",""
"2286892","-166","-166","-166","12323","12323","12323","","","","","",""
"2287012","-112","-112","-112","12324","12324","12324","","","","","",""
"2287200","","","","","","","-200","-200","-200","7148","7148","7148"
"2287248","-89","-89","-89","12326","12326","12326","","","","","",""
"2287308","-111","-111","-111","12327","12327","12327","","","","","",""
"2287356","-116","-116","-116","12328","12328","12328","","","","","",""
"2287452","-110","-110","-110","12329","12329","12329","","","","","",""
"2287692","-84","-84","-84","12331","12331","12331","","","","","",""
"2287760","-113","-113","-113","12332","12332","12332","","","","","",""
"2287900","-112","-112","-112","12333","12333","12333","","","","","",""
"2287924","-169","-169","-169","12334","12334","12334","","","","","",""
"2288000","","","","","","","-200","-200","-200","7150","7150","7150"
"2288056","-91","-91","-91","12335","12335","12335","","","","","",""
"2288096","-84","-84","-84","12336","12336","12336","","","","","",""
"2288264","-91","-91","-91","12338","12338","12338","","","","","",""
"2288380","-114","-114","-114","12339","12339","12339","","","","","",""
"2288516","-115","-115","-115","12340","12340","12340","","","","","",""
"2288720","-114","-114","-114","12342","12342","12342","","","","","",""
"2288760","-166","-166","-166","12343","12343","12343","","","","","",""
"2288800","","","","","","","-200","-200","-200","7153","7153","7153"
"2288824","-111","-111","-111","12344","12344","12344","","","","","",""
"2288860","-86","-86","-86","12345","12345","12345","","","","","",""
"2289160","-110","-110","-110","12347","12347","12347","","","","","",""
"2289196","-109","-109","-109","12348","12348","12348","","","","","",""
"2289308","-112","-112","-112","12349","12349","12349","","","","","",""
"2289408","-146","-146","-146","12350","12350","12350","","","","","",""
"2289600","","","","","","","-200","-200","-200","7155","7155","7155"
"2289608","-112","-112","-112","12351","12351","12351","","","","","",""
"2289648","-85","-85","-85","12352","12352","12352","","","","","",""
"2289828","-158","-158","-158","12354","12354","12354","","","","","",""
"2289848","-110","-110","-110","12355","12355","12355","","","","","",""
"2289992","-86","-86","-86","12356","12356","12356","","","","","",""
"2290132","-131","-131","-131","12357","12357","12357","","","","","",""
"2290284","-114","-114","-114","12359","12359","12359","","","","","",""
"2290400","","","","","","","-200","-200","-200","7158","7158","7158"
"2290448","-150","-150","-150","12360","12360","12360","","","","","",""
"2290452","-115","-115","-115","12361","12361","12361","","","","","",""
"2290496","-91","-91","-91","12362","12362","12362","","","","","",""
"2290628","-86","-86","-86","12363","12363","12363","","","","","",""
"2290812","-91","-91","-91","12365","12365","12365","","","","","",""
"2290912","-115","-115","-115","12366","12366","12366","","","","","",""
"2290960","-116","-116","-116","12367","12367","12367","","","","","",""
"2290964","-84","-84","-84","12368","12368","12368","","","","","",""
"2291200","","","","","","","-200","-200","-200","7160","7160","7160"
"2291372","-115","-115","-115","12370","12370","12370","","","","","",""
"2291404","-111","-111","-111","12371","12371","12371","","","","","",""
"2291440","-157","-157","-157","12372","12372","12372","","","","","",""
"2291556","-148","-148","-148","12373","12373","12373","","","","","",""
"2291736","-83","-83","-83","12375","12375","12375","","","","","",""
"2291816","-111","-111","-111","12376","12376","12376","","","","","",""
"2291900","-115","-115","-115","12377","12377","12377","","","","","",""
"2292000","","","","","","","-200","-200","-200","7162","7162","7162"
"2292264","-112","-112","-112","12379","12379","12379","","","","","",""
"2292316","-190","-190","-190","12380","12380","12380","","","","","",""
"2292356","-114","-114","-114","12381","12381","12381","","","","","",""
"2292396","-165","-165","-165","12382","12382","12382","","","","","",""
"2292616","-88","-88","-88","12383","12383","12383","","","","","",""
"2292700","-86","-86","-86","12384","12384","12384","","","","","",""
"2292776","-115","-115","-115","12386","12386","12386","","","","","",""
"2292800","","","","","","","-200","-200","-200","7165","7165","7165"
"2292860","-116","-116","-116","12387","12387","12387","","","","","",""
"2293060","-111","-111","-111","12388","12388","12388","","","","","",""
"2293144","-111","-111","-111","12389","12389","12389","","","","","",""
"2293224","-112","-112","-112","12390","12390","12390","","","","","",""
"2293308","-112","-112","-112","12392","12392","12392","","","","","",""
"2293500","-89","-89","-89","12393","12393","12393","","","","","",""
"2293524","-116","-116","-116","12394","12394","12394","","","","","",""
"2293600","","","","","","","-200","-200","-200","7167","7167","7167"
"2293764","-114","-114","-114","12396","12396","12396","","","","","",""
"2293884","-165","-165","-165","12397","12397","12397","","","","","",""
"2293952","-113","-113","-113","12398","12398","12398","","","","","",""
"2293972","-112","-112","-112","12399","12399","12399","","","","","",""
"2294208","-111","-111","-111","12400","12400","12400","","","","","",""
"2294332","-112","-112","-112","12402","12402","12402","","","","","",""
"2294400","","","","","","","-200","-200","-200","7170","7170","7170"
"2294420","-112","-112","-112","12403","12403","12403","","","","","",""
"2294424","-118","-118","-118","12404","12404","12404","","","","","",""
"2294644","-109","-109","-109","12405","12405","12405","","","","","",""
"2294764","-85","-85","-85","12406","12406","12406","","","","","",""
"2294864","-111","-111","-111","12408","12408","12408","","","","","",""
"2294912","-145","-145","-145","12409","12409","12409","","","","","",""
"2295088","-111","-111","-111","12410","12410","12410","","","","","",""
"2295200","","","","","","","-200","-200","-200","7172","7172","7172"
"2295204","-110","-110","-110","12411","12411","12411","","","","","",""
"2295272","-90","-90","-90","12412","12412","12412","","","","","",""
"2295320","-114","-114","-114","12414","12414","12414","","","","","",""
"2295648","-111","-111","-111","12415","12415","12415","","","","","",""
"2295708","-155","-155","-155","12416","12416","12416","","","","","",""
"2295724","-113","-113","-113","12417","12417","12417","","","","","",""
"2295916","-149","-149","-149","12419","12419","12419","","","","","",""
"2296000","","","","","","","-200","-200","-200","7175","7175","7175"
"2296096","-93","-93","-93","12420","12420","12420","","","","","",""
"2296172","-116","-116","-116","12421","12421","12421","","","","","",""
"2296272","-156","-156","-156","12422","12422","12422","","","","","",""
"2296544","-112","-112","-112","12424","12424","12424","","","","","",""
"2296648","-94","-94","-94","12425","12425","12425","","","","","",""
"2296724","-113","-113","-113","12426","12426","12426","","","","","",""
"2296792","-155","-155","-155","12427","12427","12427","","","","","",""
"2296800","","","","","","","-200","-200","-200","7177","7177","7177"
"2296992","-86","-86","-86","12429","12429","12429","","","","","",""
"2297184","-160","-160","-160","12430","12430","12430","","","","","",""
"2297268","-119","-119","-119","12431","12431","12431","","","","","",""
"2297320","-149","-149","-149","12432","12432","12432","","","","","",""
"2297592","-150","-150","-150","12434","12434","12434","","","","","",""
"2297600","","","","","","","-200","-200","-200","7180","7180","7180"
"2297644","-115","-115","-115","12435","12435","12435","","","","","",""
"2297708","-110","-110","-110","12436","12436","12436","","","","","",""
"2297924","-83","-83","-83","12438","12438","12438","","","","","",""
"2297928","-152","-152","-152","12439","12439","12439","","","","","",""
"2298148","-110","-110","-110","12440","12440","12440","","","","","",""
"2298232","-147","-147","-147","12441","12441","12441","","","","","",""
"2298380","-113","-113","-113","12443","12443","12443","","","","","",""
"2298400","","","","","","","-200","-200","-200","7183","7183","7183"
"2298500","-88","-88","-88","12444","12444","12444","","","","","",""
"2298544","-155","-155","-155","12445","12445","12445","","","","","",""
"2298808","-144","-144","-144","12446","12446","12446","","","","","",""
"2298848","-87","-87","-87","12447","12447","12447","","","","","",""
"2298984","-110","-110","-110","12449","12449","12449","","","","","",""
"2299040","-165","-165","-165","12450","12450","12450","","","","","",""
"2299200","","","","","","","-200","-200","-200","7185","7185","7185"
"2299248","-110","-110","-110","12451","12451","12451","","","","","",""
"2299300","-113","-113","-113","12452","12452","12452","","","","","",""
"2299372","-97","-97","-97","12453","12453","12453","","","","","",""
"2299380","-85","-85","-85","12454","12454","12454","","","","","",""
"2299708","-84","-84","-84","12456","12456","12456","","","","","",""
"2299768","-117","-117","-117","12457","12457","12457","","","","","",""
"2299840","-115","-115","-115","12458","12458","12458","","","","","",""
"2299844","-149","-149","-149","12459","12459","12459","","","","","",""
"2300000","","","","","","","-200","-200","-200","7188","7188","7188"
"2300152","-111","-111","-111","12461","12461","12461","","","","","",""
"2300216","-112","-112","-112","12462","12462","12462","","","","","",""
"2300284","-110","-110","-110","12463","12463","12463","","","","","",""
"2300416","-144","-144","-144","12464","12464","12464","","","","","",""
"2300544","-98","-98","-98","12465","12465","12465","","","","","",""
"2300556","-85","-85","-85","12466","12466","12466","","","","","",""
"2300800","","","","","","","-200","-200","-200","7190","7190","7190"
"2300860","-111","-111","-111","12467","12467","12467","","","","","",""
"2300892","-152","-152","-152","12468","12468","12468","","","","","",""
"2300896","-88","-88","-88","12469","12469","12469","","","","","",""
"2301008","-113","-113","-113","12471","12471","12471","","","","","",""
"2301300","-110","-110","-110","12472","12472","12472","","","","","",""
"2301488","-149","-149","-149","12474","12474","12474","","","","","",""
"2301496","-150","-150","-150","12475","12475","12475","","","","","",""
"2301600","-148","-148","-148","12476","12476","12476","-200","-200","-200","7193","7193","7193"
"2301836","-87","-87","-87","12477","12477","12477","","","","","",""
"2301916","-154","-154","-154","12478","12478","12478","","","","","",""
"2302036","-109","-109","-109","12480","12480","12480","","","","","",""
"2302072","-144","-144","-144","12481","12481","12481","","","","","",""
"2302364","-112","-112","-112","12482","12482","12482","","","","","",""
"2302400","","","","","","","-200","-200","-200","7195","7195","7195"
"2302404","-83","-83","-83","12483","12483","12483","","","","","",""
"2302416","-145","-145","-145","12484","12484","12484","","","","","",""
"2302472","-109","-109","-109","12486","12486","12486","","","","","",""
"2302828","-116","-116","-116","12487","12487","12487","","","","","",""
"2302856","-113","-113","-113","12488","12488","12488","","","","","",""
"2303120","-162","-162","-162","12490","12490","12490","","","","","",""
"2303160","-83","-83","-83","12491","12491","12491","","","","","",""
"2303200","","","","","","","-200","-200","-200","7198","7198","7198"
"2303312","-114","-114","-114","12492","12492","12492","","","","","",""
"2303316","-115","-115","-115","12493","12493","12493","","","","","",""
"2303720","-150","-150","-150","12495","12495","12495","","","","","",""
"2303748","-147","-147","-147","12496","12496","12496","","","","","",""
"2303764","-113","-113","-113","12497","12497","12497","","","","","",""
"2303984","-167","-167","-167","12498","12498","12498","","","","","",""
"2304000","","","","","","","-200","-200","-200","7200","7200","7200"
"2304160","-110","-110","-110","12500","12500","12500","","","","","",""
"2304204","-110","-110","-110","12501","12501","12501","","","","","",""
"2304364","-154","-154","-154","12502","12502","12502","","","","","",""
"2304428","-111","-111","-111","12503","12503","12503","","","","","",""
"2304544","-96","-96","-96","12505","12505","12505","","","","","",""
"2304780","-144","-144","-144","12506","12506","12506","","","","","",""
"2304800","","","","","","","-200","-200","-200","7202","7202","7202"
"2304812","-112","-112","-112","12507","12507","12507","","","","","",""
"2304884","-114","-114","-114","12508","12508","12508","","","","","",""
"2304996","-113","-113","-113","12509","12509","12509","","","","","",""
"2305160","-87","-87","-87","12511","12511","12511","","","","","",""
"2305236","-114","-114","-114","12512","12512","12512","","","","","",""
"2305328","-111","-111","-111","12513","12513","12513","","","","","",""
"2305344","-87","-87","-87","12514","12514","12514","","","","","",""
"2305600","","","","","","","-200","-200","-200","7205","7205","7205"
"2305608","-112","-112","-112","12516","12516","12516","","","","","",""
"2305676","-83","-83","-83","12517","12517","12517","","","","","",""
"2305680","-111","-111","-111","12518","12518","12518","","","","","",""
"2305712","-96","-96","-96","12519","12519","12519","","","","","",""
"2306012","-84","-84","-84","12520","12520","12520","","","","","",""
"2306060","-113","-113","-113","12522","12522","12522","","","","","",""
"2306120","-110","-110","-110","12523","12523","12523","","","","","",""
"2306164","-113","-113","-113","12524","12524","12524","","","","","",""
"2306400","","","","","","","-200","-200","-200","7207","7207","7207"
"2306468","-114","-114","-114","12525","12525","12525","","","","","",""
"2306480","-90","-90","-90","12526","12526","12526","","","","","",""
"2306616","-113","-113","-113","12528","12528","12528","","","","","",""
"2306680","-155","-155","-155","12529","12529","12529","","","","","",""
"2306940","-118","-118","-118","12530","12530","12530","","","","","",""
"2307024","-86","-86","-86","12531","12531","12531","","","","","",""
"2307080","-116","-116","-116","12533","12533","12533","","","","","",""
"2307140","-165","-165","-165","12534","12534","12534","","","","","",""
"2307200","","","","","","","-200","-200","-200","7210","7210","7210"
"2307292","-88","-88","-88","12535","12535","12535","","","","","",""
"2307484","-86","-86","-86","12536","12536","12536","","","","","",""
"2307540","-115","-115","-115","12537","12537","12537","","","","","",""
"2307844","-90","-90","-90","12539","12539","12539","","","","","",""
"2307868","-96","-96","-96","12540","12540","12540","","","","","",""
"2307932","-160","-160","-160","12541","12541","12541","","","","","",""
"2307996","-114","-114","-114","12542","12542","12542","","","","","",""
"2308000","","","","","","","-200","-200","-200","7212","7212","7212"
"2308288","-105","-105","-105","12544","12544","12544","","","","","",""
"2308296","-113","-113","-113","12545","12545","12545","","","","","",""
"2308372","-110","-110","-110","12546","12546","12546","","","","","",""
"2308376","-95","-95","-95","12547","12547","12547","","","","","",""
"2308732","-111","-111","-111","12549","12549","12549","","","","","",""
"2308800","","","","","","","-200","-200","-200","7215","7215","7215"
"2308824","-113","-113","-113","12550","12550","12550","","","","","",""
"2308836","-115","-115","-115","12551","12551","12551","","","","","",""
"2308960","-166","-166","-166","12552","12552","12552","","","","","",""
"2309196","-90","-90","-90","12554","12554","12554","","","","","",""
"2309280","-114","-114","-114","12555","12555","12555","","","","","",""
"2309336","-151","-151","-151","12556","12556","12556","","","","","",""
"2309404","-111","-111","-111","12557","12557","12557","","","","","",""
"2309600","","","","","","","-200","-200","-200","7217","7217","7217"
"2309652","-114","-114","-114","12559","12559","12559","","","","","",""
"2309688","-88","-88","-88","12560","12560","12560","","","","","",""
"2309748","-86","-86","-86","12561","12561","12561","","","","","",""
"2309876","-149","-149","-149","12562","12562","12562","","","","","",""
"2310024","-93","-93","-93","12563","12563","12563","","","","","",""
"2310196","-127","-127","-127","12565","12565","12565","","","","","",""
"2310320","-111","-111","-111","12566","12566","12566","","","","","",""
"2310400","","","","","","","-200","-200","-200","7220","7220","7220"
"2310464","-179","-179","-179","12567","12567","12567","","","","","",""
"2310636","-110","-110","-110","12568","12568","12568","","","","","",""
"2310644","-155","-155","-155","12569","12569","12569","","","","","",""
"2310776","-114","-114","-114","12571","12571","12571","","","","","",""
"2310928","-116","-116","-116","12572","12572","12572","","","","","",""
"2310968","-83","-83","-83","12573","12573","12573","","","","","",""
"2311096","-113","-113","-113","12574","12574","12574","","","","","",""
"2311132","-89","-89","-89","12575","12575","12575","","","","","",""
"2311200","","","","","","","-200","-200","-200","7223","7223","7223"
"2311276","-87","-87","-87","12577","12577","12577","","","","","",""
"2311416","-112","-112","-112","12578","12578","12578","","","","","",""
"2311724","-112","-112","-112","12580","12580","12580","","","","","",""
"2311752","-164","-164","-164","12581","12581","12581","","","","","",""
"2311824","-173","-173","-173","12582","12582","12582","","","","","",""
"2311868","-113","-113","-113","12583","12583","12583","","","","","",""
"2312000","","","","","","","-200","-200","-200","7225","7225","7225"
"2312180","-114","-114","-114","12584","12584","12584","","","","","",""
"2312240","-93","-93","-93","12586","12586","12586","","","","","",""
"2312276","-113","-113","-113","12587","12587","12587","","","","","",""
"2312488","-184","-184","-184","12588","12588","12588","","","","","",""
"2312532","-88","-88","-88","12589","12589","12589","","","","","",""
"2312684","-111","-111","-111","12590","12590","12590","","","","","",""
"2312724","-112","-112","-112","12592","12592","12592","","","","","",""
"2312800","","","","","","","-200","-200","-200","7228","7228","7228"
"2312872","-85","-85","-85","12593","12593","12593","","","","","",""
"2312936","-112","-112","-112","12594","12594","12594","","","","","",""
"2313024","-85","-85","-85","12595","12595","12595","","","","","",""
"2313172","-112","-112","-112","12596","12596","12596","","","","","",""
"2313208","-84","-84","-84","12597","12597","12597","","","","","",""
"2313388","-113","-113","-113","12599","12599","12599","","","","","",""
"2313400","-94","-94","-94","12600","12600","12600","","","","","",""
"2313600","","","","","","","-200","-200","-200","7230","7230","7230"
"2313640","-117","-117","-117","12601","12601","12601","","","","","",""
"2313704","-124","-124","-124","12602","12602","12602","","","","","",""
"2313732","-83","-83","-83","12604","12604","12604","","","","","",""
"2313844","-114","-114","-114","12605","12605","12605","","","","","",""
"2314068","-107","-107","-107","12606","12606","12606","","","","","",""
"2314072","-92","-92","-92","12607","12607","12607","","","","","",""
"2314080","-87","-87","-87","12608","12608","12608","","","","","",""
"2314312","-117","-117","-117","12610","12610","12610","","","","","",""
"2314400","","","","","","","-200","-200","-200","7233","7233","7233"
"2314408","-85","-85","-85","12611","12611","12611","","","","","",""
"2314416","-84","-84","-84","12612","12612","12612","","","","","",""
"2314708","-159","-159","-159","12613","12613","12613","","","","","",""
"2314756","-85","-85","-85","12615","12615","12615","","","","","",""
"2314860","-113","-113","-113","12616","12616","12616","","","","","",""
"2314920","-152","-152","-152","12617","12617","12617","","","","","",""
"2315172","-116","-116","-116","12618","12618","12618","","","","","",""
"2315200","-111","-111","-111","12619","12619","12619","-200","-200","-200","7235","7235","7235"
"2315224","-91","-91","-91","12620","12620","12620","","","","","",""
"2315508","-84","-84","-84","12622","12622","12622","","","","","",""
"2315548","-157","-157","-157","12623","12623","12623","","","","","",""
"2315564","-85","-85","-85","12624","12624","12624","","","","","",""
"2315808","-152","-152","-152","12626","12626","12626","","","","","",""
"2316000","","","","","","","-200","-200","-200","7238","7238","7238"
"2316116","-152","-152","-152","12627","12627","12627","","","","","",""
"2316164","-150","-150","-150","12628","12628","12628","","","","","",""
"2316208","-165","-165","-165","12629","12629","12629","","","","","",""
"2316392","-146","-146","-146","12631","12631","12631","","","","","",""
"2316468","-88","-88","-88","12632","12632","12632","","","","","",""
"2316528","-91","-91","-91","12633","12633","12633","","","","","",""
"2316664","-114","-114","-114","12634","12634","12634","","","","","",""
"2316800","","","","","","","-200","-200","-200","7240","7240","7240"
"2316860","-83","-83","-83","12636","12636","12636","","","","","",""
"2316912","-111","-111","-111","12637","12637","12637","","","","","",""
"2316976","-146","-146","-146","12638","12638","12638","","","","","",""
"2317316","-114","-114","-114","12640","12640","12640","","","","","",""
"2317320","-164","-164","-164","12641","12641","12641","","","","","",""
"2317360","-112","-112","-112","12642","12642","12642","","","","","",""
"2317416","-110","-110","-110","12643","12643","12643","","","","","",""
"2317600","","","","","","","-200","-200","-200","7242","7242","7242"
"2317688","-92","-92","-92","12644","12644","12644","","","","","",""
"2317752","-84","-84","-84","12645","12645","12645","","","","","",""
"2317808","-112","-112","-112","12646","12646","12646","","","","","",""
"2317964","-162","-162","-162","12648","12648","12648","","","","","",""
"2318136","-112","-112","-112","12649","12649","12649","","","","","",""
"2318316","-88","-88","-88","12650","12650","12650","","","","","",""
"2318360","-152","-152","-152","12652","12652","12652","","","","","",""
"2318380","-143","-143","-143","12653","12653","12653","","","","","",""
"2318400","","","","","","","-200","-200","-200","7245","7245","7245"
"2318596","-115","-115","-115","12654","12654","12654","","","","","",""
"2318720","-90","-90","-90","12655","12655","12655","","","","","",""
"2318772","-114","-114","-114","12656","12656","12656","","","","","",""
"2318844","-116","-116","-116","12657","12657","12657","","","","","",""
"2319072","-119","-119","-119","12659","12659","12659","","","","","",""
"2319200","","","","","","","-200","-200","-200","7247","7247","7247"
"2319216","-111","-111","-111","12660","12660","12660","","","","","",""
"2319316","-149","-149","-149","12661","12661","12661","","","","","",""
"2319420","-87","-87","-87","12663","12663","12663","","","","","",""
"2319464","-155","-155","-155","12664","12664","12664","","","","","",""
"2319760","-85","-85","-85","12665","12665","12665","","","","","",""
"2319764","-112","-112","-112","12666","12666","12666","","","","","",""
"2319860","-161","-161","-161","12667","12667","12667","","","","","",""
"2319916","-113","-113","-113","12669","12669","12669","","","","","",""
"2320000","","","","","","","-200","-200","-200","7250","7250","7250"
"2320124","-91","-91","-91","12670","12670","12670","","","","","",""
"2320216","-113","-113","-113","12671","12671","12671","","","","","",""
"2320260","-86","-86","-86","12672","12672","12672","","","","","",""
"2320512","-163","-163","-163","12674","12674","12674","","","","","",""
"2320584","-115","-115","-115","12675","12675","12675","","","","","",""
"2320616","-89","-89","-89","12676","12676","12676","","","","","",""
"2320660","-111","-111","-111","12677","12677","12677","","","","","",""
"2320800","","","","","","","-200","-200","-200","7252","7252","7252"
"2320852","-85","-85","-85","12678","12678","12678","","","","","",""
"2320936","-88","-88","-88","12680","12680","12680","","","","","",""
"2320956","-85","-85","-85","12681","12681","12681","","","","","",""
"2321120","-115","-115","-115","12682","12682","12682","","","","","",""
"2321392","-114","-114","-114","12683","12683","12683","","","","","",""
"2321496","-94","-94","-94","12685","12685","12685","","","","","",""
"2321516","-166","-166","-166","12686","12686","12686","","","","","",""
"2321600","","","","","","","-200","-200","-200","7255","7255","7255"
"2321740","-87","-87","-87","12687","12687","12687","","","","","",""
"2321848","-114","-114","-114","12688","12688","12688","","","","","",""
"2321856","-85","-85","-85","12689","12689","12689","","","","","",""
"2321940","-111","-111","-111","12691","12691","12691","","","","","",""
"2322208","-117","-117","-117","12692","12692","12692","","","","","",""
"2322312","-114","-114","-114","12693","12693","12693","","","","","",""
"2322316","-117","-117","-117","12694","12694","12694","","","","","",""
"2322328","-97","-97","-97","12695","12695","12695","","","","","",""
"2322400","","","","","","","-200","-200","-200","7257","7257","7257"
"2322600","-98","-98","-98","12697","12697","12697","","","","","",""
"2322756","-110","-110","-110","12698","12698","12698","","","","","",""
"2322780","-113","-113","-113","12699","12699","12699","","","","","",""
"2323076","-119","-119","-119","12701","12701","12701","","","","","",""
"2323144","-91","-91","-91","12702","12702","12702","","","","","",""
"2323196","-110","-110","-110","12703","12703","12703","","","","","",""
"2323200","","","","","","","-200","-200","-200","7260","7260","7260"
"2323220","-110","-110","-110","12704","12704","12704","","","","","",""
"2323540","-116","-116","-116","12706","12706","12706","","","","","",""
"2323620","-119","-119","-119","12707","12707","12707","","","","","",""
"2323668","-112","-112","-112","12708","12708","12708","","","","","",""
"2323868","-168","-168","-168","12709","12709","12709","","","","","",""
"2324000","","","","","","","-200","-200","-200","7263","7263","7263"
"2324092","-118","-118","-118","12711","12711","12711","","","","","",""
"2324168","-157","-157","-157","12712","12712","12712","","","","","",""
"2324212","-86","-86","-86","12713","12713","12713","","","","","",""
"2324324","-164","-164","-164","12714","12714","12714","","","","","",""
"2324552","-85","-85","-85","12716","12716","12716","","","","","",""
"2324652","-121","-121","-121","12717","12717","12717","","","","","",""
"2324660","-84","-84","-84","12718","12718","12718","","","","","",""
"2324744","-163","-163","-163","12719","12719","12719","","","","","",""
"2324800","","","","","","","-200","-200","-200","7265","7265","7265"
"2324964","-103","-103","-103","12720","12720","12720","","","","","",""
"2325108","-112","-112","-112","12722","12722","12722","","","","","",""
"2325188","-111","-111","-111","12723","12723","12723","","","","","",""
"2325260","-152","-152","-152","12724","12724","12724","","","","","",""
"2325420","-114","-114","-114","12725","12725","12725","","","","","",""
"2325600","","","","","","","-200","-200","-200","7268","7268","7268"
"2325704","-111","-111","-111","12727","12727","12727","","","","","",""
"2325740","-158","-158","-158","12728","12728","12728","","","","","",""
"2325792","-151","-151","-151","12729","12729","12729","","","","","",""
"2325864","-111","-111","-111","12730","12730","12730","","","","","",""
"2326120","-95","-95","-95","12732","12732","12732","","","","","",""
"2326148","-111","-111","-111","12733","12733","12733","","","","","",""
"2326220","-89","-89","-89","12734","12734","12734","","","","","",""
"2326236","-111","-111","-111","12735","12735","12735","","","","","",""
"2326400","","","","","","","-200","-200","-200","7270","7270","7270"
"2326568","-112","-112","-112","12737","12737","12737","","","","","",""
"2326592","-111","-111","-111","12738","12738","12738","","","","","",""
"2326656","-109","-109","-109","12739","12739","12739","","","","","",""
"2326692","-114","-114","-114","12740","12740","12740","","","","","",""
"2326948","-89","-89","-89","12741","12741","12741","","","","","",""
"2327012","-111","-111","-111","12742","12742","12742","","","","","",""
"2327016","-90","-90","-90","12743","12743","12743","","","","","",""
"2327132","-110","-110","-110","12745","12745","12745","","","","","",""
"2327200","","","","","","","-200","-200","-200","7273","7273","7273"
"2327384","-92","-92","-92","12746","12746","12746","","","","","",""
"2327388","-110","-110","-110","12747","12747","12747","","","","","",""
"2327492","-120","-120","-120","12748","12748","12748","","","","","",""
"2327580","-112","-112","-112","12750","12750","12750","","","","","",""
"2327824","-110","-110","-110","12751","12751","12751","","","","","",""
"2327832","-111","-111","-111","12752","12752","12752","","","","","",""
"2327844","-88","-88","-88","12753","12753","12753","","","","","",""
"2328000","","","","","","","-200","-200","-200","7275","7275","7275"
"2328204","-95","-95","-95","12755","12755","12755","","","","","",""
"2328220","-160","-160","-160","12756","12756","12756","","","","","",""
"2328280","-112","-112","-112","12757","12757","12757","","","","","",""
"2328460","-154","-154","-154","12758","12758","12758","","","","","",""
"2328732","-113","-113","-113","12760","12760","12760","","","","","",""
"2328800","","","","","","","-200","-200","-200","7278","7278","7278"
"2328820","-154","-154","-154","12761","12761","12761","","","","","",""
"2328824","-151","-151","-151","12762","12762","12762","","","","","",""
"2328912","-113","-113","-113","12763","12763","12763","","","","","",""
"2329200","-94","-94","-94","12765","12765","12765","","","","","",""
"2329288","-117","-117","-117","12766","12766","12766","","","","","",""
"2329320","-147","-147","-147","12767","12767","12767","","","","","",""
"2329352","-110","-110","-110","12768","12768","12768","","","","","",""
"2329600","","","","","","","-200","-200","-200","7280","7280","7280"
"2329648","-90","-90","-90","12770","12770","12770","","","","","",""
"2329764","-111","-111","-111","12771","12771","12771","","","","","",""
"2329808","-114","-114","-114","12772","12772","12772","","","","","",""
"2330100","-113","-113","-113","12773","12773","12773","","","","","",""
"2330112","-116","-116","-116","12774","12774","12774","","","","","",""
"2330208","-111","-111","-111","12775","12775","12775","","","","","",""
"2330248","-110","-110","-110","12776","12776","12776","","","","","",""
"2330400","","","","","","","-200","-200","-200","7282","7282","7282"
"2330456","-86","-86","-86","12777","12777","12777","","","","","",""
"2330712","-116","-116","-116","12779","12779","12779","","","","","",""
"2330724","-156","-156","-156","12780","12780","12780","","","","","",""
"2330836","-157","-157","-157","12781","12781","12781","","","","","",""
"2330900","-111","-111","-111","12782","12782","12782","","","","","",""
"2331160","-112","-112","-112","12784","12784","12784","","","","","",""
"2331172","-112","-112","-112","12785","12785","12785","","","","","",""
"2331176","-85","-85","-85","12786","12786","12786","","","","","",""
"2331200","","","","","","","-200","-200","-200","7285","7285","7285"
"2331236","-84","-84","-84","12787","12787","12787","","","","","",""
"2331512","-85","-85","-85","12788","12788","12788","","","","","",""
"2331556","-95","-95","-95","12789","12789","12789","","","","","",""
"2331624","-116","-116","-116","12790","12790","12790","","","","","",""
"2331680","-111","-111","-111","12792","12792","12792","","","","","",""
"2331904","-87","-87","-87","12793","12793","12793","","","","","",""
"2332000","","","","","","","-200","-200","-200","7287","7287","7287"
"2332068","-111","-111","-111","12794","12794","12794","","","","","",""
"2332120","-110","-110","-110","12795","12795","12795","","","","","",""
"2332144","-158","-158","-158","12796","12796","12796","","","","","",""
"2332368","-116","-116","-116","12798","12798","12798","","","","","",""
"2332420","-88","-88","-88","12799","12799","12799","","","","","",""
"2332460","-85","-85","-85","12800","12800","12800","","","","","",""
"2332612","-117","-117","-117","12801","12801","12801","","","","","",""
"2332724","-89","-89","-89","12803","12803","12803","","","","","",""
"2332800","","","","","","","-200","-200","-200","7290","7290","7290"
"2332860","-110","-110","-110","12804","12804","12804","","","","","",""
"2332908","-112","-112","-112","12805","12805","12805","","","","","",""
"2333056","-111","-111","-111","12806","12806","12806","","","","","",""
"2333164","-110","-110","-110","12807","12807","12807","","","","","",""
"2333220","-90","-90","-90","12809","12809","12809","","","","","",""
"2333380","-118","-118","-118","12810","12810","12810","","","","","",""
"2333388","-83","-83","-83","12811","12811","12811","","","","","",""
"2333600","","","","","","","-200","-200","-200","7292","7292","7292"
"2333620","-114","-114","-114","12812","12812","12812","","","","","",""
"2333840","-115","-115","-115","12814","12814","12814","","","","","",""
"2333856","-117","-117","-117","12815","12815","12815","","","","","",""
"2333924","-176","-176","-176","12816","12816","12816","","","","","",""
"2334076","-114","-114","-114","12817","12817","12817","","","","","",""
"2334200","-86","-86","-86","12818","12818","12818","","","","","",""
"2334292","-113","-113","-113","12820","12820","12820","","","","","",""
"2334304","-95","-95","-95","12821","12821","12821","","","","","",""
"2334400","","","","","","","-200","-200","-200","7295","7295","7295"
"2334532","-83","-83","-83","12822","12822","12822","","","","","",""
"2334688","-153","-153","-153","12823","12823","12823","","","","","",""
"2334752","-112","-112","-112","12825","12825","12825","","","","","",""
"2334880","-147","-147","-147","12826","12826","12826","","","","","",""
"2335152","-155","-155","-155","12827","12827","12827","","","","","",""
"2335192","-110","-110","-110","12828","12828","12828","","","","","",""
"2335200","","","","","","","-200","-200","-200","7297","7297","7297"
"2335224","-86","-86","-86","12829","12829","12829","","","","","",""
"2335488","-84","-84","-84","12831","12831","12831","","","","","",""
"2335540","-87","-87","-87","12832","12832","12832","","","","","",""
"2335616","-116","-116","-116","12833","12833","12833","","","","","",""
"2335688","-116","-116","-116","12834","12834","12834","","","","","",""
"2335836","-87","-87","-87","12836","12836","12836","","","","","",""
"2335980","-110","-110","-110","12837","12837","12837","","","","","",""
"2336000","","","","","","","-200","-200","-200","7300","7300","7300"
"2336188","-143","-143","-143","12838","12838","12838","","","","","",""
"2336280","-111","-111","-111","12840","12840","12840","","","","","",""
"2336344","-164","-164","-164","12841","12841","12841","","","","","",""
"2336424","-111","-111","-111","12842","12842","12842","","","","","",""
"2336612","-83","-83","-83","12843","12843","12843","","","","","",""
"2336644","-114","-114","-114","12844","12844","12844","","","","","",""
"2336680","-84","-84","-84","12845","12845","12845","","","","","",""
"2336764","-85","-85","-85","12846","12846","12846","","","","","",""
"2336800","","","","","","","-200","-200","-200","7303","7303","7303"
"2337084","-118","-118","-118","12848","12848","12848","","","","","",""
"2337124","-120","-120","-120","12849","12849","12849","","","","","",""
"2337228","-116","-116","-116","12850","12850","12850","","","","","",""
"2337284","-151","-151","-151","12852","12852","12852","","","","","",""
"2337436","-88","-88","-88","12853","12853","12853","","","","","",""
"2337564","-110","-110","-110","12854","12854","12854","","","","","",""
"2337600","","","","","","","-200","-200","-200","7305","7305","7305"
"2337724","-124","-124","-124","12855","12855","12855","","","","","",""
"2337744","-115","-115","-115","12856","12856","12856","","","","","",""
"2337880","-111","-111","-111","12858","12858","12858","","","","","",""
"2338008","-111","-111","-111","12859","12859","12859","","","","","",""
"2338176","-113","-113","-113","12860","12860","12860","","","","","",""
"2338192","-112","-112","-112","12861","12861","12861","","","","","",""
"2338224","-86","-86","-86","12862","12862","12862","","","","","",""
"2338360","-88","-88","-88","12864","12864","12864","","","","","",""
"2338400","","","","","","","-200","-200","-200","7308","7308","7308"
"2338524","-87","-87","-87","12865","12865","12865","","","","","",""
"2338560","-92","-92","-92","12866","12866","12866","","","","","",""
"2338672","-112","-112","-112","12867","12867","12867","","","","","",""
"2338708","-87","-87","-87","12868","12868","12868","","","","","",""
"2338968","-111","-111","-111","12870","12870","12870","","","","","",""
"2339012","-113","-113","-113","12871","12871","12871","","","","","",""
"2339116","-111","-111","-111","12872","12872","12872","","","","","",""
"2339160","-113","-113","-113","12873","12873","12873","","","","","",""
"2339200","","","","","","","-200","-200","-200","7310","7310","7310"
"2339348","-84","-84","-84","12875","12875","12875","","","","","",""
"2339424","-114","-114","-114","12876","12876","12876","","","","","",""
"2339492","-83","-83","-83","12877","12877","12877","","","","","",""
"2339740","-156","-156","-156","12878","12878","12878","","","","","",""
"2339804","-114","-114","-114","12879","12879","12879","","","","","",""
"2340000","","","","","","","-200","-200","-200","7313","7313","7313"
"2340092","-167","-167","-167","12881","12881","12881","","","","","",""
"2340120","-157","-157","-157","12882","12882","12882","","","","","",""
"2340140","-84","-84","-84","12883","12883","12883","","","","","",""
"2340328","-147","-147","-147","12884","12884","12884","","","","","",""
"2340432","-85","-85","-85","12886","12886","12886","","","","","",""
"2340564","-111","-111","-111","12887","12887","12887","","","","","",""
"2340724","-146","-146","-146","12888","12888","12888","","","","","",""
"2340784","-114","-114","-114","12889","12889","12889","","","","","",""
"2340800","","","","","","","-200","-200","-200","7315","7315","7315"
"2340900","-117","-117","-117","12891","12891","12891","","","","","",""
"2340936","-93","-93","-93","12892","12892","12892","","","","","",""
"2341164","-110","-110","-110","12893","12893","12893","","","","","",""
"2341232","-112","-112","-112","12894","12894","12894","","","","","",""
"2341360","-115","-115","-115","12895","12895","12895","","","","","",""
"2341584","-162","-162","-162","12897","12897","12897","","","","","",""
"2341600","","","","","","","-200","-200","-200","7318","7318","7318"
"2341680","-112","-112","-112","12898","12898","12898","","","","","",""
"2341696","-84","-84","-84","12899","12899","12899","","","","","",""
"2341784","-155","-155","-155","12900","12900","12900","","","","","",""
"2341944","-90","-90","-90","12902","12902","12902","","","","","",""
"2342036","-89","-89","-89","12903","12903","12903","","","","","",""
"2342120","-84","-84","-84","12904","12904","12904","","","","","",""
"2342140","-111","-111","-111","12905","12905","12905","","","","","",""
"2342276","-83","-83","-83","12906","12906","12906","","","","","",""
"2342400","","","","","","","-200","-200","-200","7320","7320","7320"
"2342568","-112","-112","-112","12908","12908","12908","","","","","",""
"2342696","-165","-165","-165","12909","12909","12909","","","","","",""
"2342736","-115","-115","-115","12910","12910","12910","","","","","",""
"2342740","-150","-150","-150","12911","12911","12911","","","","","",""
"2342916","-87","-87","-87","12913","12913","12913","","","","","",""
"2343180","-111","-111","-111","12914","12914","12914","","","","","",""
"2343192","-113","-113","-113","12915","12915","12915","","","","","",""
"2343200","","","","","","","-200","-200","-200","7322","7322","7322"
"2343268","-88","-88","-88","12916","12916","12916","","","","","",""
"2343400","-176","-176","-176","12917","12917","12917","","","","","",""
"2343624","-108","-108","-108","12919","12919","12919","","","","","",""
"2343740","-85","-85","-85","12920","12920","12920","","","","","",""
"2343796","-154","-154","-154","12921","12921","12921","","","","","",""
"2343856","-147","-147","-147","12922","12922","12922","","","","","",""
"2344000","","","","","","","-200","-200","-200","7325","7325","7325"
"2344052","-107","-107","-107","12924","12924","12924","","","","","",""
"2344180","-110","-110","-110","12925","12925","12925","","","","","",""
"2344212","-89","-89","-89","12926","12926","12926","","","","","",""
"2344260","-116","-116","-116","12927","12927","12927","","","","","",""
"2344516","-116","-116","-116","12929","12929","12929","","","","","",""
"2344632","-113","-113","-113","12930","12930","12930","","","","","",""
"2344680","-117","-117","-117","12931","12931","12931","","","","","",""
"2344800","","","","","","","-200","-200","-200","7327","7327","7327"
"2344884","-156","-156","-156","12932","12932","12932","","","","","",""
"2344992","-90","-90","-90","12934","12934","12934","","","","","",""
"2345140","-156","-156","-156","12935","12935","12935","","","","","",""
"2345248","-91","-91","-91","12936","12936","12936","","","","","",""
"2345300","-155","-155","-155","12937","12937","12937","","","","","",""
"2345340","-87","-87","-87","12938","12938","12938","","","","","",""
"2345472","-83","-83","-83","12939","12939","12939","","","","","",""
"2345600","","","","","","","-200","-200","-200","7330","7330","7330"
"2345704","-114","-114","-114","12940","12940","12940","","","","","",""
"2345748","-112","-112","-112","12941","12941","12941","","","","","",""
"2345772","-108","-108","-108","12942","12942","12942","","","","","",""
"2346060","-147","-147","-147","12944","12944","12944","","","","","",""
"2346120","-87","-87","-87","12945","12945","12945","","","","","",""
"2346200","-113","-113","-113","12946","12946","12946","","","","","",""
"2346328","-156","-156","-156","12947","12947","12947","","","","","",""
"2346392","-83","-83","-83","12948","12948","12948","","","","","",""
"2346400","","","","","","","-200","-200","-200","7332","7332","7332"
"2346464","-86","-86","-86","12949","12949","12949","","","","","",""
"2346680","-88","-88","-88","12951","12951","12951","","","","","",""
"2346752","-90","-90","-90","12952","12952","12952","","","","","",""
"2346792","-148","-148","-148","12953","12953","12953","","","","","",""
"2346804","-85","-85","-85","12954","12954","12954","","","","","",""
"2347040","-90","-90","-90","12956","12956","12956","","","","","",""
"2347200","","","","","","","-200","-200","-200","7335","7335","7335"
"2347260","-117","-117","-117","12957","12957","12957","","","","","",""
"2347440","-172","-172","-172","12958","12958","12958","","","","","",""
"2347484","-111","-111","-111","12959","12959","12959","","","","","",""
"2347528","-181","-181","-181","12961","12961","12961","","","","","",""
"2347696","-109","-109","-109","12962","12962","12962","","","","","",""
"2347876","-109","-109","-109","12963","12963","12963","","","","","",""
"2347884","-89","-89","-89","12964","12964","12964","","","","","",""
"2347940","-114","-114","-114","12965","12965","12965","","","","","",""
"2348000","","","","","","","-200","-200","-200","7337","7337","7337"
"2348040","-86","-86","-86","12967","12967","12967","","","","","",""
"2348328","-113","-113","-113","12968","12968","12968","","","","","",""
"2348396","-114","-114","-114","12969","12969","12969","","","","","",""
"2348504","-116","-116","-116","12970","12970","12970","","","","","",""
"2348592","-177","-177","-177","12972","12972","12972","","","","","",""
"2348772","-111","-111","-111","12973","12973","12973","","","","","",""
"2348800","","","","","","","-200","-200","-200","7340","7340","7340"
"2348960","-114","-114","-114","12974","12974","12974","","","","","",""
"2349016","-155","-155","-155","12975","12975","12975","","","","","",""
"2349044","-113","-113","-113","12976","12976","12976","","","","","",""
"2349136","-91","-91","-91","12978","12978","12978","","","","","",""
"2349308","-87","-87","-87","12979","12979","12979","","","","","",""
"2349496","-113","-113","-113","12980","12980","12980","","","","","",""
"2349580","-111","-111","-111","12982","12982","12982","","","","","",""
"2349600","","","","","","","-200","-200","-200","7343","7343","7343"
"2349612","-149","-149","-149","12983","12983","12983","","","","","",""
"2349756","-112","-112","-112","12984","12984","12984","","","","","",""
"2349920","-85","-85","-85","12985","12985","12985","","","","","",""
"2350060","-112","-112","-112","12986","12986","12986","","","","","",""
"2350088","-148","-148","-148","12988","12988","12988","","","","","",""
"2350220","-116","-116","-116","12989","12989","12989","","","","","",""
"2350388","-117","-117","-117","12990","12990","12990","","","","","",""
"2350400","","","","","","","-200","-200","-200","7345","7345","7345"
"2350512","-113","-113","-113","12991","12991","12991","","","","","",""
"2350532","-111","-111","-111","12992","12992","12992","","","","","",""
"2350824","-109","-109","-109","12994","12994","12994","","","","","",""
"2350836","-154","-154","-154","12995","12995","12995","","","","","",""
"2350948","-109","-109","-109","12996","12996","12996","","","","","",""
"2350968","-109","-109","-109","12997","12997","12997","","","","","",""
"2351200","","","","","","","-200","-200","-200","7348","7348","7348"
"2351264","-110","-110","-110","12999","12999","12999","","","","","",""
"2351288","-113","-113","-113","13000","13000","13000","","","","","",""
"2351300","-83","-83","-83","13001","13001","13001","","","","","",""
"2351400","-113","-113","-113","13002","13002","13002","","","","","",""
"2351624","-84","-84","-84","13004","13004","13004","","","","","",""
"2351716","-113","-113","-113","13005","13005","13005","","","","","",""
"2351752","-113","-113","-113","13006","13006","13006","","","","","",""
"2351980","-145","-145","-145","13007","13007","13007","","","","","",""
"2352000","","","","","","","-200","-200","-200","7350","7350","7350"
"2352076","-113","-113","-113","13008","13008","13008","","","","","",""
"2352104","-88","-88","-88","13009","13009","13009","","","","","",""
"2352168","-113","-113","-113","13011","13011","13011","","","","","",""
"2352324","-86","-86","-86","13012","13012","13012","","","","","",""
"2352536","-115","-115","-115","13013","13013","13013","","","","","",""
"2352544","-110","-110","-110","13014","13014","13014","","","","","",""
"2352616","-112","-112","-112","13015","13015","13015","","","","","",""
"2352800","","","","","","","-200","-200","-200","7353","7353","7353"
"2352936","-153","-153","-153","13017","13017","13017","","","","","",""
"2352980","-109","-109","-109","13018","13018","13018","","","","","",""
"2353064","-112","-112","-112","13019","13019","13019","","","","","",""
"2353440","-115","-115","-115","13021","13021","13021","","","","","",""
"2353544","-141","-141","-141","13022","13022","13022","","","","","",""
"2353600","","","","","","","-200","-200","-200","7355","7355","7355"
"2353640","-176","-176","-176","13023","13023","13023","","","","","",""
"2353728","-166","-166","-166","13025","13025","13025","","","","","",""
"2353776","-84","-84","-84","13026","13026","13026","","","","","",""
"2353880","-84","-84","-84","13027","13027","13027","","","","","",""
"2354004","-91","-91","-91","13028","13028","13028","","","","","",""
"2354220","-111","-111","-111","13030","13030","13030","","","","","",""
"2354344","-85","-85","-85","13031","13031","13031","","","","","",""
"2354400","","","","","","","-200","-200","-200","7358","7358","7358"
"2354440","-178","-178","-178","13032","13032","13032","","","","","",""
"2354656","-109","-109","-109","13033","13033","13033","","","","","",""
"2354780","-109","-109","-109","13035","13035","13035","","","","","",""
"2354784","-110","-110","-110","13036","13036","13036","","","","","",""
"2354892","-113","-113","-113","13037","13037","13037","","","","","",""
"2355200","","","","","","","-200","-200","-200","7360","7360","7360"
"2355216","-109","-109","-109","13039","13039","13039","","","","","",""
"2355224","-110","-110","-110","13040","13040","13040","","","","","",""
"2355272","-154","-154","-154","13041","13041","13041","","","","","",""
"2355496","-151","-151","-151","13042","13042","13042","","","","","",""
"2355608","-84","-84","-84","13043","13043","13043","","","","","",""
"2355664","-110","-110","-110","13044","13044","13044","","","","","",""
"2355864","-162","-162","-162","13046","13046","13046","","","","","",""
"2356000","","","","","","","-200","-200","-200","7362","7362","7362"
"2356104","-110","-110","-110","13047","13047","13047","","","","","",""
"2356128","-158","-158","-158","13048","13048","13048","","","","","",""
"2356204","-85","-85","-85","13049","13049","13049","","","","","",""
"2356232","-156","-156","-156","13051","13051","13051","","","","","",""
"2356540","-84","-84","-84","13052","13052","13052","","","","","",""
"2356544","-110","-110","-110","13053","13053","13053","","","","","",""
"2356568","-110","-110","-110","13054","13054","13054","","","","","",""
"2356676","-111","-111","-111","13055","13055","13055","","","","","",""
"2356800","","","","","","","-200","-200","-200","7365","7365","7365"
"2356940","-93","-93","-93","13057","13057","13057","","","","","",""
"2356976","-109","-109","-109","13058","13058","13058","","","","","",""
"2357116","-110","-110","-110","13059","13059","13059","","","","","",""
"2357132","-147","-147","-147","13060","13060","13060","","","","","",""
"2357436","-115","-115","-115","13062","13062","13062","","","","","",""
"2357496","-91","-91","-91","13063","13063","13063","","","","","",""
"2357592","-163","-163","-163","13064","13064","13064","","","","","",""
"2357600","","","","","","","-200","-200","-200","7367","7367","7367"
"2357748","-158","-158","-158","13065","13065","13065","","","","","",""
"2357788","-88","-88","-88","13067","13067","13067","","","","","",""
"2358140","-88","-88","-88","13068","13068","13068","","","","","",""
"2358160","-166","-166","-166","13069","13069","13069","","","","","",""
"2358324","-183","-183","-183","13071","13071","13071","","","","","",""
"2358348","-150","-150","-150","13072","13072","13072","","","","","",""
"2358400","","","","","","","-200","-200","-200","7370","7370","7370"
"2358488","-87","-87","-87","13073","13073","13073","","","","","",""
"2358680","-83","-83","-83","13074","13074","13074","","","","","",""
"2358760","-150","-150","-150","13075","13075","13075","","","","","",""
"2358900","-144","-144","-144","13077","13077","13077","","","","","",""
"2358932","-111","-111","-111","13078","13078","13078","","","","","",""
"2359200","","","","","","","-200","-200","-200","7372","7372","7372"
"2359284","-151","-151","-151","13079","13079","13079","","","","","",""
"2359300","-92","-92","-92","13081","13081","13081","","","","","",""
"2359356","-149","-149","-149","13082","13082","13082","","","","","",""
"2359488","-147","-147","-147","13083","13083","13083","","","","","",""
"2359728","-111","-111","-111","13084","13084","13084","","","","","",""
"2359812","-114","-114","-114","13086","13086","13086","","","","","",""
"2359832","-86","-86","-86","13087","13087","13087","","","","","",""
"2359940","-160","-160","-160","13088","13088","13088","","","","","",""
"2360000","","","","","","","-200","-200","-200","7375","7375","7375"
"2360112","-96","-96","-96","13089","13089","13089","","","","","",""
"2360148","-84","-84","-84","13090","13090","13090","","","","","",""
"2360188","-89","-89","-89","13091","13091","13091","","","","","",""
"2360280","-85","-85","-85","13092","13092","13092","","","","","",""
"2360452","-85","-85","-85","13094","13094","13094","","","","","",""
"2360512","-91","-91","-91","13095","13095","13095","","","","","",""
"2360632","-111","-111","-111","13096","13096","13096","","","","","",""
"2360796","-86","-86","-86","13097","13097","13097","","","","","",""
"2360800","","","","","","","-200","-200","-200","7377","7377","7377"
"2360864","-88","-88","-88","13099","13099","13099","","","","","",""
"2360872","-148","-148","-148","13100","13100","13100","","","","","",""
"2361268","-159","-159","-159","13101","13101","13101","","","","","",""
"2361404","-152","-152","-152","13103","13103","13103","","","","","",""
"2361460","-149","-149","-149","13104","13104","13104","","","","","",""
"2361500","-157","-157","-157","13105","13105","13105","","","","","",""
"2361600","","","","","","","-200","-200","-200","7380","7380","7380"
"2361616","-87","-87","-87","13106","13106","13106","","","","","",""
"2361740","-84","-84","-84","13107","13107","13107","","","","","",""
"2361900","-110","-110","-110","13109","13109","13109","","","","","",""
"2361948","-112","-112","-112","13110","13110","13110","","","","","",""
"2361952","-84","-84","-84","13111","13111","13111","","","","","",""
"2362344","-151","-151","-151","13112","13112","13112","","","","","",""
"2362348","-112","-112","-112","13113","13113","13113","","","","","",""
"2362396","-111","-111","-111","13115","13115","13115","","","","","",""
"2362400","","","","","","","-200","-200","-200","7383","7383","7383"
"2362624","-169","-169","-169","13116","13116","13116","","","","","",""
"2362816","-118","-118","-118","13117","13117","13117","","","","","",""
"2362856","-127","-127","-127","13118","13118","13118","","","","","",""
"2362964","-142","-142","-142","13120","13120","13120","","","","","",""
"2363064","-110","-110","-110","13121","13121","13121","","","","","",""
"2363192","-84","-84","-84","13122","13122","13122","","","","","",""
"2363200","","","","","","","-200","-200","-200","7385","7385","7385"
"2363268","-113","-113","-113","13123","13123","13123","","","","","",""
"2363368","-101","-101","-101","13124","13124","13124","","","","","",""
"2363408","-86","-86","-86","13126","13126","13126","","","","","",""
"2363632","-110","-110","-110","13127","13127","13127","","","","","",""
"2363712","-111","-111","-111","13128","13128","13128","","","","","",""
"2363800","-98","-98","-98","13129","13129","13129","","","","","",""
"2363816","-112","-112","-112","13130","13130","13130","","","","","",""
"2364000","","","","","","","-200","-200","-200","7388","7388","7388"
"2364044","-83","-83","-83","13132","13132","13132","","","","","",""
"2364240","-152","-152","-152","13133","13133","13133","","","","","",""
"2364256","-110","-110","-110","13134","13134","13134","","","","","",""
"2364280","-120","-120","-120","13135","13135","13135","","","","","",""
"2364440","-99","-99","-99","13137","13137","13137","","","","","",""
"2364600","-86","-86","-86","13138","13138","13138","","","","","",""
"2364640","-100","-100","-100","13139","13139","13139","","","","","",""
"2364724","-111","-111","-111","13140","13140","13140","","","","","",""
"2364772","-83","-83","-83","13141","13141","13141","","","","","",""
"2364800","","","","","","","-200","-200","-200","7390","7390","7390"
"2364992","-88","-88","-88","13143","13143","13143","","","","","",""
"2365040","-110","-110","-110","13144","13144","13144","","","","","",""
"2365176","-113","-113","-113","13145","13145","13145","","","","","",""
"2365432","-165","-165","-165","13146","13146","13146","","","","","",""
"2365492","-113","-113","-113","13148","13148","13148","","","","","",""
"2365560","-96","-96","-96","13149","13149","13149","","","","","",""
"2365600","","","","","","","-200","-200","-200","7393","7393","7393"
"2365612","-155","-155","-155","13150","13150","13150","","","","","",""
"2365872","-95","-95","-95","13151","13151","13151","","","","","",""
"2365896","-84","-84","-84","13152","13152","13152","","","","","",""
"2366020","-147","-147","-147","13154","13154","13154","","","","","",""
"2366236","-85","-85","-85","13155","13155","13155","","","","","",""
"2366272","-165","-165","-165","13156","13156","13156","","","","","",""
"2366324","-113","-113","-113","13157","13157","13157","","","","","",""
"2366400","","","","","","","-200","-200","-200","7395","7395","7395"
"2366492","-118","-118","-118","13159","13159","13159","","","","","",""
"2366852","-154","-154","-154","13160","13160","13160","","","","","",""
"2366872","-150","-150","-150","13161","13161","13161","","","","","",""
"2366940","-154","-154","-154","13162","13162","13162","","","","","",""
"2366952","-115","-115","-115","13163","13163","13163","","","","","",""
"2367200","","","","","","","-200","-200","-200","7398","7398","7398"
"2367228","-89","-89","-89","13165","13165","13165","","","","","",""
"2367308","-114","-114","-114","13166","13166","13166","","","","","",""
"2367380","-110","-110","-110","13167","13167","13167","","","","","",""
"2367392","-110","-110","-110","13168","13168","13168","","","","","",""
"2367676","-112","-112","-112","13170","13170","13170","","","","","",""
"2367752","-111","-111","-111","13171","13171","13171","","","","","",""
"2367824","-111","-111","-111","13172","13172","13172","","","","","",""
"2367876","-121","-121","-121","13173","13173","13173","","","","","",""
"2368000","","","","","","","-200","-200","-200","7400","7400","7400"
"2368120","-111","-111","-111","13175","13175","13175","","","","","",""
"2368148","-99","-99","-99","13176","13176","13176","","","","","",""
"2368264","-110","-110","-110","13177","13177","13177","","","","","",""
"2368316","-110","-110","-110","13178","13178","13178","","","","","",""
"2368572","-113","-113","-113","13180","13180","13180","","","","","",""
"2368684","-92","-92","-92","13181","13181","13181","","","","","",""
"2368704","-110","-110","-110","13182","13182","13182","","","","","",""
"2368780","-158","-158","-158","13183","13183","13183","","","","","",""
"2368800","","","","","","","-200","-200","-200","7402","7402","7402"
"2368996","-106","-106","-106","13184","13184","13184","","","","","",""
"2369128","-111","-111","-111","13186","13186","13186","","","","","",""
"2369164","-115","-115","-115","13187","13187","13187","","","","","",""
"2369236","-114","-114","-114","13188","13188","13188","","","","","",""
"2369456","-115","-115","-115","13189","13189","13189","","","","","",""
"2369584","-114","-114","-114","13191","13191","13191","","","","","",""
"2369600","","","","","","","-200","-200","-200","7405","7405","7405"
"2369620","-114","-114","-114","13192","13192","13192","","","","","",""
"2369836","-150","-150","-150","13193","13193","13193","","","","","",""
"2369900","-111","-111","-111","13194","13194","13194","","","","","",""
"2370024","-110","-110","-110","13195","13195","13195","","","","","",""
"2370060","-110","-110","-110","13197","13197","13197","","","","","",""
"2370256","-89","-89","-89","13198","13198","13198","","","","","",""
"2370288","-113","-113","-113","13199","13199","13199","","","","","",""
"2370400","","","","","","","-200","-200","-200","7407","7407","7407"
"2370408","-87","-87","-87","13200","13200","13200","","","","","",""
"2370468","-111","-111","-111","13201","13201","13201","","","","","",""
"2370652","-91","-91","-91","13203","13203","13203","","","","","",""
"2370700","-111","-111","-111","13204","13204","13204","","","","","",""
"2370864","-114","-114","-114","13205","13205","13205","","","","","",""
"2370936","-117","-117","-117","13206","13206","13206","","","","","",""
"2371096","-111","-111","-111","13208","13208","13208","","","","","",""
"2371152","-113","-113","-113","13209","13209","13209","","","","","",""
"2371200","","","","","","","-200","-200","-200","7410","7410","7410"
"2371260","-99","-99","-99","13210","13210","13210","","","","","",""
"2371296","-90","-90","-90","13211","13211","13211","","","","","",""
"2371496","-86","-86","-86","13212","13212","13212","","","","","",""
"2371548","-113","-113","-113","13213","13213","13213","","","","","",""
"2371744","-112","-112","-112","13215","13215","13215","","","","","",""
"2371848","-147","-147","-147","13216","13216","13216","","","","","",""
"2371864","-92","-92","-92","13217","13217","13217","","","","","",""
"2372000","-113","-113","-113","13218","13218","13218","-200","-200","-200","7412","7412","7412"
"2372080","-84","-84","-84","13219","13219","13219","","","","","",""
"2372284","-109","-109","-109","13221","13221","13221","","","","","",""
"2372304","-110","-110","-110","13222","13222","13222","","","","","",""
"2372416","-84","-84","-84","13223","13223","13223","","","","","",""
"2372452","-113","-113","-113","13224","13224","13224","","","","","",""
"2372700","-99","-99","-99","13226","13226","13226","","","","","",""
"2372728","-111","-111","-111","13227","13227","13227","","","","","",""
"2372800","","","","","","","-200","-200","-200","7415","7415","7415"
"2372860","-111","-111","-111","13228","13228","13228","","","","","",""
"2372928","-119","-119","-119","13229","13229","13229","","","","","",""
"2373100","-93","-93","-93","13230","13230","13230","","","","","",""
"2373160","-115","-115","-115","13232","13232","13232","","","","","",""
"2373316","-114","-114","-114","13233","13233","13233","","","","","",""
"2373448","-87","-87","-87","13234","13234","13234","","","","","",""
"2373548","-155","-155","-155","13235","13235","13235","","","","","",""
"2373600","","","","","","","-200","-200","-200","7417","7417","7417"
"2373772","-114","-114","-114","13237","13237","13237","","","","","",""
"2373816","-164","-164","-164","13238","13238","13238","","","","","",""
"2373836","-97","-97","-97","13239","13239","13239","","","","","",""
"2374160","-153","-153","-153","13241","13241","13241","","","","","",""
"2374200","-91","-91","-91","13242","13242","13242","","","","","",""
"2374220","-112","-112","-112","13243","13243","13243","","","","","",""
"2374400","","","","","","","-200","-200","-200","7420","7420","7420"
"2374440","-156","-156","-156","13244","13244","13244","","","","","",""
"2374644","-121","-121","-121","13245","13245","13245","","","","","",""
"2374812","-148","-148","-148","13247","13247","13247","","","","","",""
"2374816","-154","-154","-154","13248","13248","13248","","","","","",""
"2374908","-117","-117","-117","13249","13249","13249","","","","","",""
"2375184","-92","-92","-92","13251","13251","13251","","","","","",""
"2375200","-97","-97","-97","13252","13252","13252","-200","-200","-200","7423","7423","7423"
"2375364","-180","-180","-180","13253","13253","13253","","","","","",""
"2375540","-85","-85","-85","13254","13254","13254","","","","","",""
"2375568","-165","-165","-165","13255","13255","13255","","","","","",""
"2375656","-118","-118","-118","13256","13256","13256","","","","","",""
"2375816","-113","-113","-113","13258","13258","13258","","","","","",""
"2375876","-84","-84","-84","13259","13259","13259","","","","","",""
"2376000","","","","","","","-200","-200","-200","7425","7425","7425"
"2376020","-113","-113","-113","13260","13260","13260","","","","","",""
"2376172","-129","-129","-129","13261","13261","13261","","","","","",""
"2376260","-111","-111","-111","13263","13263","13263","","","","","",""
"2376348","-118","-118","-118","13264","13264","13264","","","","","",""
"2376360","-85","-85","-85","13265","13265","13265","","","","","",""
"2376508","-84","-84","-84","13266","13266","13266","","","","","",""
"2376716","-114","-114","-114","13268","13268","13268","","","","","",""
"2376800","","","","","","","-200","-200","-200","7428","7428","7428"
"2376808","-115","-115","-115","13269","13269","13269","","","","","",""
"2376936","-144","-144","-144","13270","13270","13270","","","","","",""
"2377208","-175","-175","-175","13271","13271","13271","","","","","",""
"2377340","-156","-156","-156","13273","13273","13273","","","","","",""
"2377384","-112","-112","-112","13274","13274","13274","","","","","",""
"2377468","-165","-165","-165","13275","13275","13275","","","","","",""
"2377600","","","","","","","-200","-200","-200","7430","7430","7430"
"2377644","-109","-109","-109","13276","13276","13276","","","","","",""
"2377808","-85","-85","-85","13278","13278","13278","","","","","",""
"2377836","-113","-113","-113","13279","13279","13279","","","","","",""
"2377964","-156","-156","-156","13280","13280","13280","","","","","",""
"2378088","-111","-111","-111","13281","13281","13281","","","","","",""
"2378276","-110","-110","-110","13283","13283","13283","","","","","",""
"2378400","","","","","","","-200","-200","-200","7433","7433","7433"
"2378416","-113","-113","-113","13284","13284","13284","","","","","",""
"2378544","-184","-184","-184","13285","13285","13285","","","","","",""
"2378720","-111","-111","-111","13286","13286","13286","","","","","",""
"2378744","-164","-164","-164","13287","13287","13287","","","","","",""
"2378864","-112","-112","-112","13289","13289","13289","","","","","",""
"2378884","-85","-85","-85","13290","13290","13290","","","","","",""
"2379088","-92","-92","-92","13291","13291","13291","","","","","",""
"2379200","","","","","","","-200","-200","-200","7435","7435","7435"
"2379220","-89","-89","-89","13292","13292","13292","","","","","",""
"2379320","-109","-109","-109","13294","13294","13294","","","","","",""
"2379400","-164","-164","-164","13295","13295","13295","","","","","",""
"2379532","-111","-111","-111","13296","13296","13296","","","","","",""
"2379772","-93","-93","-93","13297","13297","13297","","","","","",""
"2379816","-149","-149","-149","13299","13299","13299","","","","","",""
"2379888","-142","-142","-142","13300","13300","13300","","","","","",""
"2379976","-111","-111","-111","13301","13301","13301","","","","","",""
"2380000","","","","","","","-200","-200","-200","7438","7438","7438"
"2380120","-87","-87","-87","13302","13302","13302","","","","","",""
"2380256","-110","-110","-110","13303","13303","13303","","","","","",""
"2380324","-109","-109","-109","13305","13305","13305","","","","","",""
"2380356","-95","-95","-95","13306","13306","13306","","","","","",""
"2380600","-86","-86","-86","13307","13307","13307","","","","","",""
"2380668","-86","-86","-86","13308","13308","13308","","","","","",""
"2380732","-153","-153","-153","13309","13309","13309","","","","","",""
"2380800","","","","","","","-200","-200","-200","7440","7440","7440"
"2380952","-149","-149","-149","13311","13311","13311","","","","","",""
"2381040","-110","-110","-110","13312","13312","13312","","","","","",""
"2381124","-114","-114","-114","13313","13313","13313","","","","","",""
"2381188","-114","-114","-114","13314","13314","13314","","","","","",""
"2381392","-110","-110","-110","13316","13316","13316","","","","","",""
"2381488","-112","-112","-112","13317","13317","13317","","","","","",""
"2381600","","","","","","","-200","-200","-200","7442","7442","7442"
"2381628","-110","-110","-110","13318","13318","13318","","","","","",""
"2381732","-152","-152","-152","13319","13319","13319","","","","","",""
"2381836","-111","-111","-111","13321","13321","13321","","","","","",""
"2381880","-98","-98","-98","13322","13322","13322","","","","","",""
"2382068","-110","-110","-110","13323","13323","13323","","","","","",""
"2382192","-115","-115","-115","13324","13324","13324","","","","","",""
"2382320","-110","-110","-110","13325","13325","13325","","","","","",""
"2382400","","","","","","","-200","-200","-200","7445","7445","7445"
"2382480","-161","-161","-161","13327","13327","13327","","","","","",""
"2382660","-148","-148","-148","13328","13328","13328","","","","","",""
"2382756","-109","-109","-109","13329","13329","13329","","","","","",""
"2382820","-157","-157","-157","13330","13330","13330","","","","","",""
"2382956","-119","-119","-119","13332","13332","13332","","","","","",""
"2383092","-84","-84","-84","13333","13333","13333","","","","","",""
"2383112","-113","-113","-113","13334","13334","13334","","","","","",""
"2383200","","","","","","","-200","-200","-200","7447","7447","7447"
"2383276","-114","-114","-114","13335","13335","13335","","","","","",""
"2383464","-88","-88","-88","13337","13337","13337","","","","","",""
"2383536","-111","-111","-111","13338","13338","13338","","","","","",""
"2383560","-151","-151","-151","13339","13339","13339","","","","","",""
"2383716","-110","-110","-110","13340","13340","13340","","","","","",""
"2383884","-87","-87","-87","13342","13342","13342","","","","","",""
"2383904","-110","-110","-110","13343","13343","13343","","","","","",""
"2384000","","","","","","","-200","-200","-200","7450","7450","7450"
"2384216","-83","-83","-83","13344","13344","13344","","","","","",""
"2384236","-83","-83","-83","13345","13345","13345","","","","","",""
"2384244","-85","-85","-85","13346","13346","13346","","","","","",""
"2384324","-152","-152","-152","13347","13347","13347","","","","","",""
"2384684","-110","-110","-110","13349","13349","13349","","","","","",""
"2384764","-110","-110","-110","13350","13350","13350","","","","","",""
"2384800","","","","","","","-200","-200","-200","7452","7452","7452"
"2384888","-163","-163","-163","13351","13351","13351","","","","","",""
"2385240","-119","-119","-119","13353","13353","13353","","","","","",""
"2385276","-148","-148","-148","13354","13354","13354","","","","","",""
"2385300","-154","-154","-154","13355","13355","13355","","","","","",""
"2385352","-116","-116","-116","13356","13356","13356","","","","","",""
"2385600","","","","","","","-200","-200","-200","7455","7455","7455"
"2385684","-111","-111","-111","13358","13358","13358","","","","","",""
"2385732","-114","-114","-114","13359","13359","13359","","","","","",""
"2385748","-112","-112","-112","13360","13360","13360","","","","","",""
"2386048","-174","-174","-174","13362","13362","13362","","","","","",""
"2386084","-84","-84","-84","13363","13363","13363","","","","","",""
"2386180","-112","-112","-112","13364","13364","13364","","","","","",""
"2386276","-148","-148","-148","13365","13365","13365","","","","","",""
"2386388","-85","-85","-85","13366","13366","13366","","","","","",""
"2386400","","","","","","","-200","-200","-200","7457","7457","7457"
"2386428","-86","-86","-86","13367","13367","13367","","","","","",""
"2386532","-88","-88","-88","13369","13369","13369","","","","","",""
"2386740","-88","-88","-88","13370","13370","13370","","","","","",""
"2386896","-117","-117","-117","13371","13371","13371","","","","","",""
"2386976","-111","-111","-111","13373","13373","13373","","","","","",""
"2387072","-83","-83","-83","13374","13374","13374","","","","","",""
"2387200","-115","-115","-115","13375","13375","13375","-200","-200","-200","7460","7460","7460"
"2387336","-110","-110","-110","13376","13376","13376","","","","","",""
"2387412","-85","-85","-85","13377","13377","13377","","","","","",""
"2387440","-116","-116","-116","13378","13378","13378","","","","","",""
"2387540","-85","-85","-85","13380","13380","13380","","","","","",""
"2387704","-92","-92","-92","13381","13381","13381","","","","","",""
"2387888","-87","-87","-87","13382","13382","13382","","","","","",""
"2388000","","","","","","","-200","-200","-200","7463","7463","7463"
"2388028","-147","-147","-147","13384","13384","13384","","","","","",""
"2388036","-83","-83","-83","13385","13385","13385","","","","","",""
"2388084","-168","-168","-168","13386","13386","13386","","","","","",""
"2388356","-117","-117","-117","13387","13387","13387","","","","","",""
"2388480","-111","-111","-111","13388","13388","13388","","","","","",""
"2388656","-157","-157","-157","13389","13389","13389","","","","","",""
"2388708","-156","-156","-156","13390","13390","13390","","","","","",""
"2388796","-110","-110","-110","13391","13391","13391","","","","","",""
"2388800","","","","","","","-200","-200","-200","7465","7465","7465"
"2388828","-87","-87","-87","13392","13392","13392","","","","","",""
"2389052","-86","-86","-86","13394","13394","13394","","","","","",""
"2389108","-113","-113","-113","13395","13395","13395","","","","","",""
"2389188","-90","-90","-90","13396","13396","13396","","","","","",""
"2389256","-115","-115","-115","13397","13397","13397","","","","","",""
"2389384","-83","-83","-83","13398","13398","13398","","","","","",""
"2389552","-111","-111","-111","13400","13400","13400","","","","","",""
"2389600","","","","","","","-200","-200","-200","7468","7468","7468"
"2389636","-112","-112","-112","13401","13401","13401","","","","","",""
"2389700","-111","-111","-111","13402","13402","13402","","","","","",""
"2389736","-88","-88","-88","13403","13403","13403","","","","","",""
"2389896","-86","-86","-86","13404","13404","13404","","","","","",""
"2390040","-85","-85","-85","13406","13406","13406","","","","","",""
"2390084","-112","-112","-112","13407","13407","13407","","","","","",""
"2390092","-89","-89","-89","13408","13408","13408","","","","","",""
"2390352","-114","-114","-114","13409","13409","13409","","","","","",""
"2390388","-87","-87","-87","13410","13410","13410","","","","","",""
"2390400","","","","","","","-200","-200","-200","7470","7470","7470"
"2390540","-114","-114","-114","13412","13412","13412","","","","","",""
"2390552","-115","-115","-115","13413","13413","13413","","","","","",""
"2390704","-88","-88","-88","13414","13414","13414","","","","","",""
"2390840","-113","-113","-113","13415","13415","13415","","","","","",""
"2390924","-93","-93","-93","13416","13416","13416","","","","","",""
"2390992","-113","-113","-113","13417","13417","13417","","","","","",""
"2391084","-95","-95","-95","13419","13419","13419","","","","","",""
"2391200","","","","","","","-200","-200","-200","7473","7473","7473"
"2391284","-111","-111","-111","13420","13420","13420","","","","","",""
"2391388","-116","-116","-116","13421","13421","13421","","","","","",""
"2391448","-114","-114","-114","13422","13422","13422","","","","","",""
"2391544","-115","-115","-115","13423","13423","13423","","","","","",""
"2391640","-89","-89","-89","13425","13425","13425","","","","","",""
"2391840","-113","-113","-113","13426","13426","13426","","","","","",""
"2391900","-113","-113","-113","13427","13427","13427","","","","","",""
"2391988","-111","-111","-111","13428","13428","13428","","","","","",""
"2392000","","","","","","","-200","-200","-200","7475","7475","7475"
"2392080","-110","-110","-110","13430","13430","13430","","","","","",""
"2392280","-110","-110","-110","13431","13431","13431","","","","","",""
"2392360","-115","-115","-115","13432","13432","13432","","","","","",""
"2392532","-113","-113","-113","13433","13433","13433","","","","","",""
"2392588","-150","-150","-150","13435","13435","13435","","","","","",""
"2392800","","","","","","","-200","-200","-200","7478","7478","7478"
"2392940","-88","-88","-88","13436","13436","13436","","","","","",""
"2392980","-155","-155","-155","13437","13437","13437","","","","","",""
"2393152","-155","-155","-155","13439","13439","13439","","","","","",""
"2393400","-115","-115","-115","13440","13440","13440","","","","","",""
"2393416","-119","-119","-119","13441","13441","13441","","","","","",""
"2393580","-150","-150","-150","13442","13442","13442","","","","","",""
"2393600","","","","","","","-200","-200","-200","7480","7480","7480"
"2393736","-84","-84","-84","13444","13444","13444","","","","","",""
"2393764","-153","-153","-153","13445","13445","13445","","","","","",""
"2393880","-116","-116","-116","13446","13446","13446","","","","","",""
"2393912","-83","-83","-83","13447","13447","13447","","","","","",""
"2394108","-86","-86","-86","13448","13448","13448","","","","","",""
"2394324","-147","-147","-147","13450","13450","13450","","","","","",""
"2394356","-111","-111","-111","13451","13451","13451","","","","","",""
"2394400","","","","","","","-200","-200","-200","7482","7482","7482"
"2394492","-153","-153","-153","13452","13452","13452","","","","","",""
"2394560","-113","-113","-113","13453","13453","13453","","","","","",""
"2394668","-86","-86","-86","13455","13455","13455","","","","","",""
"2394696","-85","-85","-85","13456","13456","13456","","","","","",""
"2395016","-114","-114","-114","13457","13457","13457","","","","","",""
"2395136","-117","-117","-117","13458","13458","13458","","","","","",""
"2395176","-171","-171","-171","13459","13459","13459","","","","","",""
"2395200","","","","","","","-200","-200","-200","7485","7485","7485"
"2395296","-150","-150","-150","13460","13460","13460","","","","","",""
"2395464","-112","-112","-112","13461","13461","13461","","","","","",""
"2395576","-110","-110","-110","13462","13462","13462","","","","","",""
"2395632","-114","-114","-114","13463","13463","13463","","","","","",""
"2395892","-149","-149","-149","13465","13465","13465","","","","","",""
"2395920","-114","-114","-114","13466","13466","13466","","","","","",""
"2395928","-88","-88","-88","13467","13467","13467","","","","","",""
"2396000","","","","","","","-200","-200","-200","7487","7487","7487"
"2396228","-149","-149","-149","13469","13469","13469","","","","","",""
"2396236","-86","-86","-86","13470","13470","13470","","","","","",""
"2396260","-83","-83","-83","13471","13471","13471","","","","","",""
"2396324","-101","-101","-101","13472","13472","13472","","","","","",""
"2396572","-86","-86","-86","13473","13473","13473","","","","","",""
"2396688","-113","-113","-113","13475","13475","13475","","","","","",""
"2396772","-112","-112","-112","13476","13476","13476","","","","","",""
"2396800","","","","","","","-200","-200","-200","7490","7490","7490"
"2396900","-160","-160","-160","13477","13477","13477","","","","","",""
"2397024","-113","-113","-113","13478","13478","13478","","","","","",""
"2397216","-111","-111","-111","13480","13480","13480","","","","","",""
"2397336","-162","-162","-162","13481","13481","13481","","","","","",""
"2397344","-111","-111","-111","13482","13482","13482","","","","","",""
"2397396","-93","-93","-93","13483","13483","13483","","","","","",""
"2397600","","","","","","","-200","-200","-200","7492","7492","7492"
"2397684","-87","-87","-87","13484","13484","13484","","","","","",""
"2397788","-111","-111","-111","13486","13486","13486","","","","","",""
"2397852","-114","-114","-114","13487","13487","13487","","","","","",""
"2397872","-164","-164","-164","13488","13488","13488","","","","","",""
"2398060","-94","-94","-94","13489","13489","13489","","","","","",""
"2398204","-88","-88","-88","13490","13490","13490","","","","","",""
"2398400","","","","","","","-200","-200","-200","7495","7495","7495"
"2398408","-155","-155","-155","13492","13492","13492","","","","","",""
"2398436","-94","-94","-94","13493","13493","13493","","","","","",""
"2398528","-164","-164","-164","13494","13494","13494","","","","","",""
"2398664","-115","-115","-115","13495","13495","13495","","","","","",""
"2398808","-100","-100","-100","13497","13497","13497","","","","","",""
"2398896","-115","-115","-115","13498","13498","13498","","","","","",""
"2398992","-116","-116","-116","13499","13499","13499","","","","","",""
"2399108","-111","-111","-111","13500","13500","13500","","","","","",""
"2399188","-95","-95","-95","13501","13501","13501","","","","","",""
"2399200","","","","","","","-200","-200","-200","7497","7497","7497"
"2399352","-114","-114","-114","13503","13503","13503","","","","","",""
"2399440","-112","-112","-112","13504","13504","13504","","","","","",""
"2399560","-113","-113","-113","13505","13505","13505","","","","","",""
"2399784","-86","-86","-86","13507","13507","13507","","","","","",""
"2399804","-113","-113","-113","13508","13508","13508","","","","","",""
"2399820","-158","-158","-158","13509","13509","13509","","","","","",""
"2400000","","","","","","","-200","-200","-200","7500","7500","7500"
"2400008","-112","-112","-112","13510","13510","13510","","","","","",""
"2400184","-91","-91","-91","13511","13511","13511","","","","","",""
"2400256","-118","-118","-118","13512","13512","13512","","","","","",""
"2400280","-119","-119","-119","13513","13513","13513","","","","","",""
"2400632","-112","-112","-112","13514","13514","13514","","","","","",""
"2400640","-158","-158","-158","13515","13515","13515","","","","","",""
"2400700","-111","-111","-111","13516","13516","13516","","","","","",""
"2400728","-112","-112","-112","13517","13517","13517","","","","","",""
"2400800","","","","","","","-200","-200","-200","7503","7503","7503"
"2400968","-84","-84","-84","13519","13519","13519","","","","","",""
"2401112","-96","-96","-96","13520","13520","13520","","","","","",""
"2401148","-112","-112","-112","13521","13521","13521","","","","","",""
"2401328","-172","-172","-172","13523","13523","13523","","","","","",""
"2401440","-118","-118","-118","13524","13524","13524","","","","","",""
"2401488","-94","-94","-94","13525","13525","13525","","","","","",""
"2401596","-112","-112","-112","13526","13526","13526","","","","","",""
"2401600","","","","","","","-200","-200","-200","7505","7505","7505"
"2401684","-89","-89","-89","13527","13527","13527","","","","","",""
"2401840","-88","-88","-88","13529","13529","13529","","","","","",""
"2402040","-150","-150","-150","13530","13530","13530","","","","","",""
"2402132","-112","-112","-112","13531","13531","13531","","","","","",""
"2402372","-83","-83","-83","13533","13533","13533","","","","","",""
"2402400","","","","","","","-200","-200","-200","7508","7508","7508"
"2402472","-158","-158","-158","13534","13534","13534","","","","","",""
"2402480","-110","-110","-110","13535","13535","13535","","","","","",""
"2402580","-112","-112","-112","13536","13536","13536","","","","","",""
"2402820","-85","-85","-85","13538","13538","13538","","","","","",""
"2402944","-91","-91","-91","13539","13539","13539","","","","","",""
"2403100","-157","-157","-157","13540","13540","13540","","","","","",""
"2403180","-90","-90","-90","13541","13541","13541","","","","","",""
"2403200","","","","","","","-200","-200","-200","7510","7510","7510"
"2403392","-112","-112","-112","13543","13543","13543","","","","","",""
"2403420","-150","-150","-150","13544","13544","13544","","","","","",""
"2403552","-113","-113","-113","13545","13545","13545","","","","","",""
"2403824","-161","-161","-161","13546","13546","13546","","","","","",""
"2403872","-120","-120","-120","13548","13548","13548","","","","","",""
"2403876","-114","-114","-114","13549","13549","13549","","","","","",""
"2404000","","","","","","","-200","-200","-200","7513","7513","7513"
"2404016","-116","-116","-116","13550","13550","13550","","","","","",""
"2404160","-84","-84","-84","13551","13551","13551","","","","","",""
"2404320","-111","-111","-111","13552","13552","13552","","","","","",""
"2404332","-115","-115","-115","13553","13553","13553","","","","","",""
"2404412","-99","-99","-99","13555","13555","13555","","","","","",""
"2404616","-114","-114","-114","13556","13556","13556","","","","","",""
"2404668","-87","-87","-87","13557","13557","13557","","","","","",""
"2404776","-111","-111","-111","13558","13558","13558","","","","","",""
"2404784","-93","-93","-93","13559","13559","13559","","","","","",""
"2404800","","","","","","","-200","-200","-200","7515","7515","7515"
"2404972","-89","-89","-89","13561","13561","13561","","","","","",""
"2405040","-93","-93","-93","13562","13562","13562","","","","","",""
"2405220","-111","-111","-111","13563","13563","13563","","","","","",""
"2405232","-112","-112","-112","13564","13564","13564","","","","","",""
"2405420","-112","-112","-112","13566","13566","13566","","","","","",""
"2405600","","","","","","","-200","-200","-200","7518","7518","7518"
"2405608","-142","-142","-142","13567","13567","13567","","","","","",""
"2405688","-117","-117","-117","13568","13568","13568","","","","","",""
"2405852","-155","-155","-155","13569","13569","13569","","","","","",""
"2405876","-114","-114","-114","13570","13570","13570","","","","","",""
"2406080","-118","-118","-118","13572","13572","13572","","","","","",""
"2406192","-85","-85","-85","13573","13573","13573","","","","","",""
"2406280","-148","-148","-148","13574","13574","13574","","","","","",""
"2406324","-112","-112","-112","13575","13575","13575","","","","","",""
"2406400","","","","","","","-200","-200","-200","7520","7520","7520"
"2406540","-87","-87","-87","13577","13577","13577","","","","","",""
"2406612","-83","-83","-83","13578","13578","13578","","","","","",""
"2406672","-87","-87","-87","13579","13579","13579","","","","","",""
"2406704","-156","-156","-156","13580","13580","13580","","","","","",""
"2407004","-116","-116","-116","13582","13582","13582","","","","","",""
"2407036","-83","-83","-83","13583","13583","13583","","","","","",""
"2407092","-105","-105","-105","13584","13584","13584","","","","","",""
"2407200","","","","","","","-200","-200","-200","7522","7522","7522"
"2407284","-168","-168","-168","13585","13585","13585","","","","","",""
"2407360","-89","-89","-89","13586","13586","13586","","","","","",""
"2407448","-89","-89","-89","13588","13588","13588","","","","","",""
"2407504","-117","-117","-117","13589","13589","13589","","","","","",""
"2407712","-88","-88","-88","13590","13590","13590","","","","","",""
"2407756","-118","-118","-118","13591","13591","13591","","","","","",""
"2407912","-116","-116","-116","13592","13592","13592","","","","","",""
"2407964","-115","-115","-115","13594","13594","13594","","","","","",""
"2408000","","","","","","","-200","-200","-200","7525","7525","7525"
"2408216","-115","-115","-115","13595","13595","13595","","","","","",""
"2408320","-89","-89","-89","13596","13596","13596","","","","","",""
"2408348","-109","-109","-109","13597","13597","13597","","","","","",""
"2408380","-167","-167","-167","13598","13598","13598","","","","","",""
"2408680","-116","-116","-116","13600","13600","13600","","","","","",""
"2408728","-87","-87","-87","13601","13601","13601","","","","","",""
"2408780","-115","-115","-115","13602","13602","13602","","","","","",""
"2408792","-111","-111","-111","13603","13603","13603","","","","","",""
"2408800","","","","","","","-200","-200","-200","7527","7527","7527"
"2409028","-87","-87","-87","13605","13605","13605","","","","","",""
"2409172","-111","-111","-111","13606","13606","13606","","","","","",""
"2409224","-111","-111","-111","13607","13607","13607","","","","","",""
"2409248","-114","-114","-114","13608","13608","13608","","","","","",""
"2409512","-85","-85","-85","13610","13610","13610","","","","","",""
"2409576","-88","-88","-88","13611","13611","13611","","","","","",""
"2409600","","","","","","","-200","-200","-200","7530","7530","7530"
"2409664","-159","-159","-159","13612","13612","13612","","","","","",""
"2409692","-111","-111","-111","13613","13613","13613","","","","","",""
"2409864","-88","-88","-88","13614","13614","13614","","","","","",""
"2410032","-85","-85","-85","13616","13616","13616","","","","","",""
"2410120","-114","-114","-114","13617","13617","13617","","","","","",""
"2410196","-155","-155","-155","13618","13618","13618","","","","","",""
"2410320","-114","-114","-114","13619","13619","13619","","","","","",""
"2410400","","","","","","","-200","-200","-200","7532","7532","7532"
"2410492","-93","-93","-93","13620","13620","13620","","","","","",""
"2410640","-111","-111","-111","13622","13622","13622","","","","","",""
"2410652","-155","-155","-155","13623","13623","13623","","","","","",""
"2410680","-90","-90","-90","13624","13624","13624","","","","","",""
"2410940","-112","-112","-112","13625","13625","13625","","","","","",""
"2411000","-87","-87","-87","13626","13626","13626","","","","","",""
"2411028","-97","-97","-97","13628","13628","13628","","","","","",""
"2411136","-114","-114","-114","13629","13629","13629","","","","","",""
"2411200","","","","","","","-200","-200","-200","7535","7535","7535"
"2411340","-85","-85","-85","13630","13630","13630","","","","","",""
"2411384","-111","-111","-111","13631","13631","13631","","","","","",""
"2411476","-112","-112","-112","13632","13632","13632","","","","","",""
"2411508","-93","-93","-93","13633","13633","13633","","","","","",""
"2411676","-84","-84","-84","13635","13635","13635","","","","","",""
"2411764","-95","-95","-95","13636","13636","13636","","","","","",""
"2411924","-112","-112","-112","13637","13637","13637","","","","","",""
"2411964","-114","-114","-114","13638","13638","13638","","","","","",""
"2412000","","","","","","","-200","-200","-200","7537","7537","7537"
"2412120","-111","-111","-111","13640","13640","13640","","","","","",""
"2412220","-114","-114","-114","13641","13641","13641","","","","","",""
"2412368","-111","-111","-111","13642","13642","13642","","","","","",""
"2412560","-110","-110","-110","13644","13644","13644","","","","","",""
"2412612","-162","-162","-162","13645","13645","13645","","","","","",""
"2412684","-116","-116","-116","13646","13646","13646","","","","","",""
"2412708","-85","-85","-85","13647","13647","13647","","","","","",""
"2412800","","","","","","","-200","-200","-200","7540","7540","7540"
"2412944","-96","-96","-96","13648","13648","13648","","","","","",""
"2413024","-85","-85","-85","13649","13649","13649","","","","","",""
"2413052","-110","-110","-110","13650","13650","13650","","","","","",""
"2413160","-113","-113","-113","13652","13652","13652","","","","","",""
"2413384","-83","-83","-83","13653","13653","13653","","","","","",""
"2413396","-113","-113","-113","13654","13654","13654","","","","","",""
"2413464","-110","-110","-110","13655","13655","13655","","","","","",""
"2413600","","","","","","","-200","-200","-200","7543","7543","7543"
"2413752","-148","-148","-148","13657","13657","13657","","","","","",""
"2413836","-113","-113","-113","13658","13658","13658","","","","","",""
"2414012","-154","-154","-154","13659","13659","13659","","","","","",""
"2414056","-148","-148","-148","13660","13660","13660","","","","","",""
"2414176","-85","-85","-85","13662","13662","13662","","","","","",""
"2414208","-114","-114","-114","13663","13663","13663","","","","","",""
"2414356","-86","-86","-86","13664","13664","13664","","","","","",""
"2414400","","","","","","","-200","-200","-200","7545","7545","7545"
"2414508","-113","-113","-113","13665","13665","13665","","","","","",""
"2414660","-113","-113","-113","13667","13667","13667","","","","","",""
"2414904","-182","-182","-182","13668","13668","13668","","","","","",""
"2414948","-110","-110","-110","13669","13669","13669","","","","","",""
"2415012","-164","-164","-164","13670","13670","13670","","","","","",""
"2415200","","","","","","","-200","-200","-200","7548","7548","7548"
"2415280","-155","-155","-155","13672","13672","13672","","","","","",""
"2415312","-102","-102","-102","13673","13673","13673","","","","","",""
"2415328","-95","-95","-95","13674","13674","13674","","","","","",""
"2415368","-89","-89","-89","13675","13675","13675","","","","","",""
"2415620","-85","-85","-85","13677","13677","13677","","","","","",""
"2415656","-86","-86","-86","13678","13678","13678","","","","","",""
"2415740","-93","-93","-93","13679","13679","13679","","","","","",""
"2415976","-162","-162","-162","13680","13680","13680","","","","","",""
"2415992","-84","-84","-84","13681","13681","13681","","","","","",""
"2416000","","","","","","","-200","-200","-200","7550","7550","7550"
"2416092","-118","-118","-118","13682","13682","13682","","","","","",""
"2416340","-150","-150","-150","13684","13684","13684","","","","","",""
"2416440","-116","-116","-116","13685","13685","13685","","","","","",""
"2416452","-90","-90","-90","13686","13686","13686","","","","","",""
"2416580","-147","-147","-147","13687","13687","13687","","","","","",""
"2416800","-115","-115","-115","13689","13689","13689","-200","-200","-200","7553","7553","7553"
"2417012","-143","-143","-143","13690","13690","13690","","","","","",""
"2417040","-115","-115","-115","13691","13691","13691","","","","","",""
"2417116","-166","-166","-166","13692","13692","13692","","","","","",""
"2417256","-114","-114","-114","13694","13694","13694","","","","","",""
"2417404","-91","-91","-91","13695","13695","13695","","","","","",""
"2417572","-114","-114","-114","13696","13696","13696","","","","","",""
"2417600","-86","-86","-86","13697","13697","13697","-200","-200","-200","7555","7555","7555"
"2417624","-153","-153","-153","13698","13698","13698","","","","","",""
"2417952","-88","-88","-88","13700","13700","13700","","","","","",""
"2418028","-156","-156","-156","13701","13701","13701","","","","","",""
"2418068","-111","-111","-111","13702","13702","13702","","","","","",""
"2418296","-181","-181","-181","13704","13704","13704","","","","","",""
"2418300","-87","-87","-87","13705","13705","13705","","","","","",""
"2418360","-83","-83","-83","13706","13706","13706","","","","","",""
"2418400","","","","","","","-200","-200","-200","7558","7558","7558"
"2418428","-90","-90","-90","13707","13707","13707","","","","","",""
"2418644","-87","-87","-87","13708","13708","13708","","","","","",""
"2418756","-114","-114","-114","13710","13710","13710","","","","","",""
"2418872","-111","-111","-111","13711","13711","13711","","","","","",""
"2419028","-167","-167","-167","13712","13712","13712","","","","","",""
"2419092","-112","-112","-112","13713","13713","13713","","","","","",""
"2419200","","","","","","","-200","-200","-200","7560","7560","7560"
"2419204","-112","-112","-112","13715","13715","13715","","","","","",""
"2419320","-112","-112","-112","13716","13716","13716","","","","","",""
"2419476","-112","-112","-112","13717","13717","13717","","","","","",""
"2419536","-111","-111","-111","13718","13718","13718","","","","","",""
"2419588","-96","-96","-96","13719","13719","13719","","","","","",""
"2419780","-115","-115","-115","13721","13721","13721","","","","","",""
"2419876","-85","-85","-85","13722","13722","13722","","","","","",""
"2419916","-110","-110","-110","13723","13723","13723","","","","","",""
"2420000","","","","","","","-200","-200","-200","7562","7562","7562"
"2420056","-117","-117","-117","13724","13724","13724","","","","","",""
"2420240","-115","-115","-115","13726","13726","13726","","","","","",""
"2420280","-91","-91","-91","13727","13727","13727","","","","","",""
"2420356","-120","-120","-120","13728","13728","13728","","","","","",""
"2420396","-85","-85","-85","13729","13729","13729","","","","","",""
"2420692","-113","-113","-113","13730","13730","13730","","","","","",""
"2420740","-115","-115","-115","13732","13732","13732","","","","","",""
"2420800","-111","-111","-111","13733","13733","13733","-200","-200","-200","7565","7565","7565"
"2420844","-112","-112","-112","13734","13734","13734","","","","","",""
"2421148","-114","-114","-114","13735","13735","13735","","","","","",""
"2421180","-84","-84","-84","13736","13736","13736","","","","","",""
"2421192","-113","-113","-113","13737","13737","13737","","","","","",""
"2421496","-174","-174","-174","13739","13739","13739","","","","","",""
"2421516","-84","-84","-84","13740","13740","13740","","","","","",""
"2421568","-105","-105","-105","13741","13741","13741","","","","","",""
"2421588","-99","-99","-99","13742","13742","13742","","","","","",""
"2421600","","","","","","","-200","-200","-200","7567","7567","7567"
"2421844","-87","-87","-87","13744","13744","13744","","","","","",""
"2421960","-111","-111","-111","13745","13745","13745","","","","","",""
"2422036","-117","-117","-117","13746","13746","13746","","","","","",""
"2422048","-115","-115","-115","13747","13747","13747","","","","","",""
"2422248","-101","-101","-101","13748","13748","13748","","","","","",""
"2422400","","","","","","","-200","-200","-200","7570","7570","7570"
"2422404","-111","-111","-111","13750","13750","13750","","","","","",""
"2422432","-99","-99","-99","13751","13751","13751","","","","","",""
"2422524","-119","-119","-119","13752","13752","13752","","","","","",""
"2422592","-86","-86","-86","13753","13753","13753","","","","","",""
"2422804","-100","-100","-100","13755","13755","13755","","","","","",""
"2422876","-111","-111","-111","13756","13756","13756","","","","","",""
"2423024","-125","-125","-125","13757","13757","13757","","","","","",""
"2423040","-112","-112","-112","13758","13758","13758","","","","","",""
"2423200","","","","","","","-200","-200","-200","7572","7572","7572"
"2423380","-89","-89","-89","13760","13760","13760","","","","","",""
"2423432","-157","-157","-157","13761","13761","13761","","","","","",""
"2423500","-115","-115","-115","13762","13762","13762","","","","","",""
"2423516","-160","-160","-160","13763","13763","13763","","","","","",""
"2423768","-97","-97","-97","13764","13764","13764","","","","","",""
"2423896","-95","-95","-95","13766","13766","13766","","","","","",""
"2424000","","","","","","","-200","-200","-200","7575","7575","7575"
"2424004","-143","-143","-143","13767","13767","13767","","","","","",""
"2424112","-86","-86","-86","13768","13768","13768","","","","","",""
"2424136","-159","-159","-159","13769","13769","13769","","","","","",""
"2424352","-87","-87","-87","13771","13771","13771","","","","","",""
"2424584","-118","-118","-118","13772","13772","13772","","","","","",""
"2424712","-90","-90","-90","13773","13773","13773","","","","","",""
"2424760","-156","-156","-156","13774","13774","13774","","","","","",""
"2424800","","","","","","","-200","-200","-200","7577","7577","7577"
"2424808","-114","-114","-114","13775","13775","13775","","","","","",""
"2424920","-84","-84","-84","13777","13777","13777","","","","","",""
"2425116","-89","-89","-89","13778","13778","13778","","","","","",""
"2425256","-112","-112","-112","13779","13779","13779","","","","","",""
"2425320","-152","-152","-152","13780","13780","13780","","","","","",""
"2425460","-86","-86","-86","13782","13782","13782","","","","","",""
"2425576","-164","-164","-164","13783","13783","13783","","","","","",""
"2425600","","","","","","","-200","-200","-200","7580","7580","7580"
"2425704","-112","-112","-112","13784","13784","13784","","","","","",""
"2425800","-85","-85","-85","13785","13785","13785","","","","","",""
"2425924","-151","-151","-151","13787","13787","13787","","","","","",""
"2426044","-117","-117","-117","13788","13788","13788","","","","","",""
"2426152","-112","-112","-112","13789","13789","13789","","","","","",""
"2426256","-114","-114","-114","13790","13790","13790","","","","","",""
"2426264","-85","-85","-85","13791","13791","13791","","","","","",""
"2426380","-84","-84","-84","13793","13793","13793","","","","","",""
"2426400","","","","","","","-200","-200","-200","7583","7583","7583"
"2426628","-119","-119","-119","13794","13794","13794","","","","","",""
"2426748","-121","-121","-121","13795","13795","13795","","","","","",""
"2426844","-116","-116","-116","13796","13796","13796","","","","","",""
"2426868","-153","-153","-153","13797","13797","13797","","","","","",""
"2427156","-102","-102","-102","13799","13799","13799","","","","","",""
"2427184","-85","-85","-85","13800","13800","13800","","","","","",""
"2427200","","","","","","","-200","-200","-200","7585","7585","7585"
"2427268","-160","-160","-160","13801","13801","13801","","","","","",""
"2427316","-112","-112","-112","13802","13802","13802","","","","","",""
"2427616","-115","-115","-115","13804","13804","13804","","","","","",""
"2427628","-111","-111","-111","13805","13805","13805","","","","","",""
"2427720","-113","-113","-113","13806","13806","13806","","","","","",""
"2427912","-149","-149","-149","13808","13808","13808","","","","","",""
"2428000","","","","","","","-200","-200","-200","7588","7588","7588"
"2428064","-112","-112","-112","13809","13809","13809","","","","","",""
"2428076","-112","-112","-112","13810","13810","13810","","","","","",""
"2428168","-112","-112","-112","13811","13811","13811","","","","","",""
"2428248","-84","-84","-84","13812","13812","13812","","","","","",""
"2428436","-93","-93","-93","13814","13814","13814","","","","","",""
"2428620","-113","-113","-113","13815","13815","13815","","","","","",""
"2428696","-112","-112","-112","13816","13816","13816","","","","","",""
"2428720","-161","-161","-161","13817","13817","13817","","","","","",""
"2428800","","","","","","","-200","-200","-200","7590","7590","7590"
"2428956","-84","-84","-84","13819","13819","13819","","","","","",""
"2429024","-147","-147","-147","13820","13820","13820","","","","","",""
"2429056","-90","-90","-90","13821","13821","13821","","","","","",""
"2429312","-148","-148","-148","13822","13822","13822","","","","","",""
"2429400","-111","-111","-111","13823","13823","13823","","","","","",""
"2429500","-119","-119","-119","13825","13825","13825","","","","","",""
"2429600","","","","","","","-200","-200","-200","7593","7593","7593"
"2429728","-104","-104","-104","13826","13826","13826","","","","","",""
"2429748","-173","-173","-173","13827","13827","13827","","","","","",""
"2429752","-88","-88","-88","13828","13828","13828","","","","","",""
"2429952","-113","-113","-113","13829","13829","13829","","","","","",""
"2430196","-117","-117","-117","13830","13830","13830","","","","","",""
"2430200","-113","-113","-113","13831","13831","13831","","","","","",""
"2430208","-114","-114","-114","13832","13832","13832","","","","","",""
"2430396","-111","-111","-111","13833","13833","13833","","","","","",""
"2430400","","","","","","","-200","-200","-200","7595","7595","7595"
"2430644","-112","-112","-112","13835","13835","13835","","","","","",""
"2430648","-112","-112","-112","13836","13836","13836","","","","","",""
"2430668","-115","-115","-115","13837","13837","13837","","","","","",""
"2430824","-107","-107","-107","13838","13838","13838","","","","","",""
"2431032","-91","-91","-91","13840","13840","13840","","","","","",""
"2431036","-97","-97","-97","13841","13841","13841","","","","","",""
"2431200","","","","","","","-200","-200","-200","7598","7598","7598"
"2431252","-152","-152","-152","13842","13842","13842","","","","","",""
"2431280","-114","-114","-114","13843","13843","13843","","","","","",""
"2431484","-113","-113","-113","13844","13844","13844","","","","","",""
"2431488","-113","-113","-113","13845","13845","13845","","","","","",""
"2431696","-111","-111","-111","13846","13846","13846","","","","","",""
"2431856","-92","-92","-92","13847","13847","13847","","","","","",""
"2431956","-169","-169","-169","13848","13848","13848","","","","","",""
"2432000","","","","","","","-200","-200","-200","7600","7600","7600"
"2432036","-85","-85","-85","13850","13850","13850","","","","","",""
"2432300","-111","-111","-111","13851","13851","13851","","","","","",""
"2432404","-112","-112","-112","13852","13852","13852","","","","","",""
"2432424","-117","-117","-117","13853","13853","13853","","","","","",""
"2432480","-111","-111","-111","13854","13854","13854","","","","","",""
"2432744","-111","-111","-111","13856","13856","13856","","","","","",""
"2432772","-92","-92","-92","13857","13857","13857","","","","","",""
"2432800","","","","","","","-200","-200","-200","7602","7602","7602"
"2432880","-114","-114","-114","13858","13858","13858","","","","","",""
"2432944","-116","-116","-116","13859","13859","13859","","","","","",""
"2433212","-117","-117","-117","13861","13861","13861","","","","","",""
"2433228","-114","-114","-114","13862","13862","13862","","","","","",""
"2433320","-94","-94","-94","13863","13863","13863","","","","","",""
"2433352","-118","-118","-118","13864","13864","13864","","","","","",""
"2433600","","","","","","","-200","-200","-200","7605","7605","7605"
"2433668","-114","-114","-114","13866","13866","13866","","","","","",""
"2433672","-111","-111","-111","13867","13867","13867","","","","","",""
"2433720","-92","-92","-92","13868","13868","13868","","","","","",""
"2433780","-115","-115","-115","13869","13869","13869","","","","","",""
"2434008","-85","-85","-85","13870","13870","13870","","","","","",""
"2434160","-110","-110","-110","13872","13872","13872","","","","","",""
"2434372","-175","-175","-175","13873","13873","13873","","","","","",""
"2434400","","","","","","","-200","-200","-200","7607","7607","7607"
"2434408","-157","-157","-157","13874","13874","13874","","","","","",""
"2434464","-114","-114","-114","13875","13875","13875","","","","","",""
"2434612","-113","-113","-113","13877","13877","13877","","","","","",""
"2434816","-111","-111","-111","13878","13878","13878","","","","","",""
"2434864","-114","-114","-114","13879","13879","13879","","","","","",""
"2434912","-112","-112","-112","13880","13880","13880","","","","","",""
"2435060","-112","-112","-112","13881","13881","13881","","","","","",""
"2435156","-85","-85","-85","13883","13883","13883","","","","","",""
"2435200","","","","","","","-200","-200","-200","7610","7610","7610"
"2435300","-109","-109","-109","13884","13884","13884","","","","","",""
"2435360","-112","-112","-112","13885","13885","13885","","","","","",""
"2435508","-112","-112","-112","13886","13886","13886","","","","","",""
"2435600","-111","-111","-111","13888","13888","13888","","","","","",""
"2435772","-118","-118","-118","13889","13889","13889","","","","","",""
"2435812","-113","-113","-113","13890","13890","13890","","","","","",""
"2435856","-87","-87","-87","13891","13891","13891","","","","","",""
"2435952","-88","-88","-88","13892","13892","13892","","","","","",""
"2436000","","","","","","","-200","-200","-200","7612","7612","7612"
"2436220","-112","-112","-112","13894","13894","13894","","","","","",""
"2436260","-112","-112","-112","13895","13895","13895","","","","","",""
"2436276","-105","-105","-105","13896","13896","13896","","","","","",""
"2436416","-116","-116","-116","13897","13897","13897","","","","","",""
"2436616","-85","-85","-85","13899","13899","13899","","","","","",""
"2436800","","","","","","","-200","-200","-200","7615","7615","7615"
"2436876","-115","-115","-115","13900","13900","13900","","","","","",""
"2436944","-181","-181","-181","13901","13901","13901","","","","","",""
"2436972","-178","-178","-178","13902","13902","13902","","","","","",""
"2436976","-90","-90","-90","13903","13903","13903","","","","","",""
"2437352","-95","-95","-95","13905","13905","13905","","","","","",""
"2437368","-123","-123","-123","13906","13906","13906","","","","","",""
"2437424","-112","-112","-112","13907","13907","13907","","","","","",""
"2437548","-151","-151","-151","13908","13908","13908","","","","","",""
"2437600","","","","","","","-200","-200","-200","7617","7617","7617"
"2437696","-86","-86","-86","13910","13910","13910","","","","","",""
"2437812","-111","-111","-111","13911","13911","13911","","","","","",""
"2437872","-112","-112","-112","13912","13912","13912","","","","","",""
"2438160","-116","-116","-116","13914","13914","13914","","","","","",""
"2438236","-172","-172","-172","13915","13915","13915","","","","","",""
"2438256","-96","-96","-96","13916","13916","13916","","","","","",""
"2438272","-115","-115","-115","13917","13917","13917","","","","","",""
"2438400","","","","","","","-200","-200","-200","7620","7620","7620"
"2438572","-84","-84","-84","13918","13918","13918","","","","","",""
"2438628","-117","-117","-117","13919","13919","13919","","","","","",""
"2438724","-113","-113","-113","13921","13921","13921","","","","","",""
"2438844","-147","-147","-147","13922","13922","13922","","","","","",""
"2438984","-89","-89","-89","13923","13923","13923","","","","","",""
"2439200","","","","","","","-200","-200","-200","7623","7623","7623"
"2439224","-163","-163","-163","13925","13925","13925","","","","","",""
"2439296","-113","-113","-113","13926","13926","13926","","","","","",""
"2439340","-89","-89","-89","13927","13927","13927","","","","","",""
"2439364","-160","-160","-160","13928","13928","13928","","","","","",""
"2439680","-114","-114","-114","13929","13929","13929","","","","","",""
"2439688","-87","-87","-87","13930","13930","13930","","","","","",""
"2439764","-117","-117","-117","13931","13931","13931","","","","","",""
"2439992","-157","-157","-157","13932","13932","13932","","","","","",""
"2440000","","","","","","","-200","-200","-200","7625","7625","7625"
"2440140","-113","-113","-113","13933","13933","13933","","","","","",""
"2440216","-113","-113","-113","13935","13935","13935","","","","","",""
"2440340","-87","-87","-87","13936","13936","13936","","","","","",""
"2440484","-86","-86","-86","13937","13937","13937","","","","","",""
"2440560","-86","-86","-86","13938","13938","13938","","","","","",""
"2440800","-115","-115","-115","13940","13940","13940","-200","-200","-200","7628","7628","7628"
"2440820","-170","-170","-170","13941","13941","13941","","","","","",""
"2440952","-117","-117","-117","13942","13942","13942","","","","","",""
"2441016","-114","-114","-114","13943","13943","13943","","","","","",""
"2441160","-90","-90","-90","13944","13944","13944","","","","","",""
"2441212","-98","-98","-98","13945","13945","13945","","","","","",""
"2441408","-114","-114","-114","13947","13947","13947","","","","","",""
"2441460","-111","-111","-111","13948","13948","13948","","","","","",""
"2441600","","","","","","","-200","-200","-200","7630","7630","7630"
"2441604","-111","-111","-111","13949","13949","13949","","","","","",""
"2441676","-116","-116","-116","13950","13950","13950","","","","","",""
"2441760","-88","-88","-88","13952","13952","13952","","","","","",""
"2441920","-115","-115","-115","13953","13953","13953","","","","","",""
"2442064","-115","-115","-115","13954","13954","13954","","","","","",""
"2442140","-116","-116","-116","13955","13955","13955","","","","","",""
"2442380","-115","-115","-115","13957","13957","13957","","","","","",""
"2442400","","","","","","","-200","-200","-200","7633","7633","7633"
"2442512","-112","-112","-112","13958","13958","13958","","","","","",""
"2442588","-112","-112","-112","13959","13959","13959","","","","","",""
"2442736","-89","-89","-89","13960","13960","13960","","","","","",""
"2442764","-96","-96","-96","13962","13962","13962","","","","","",""
"2442952","-110","-110","-110","13963","13963","13963","","","","","",""
"2443044","-114","-114","-114","13964","13964","13964","","","","","",""
"2443088","-88","-88","-88","13965","13965","13965","","","","","",""
"2443104","-85","-85","-85","13966","13966","13966","","","","","",""
"2443200","","","","","","","-200","-200","-200","7635","7635","7635"
"2443468","-91","-91","-91","13968","13968","13968","","","","","",""
"2443548","-115","-115","-115","13969","13969","13969","","","","","",""
"2443608","-164","-164","-164","13970","13970","13970","","","","","",""
"2443696","-163","-163","-163","13971","13971","13971","","","","","",""
"2443916","-112","-112","-112","13973","13973","13973","","","","","",""
"2444000","","","","","","","-200","-200","-200","7638","7638","7638"
"2444004","-114","-114","-114","13974","13974","13974","","","","","",""
"2444052","-111","-111","-111","13975","13975","13975","","","","","",""
"2444064","-92","-92","-92","13976","13976","13976","","","","","",""
"2444368","-113","-113","-113","13978","13978","13978","","","","","",""
"2444384","-83","-83","-83","13979","13979","13979","","","","","",""
"2444448","-111","-111","-111","13980","13980","13980","","","","","",""
"2444520","-114","-114","-114","13981","13981","13981","","","","","",""
"2444740","-89","-89","-89","13982","13982","13982","","","","","",""
"2444776","-102","-102","-102","13983","13983","13983","","","","","",""
"2444800","","","","","","","-200","-200","-200","7640","7640","7640"
"2444888","-110","-110","-110","13985","13985","13985","","","","","",""
"2444980","-115","-115","-115","13986","13986","13986","","","","","",""
"2445192","-113","-113","-113","13987","13987","13987","","","","","",""
"2445224","-112","-112","-112","13988","13988","13988","","","","","",""
"2445244","-89","-89","-89","13989","13989","13989","","","","","",""
"2445324","-86","-86","-86","13991","13991","13991","","","","","",""
"2445600","-102","-102","-102","13992","13992","13992","-200","-200","-200","7642","7642","7642"
"2445668","-111","-111","-111","13993","13993","13993","","","","","",""
"2445680","-109","-109","-109","13994","13994","13994","","","","","",""
"2445776","-113","-113","-113","13995","13995","13995","","","","","",""
"2445948","-87","-87","-87","13997","13997","13997","","","","","",""
"2446028","-90","-90","-90","13998","13998","13998","","","","","",""
"2446264","-122","-122","-122","13999","13999","13999","","","","","",""
"2446280","-150","-150","-150","14000","14000","14000","","","","","",""
"2446348","-100","-100","-100","14002","14002","14002","","","","","",""
"2446392","-91","-91","-91","14003","14003","14003","","","","","",""
"2446400","","","","","","","-200","-200","-200","7645","7645","7645"
"2446684","-84","-84","-84","14004","14004","14004","","","","","",""
"2446732","-85","-85","-85","14005","14005","14005","","","","","",""
"2446748","-117","-117","-117","14006","14006","14006","","","","","",""
"2446960","-174","-174","-174","14008","14008","14008","","","","","",""
"2447128","-111","-111","-111","14009","14009","14009","","","","","",""
"2447184","-113","-113","-113","14010","14010","14010","","","","","",""
"2447200","","","","","","","-200","-200","-200","7647","7647","7647"
"2447368","-155","-155","-155","14012","14012","14012","","","","","",""
"2447400","-110","-110","-110","14013","14013","14013","","","","","",""
"2447624","-110","-110","-110","14014","14014","14014","","","","","",""
"2447752","-156","-156","-156","14015","14015","14015","","","","","",""
"2447836","-117","-117","-117","14016","14016","14016","","","","","",""
"2447852","-113","-113","-113","14017","14017","14017","","","","","",""
"2447956","-83","-83","-83","14019","14019","14019","","","","","",""
"2448000","","","","","","","-200","-200","-200","7650","7650","7650"
"2448204","-113","-113","-113","14020","14020","14020","","","","","",""
"2448216","-91","-91","-91","14021","14021","14021","","","","","",""
"2448276","-110","-110","-110","14022","14022","14022","","","","","",""
"2448336","-95","-95","-95","14023","14023","14023","","","","","",""
"2448552","-84","-84","-84","14025","14025","14025","","","","","",""
"2448696","-123","-123","-123","14026","14026","14026","","","","","",""
"2448780","-111","-111","-111","14027","14027","14027","","","","","",""
"2448800","","","","","","","-200","-200","-200","7652","7652","7652"
"2448924","-93","-93","-93","14029","14029","14029","","","","","",""
"2449140","-111","-111","-111","14030","14030","14030","","","","","",""
"2449184","-101","-101","-101","14031","14031","14031","","","","","",""
"2449376","-113","-113","-113","14032","14032","14032","","","","","",""
"2449544","-155","-155","-155","14034","14034","14034","","","","","",""
"2449548","-102","-102","-102","14035","14035","14035","","","","","",""
"2449580","-99","-99","-99","14036","14036","14036","","","","","",""
"2449600","","","","","","","-200","-200","-200","7655","7655","7655"
"2449712","-84","-84","-84","14037","14037","14037","","","","","",""
"2449976","-99","-99","-99","14039","14039","14039","","","","","",""
"2449988","-111","-111","-111","14040","14040","14040","","","","","",""
"2449992","-111","-111","-111","14041","14041","14041","","","","","",""
"2450324","-87","-87","-87","14042","14042","14042","","","","","",""
"2450360","-162","-162","-162","14043","14043","14043","","","","","",""
"2450400","-102","-102","-102","14044","14044","14044","-200","-200","-200","7657","7657","7657"
"2450464","-119","-119","-119","14046","14046","14046","","","","","",""
"2450692","-92","-92","-92","14047","14047","14047","","","","","",""
"2450704","-86","-86","-86","14048","14048","14048","","","","","",""
"2450812","-87","-87","-87","14049","14049","14049","","","","","",""
"2450848","-112","-112","-112","14050","14050","14050","","","","","",""
"2451040","-84","-84","-84","14052","14052","14052","","","","","",""
"2451200","","","","","","","-200","-200","-200","7660","7660","7660"
"2451292","-111","-111","-111","14053","14053","14053","","","","","",""
"2451336","-161","-161","-161","14054","14054","14054","","","","","",""
"2451488","-169","-169","-169","14056","14056","14056","","","","","",""
"2451636","-149","-149","-149","14057","14057","14057","","","","","",""
"2451736","-111","-111","-111","14058","14058","14058","","","","","",""
"2451804","-117","-117","-117","14059","14059","14059","","","","","",""
"2451932","-111","-111","-111","14060","14060","14060","","","","","",""
"2452000","","","","","","","-200","-200","-200","7663","7663","7663"
"2452228","-123","-123","-123","14062","14062","14062","","","","","",""
"2452256","-155","-155","-155","14063","14063","14063","","","","","",""
"2452388","-114","-114","-114","14064","14064","14064","","","","","",""
"2452580","-88","-88","-88","14066","14066","14066","","","","","",""
"2452600","-86","-86","-86","14067","14067","14067","","","","","",""
"2452800","","","","","","","-200","-200","-200","7665","7665","7665"
"2452872","-154","-154","-154","14068","14068","14068","","","","","",""
"2452976","-147","-147","-147","14069","14069","14069","","","","","",""
"2453056","-119","-119","-119","14071","14071","14071","","","","","",""
"2453060","-115","-115","-115","14072","14072","14072","","","","","",""
"2453240","-92","-92","-92","14073","14073","14073","","","","","",""
"2453328","-88","-88","-88","14074","14074","14074","","","","","",""
"2453452","-99","-99","-99","14075","14075","14075","","","","","",""
"2453532","-118","-118","-118","14077","14077","14077","","","","","",""
"2453588","-87","-87","-87","14078","14078","14078","","","","","",""
"2453600","","","","","","","-200","-200","-200","7668","7668","7668"
"2453668","-85","-85","-85","14079","14079","14079","","","","","",""
"2453896","-111","-111","-111","14080","14080","14080","","","","","",""
"2453928","-99","-99","-99","14081","14081","14081","","","","","",""
"2454056","-117","-117","-117","14083","14083","14083","","","","","",""
"2454116","-112","-112","-112","14084","14084","14084","","","","","",""
"2454256","-90","-90","-90","14085","14085","14085","","","","","",""
"2454344","-104","-104","-104","14086","14086","14086","","","","","",""
"2454400","","","","","","","-200","-200","-200","7670","7670","7670"
"2454532","-119","-119","-119","14088","14088","14088","","","","","",""
"2454536","-105","-105","-105","14089","14089","14089","","","","","",""
"2454660","-101","-101","-101","14090","14090","14090","","","","","",""
"2454972","-110","-110","-110","14091","14091","14091","","","","","",""
"2455012","-167","-167","-167","14092","14092","14092","","","","","",""
"2455104","-111","-111","-111","14094","14094","14094","","","","","",""
"2455200","","","","","","","-200","-200","-200","7673","7673","7673"
"2455212","-169","-169","-169","14095","14095","14095","","","","","",""
"2455324","-88","-88","-88","14096","14096","14096","","","","","",""
"2455364","-88","-88","-88","14097","14097","14097","","","","","",""
"2455548","-111","-111","-111","14098","14098","14098","","","","","",""
"2455676","-116","-116","-116","14100","14100","14100","","","","","",""
"2455960","-159","-159","-159","14101","14101","14101","","","","","",""
"2456000","","","","","","","-200","-200","-200","7675","7675","7675"
"2456024","-165","-165","-165","14102","14102","14102","","","","","",""
"2456048","-125","-125","-125","14103","14103","14103","","","","","",""
"2456120","-111","-111","-111","14105","14105","14105","","","","","",""
"2456404","-89","-89","-89","14106","14106","14106","","","","","",""
"2456508","-121","-121","-121","14107","14107","14107","","","","","",""
"2456588","-117","-117","-117","14109","14109","14109","","","","","",""
"2456628","-167","-167","-167","14110","14110","14110","","","","","",""
"2456800","","","","","","","-200","-200","-200","7678","7678","7678"
"2456864","-115","-115","-115","14111","14111","14111","","","","","",""
"2456984","-119","-119","-119","14112","14112","14112","","","","","",""
"2457052","-116","-116","-116","14113","14113","14113","","","","","",""
"2457088","-115","-115","-115","14114","14114","14114","","","","","",""
"2457304","-110","-110","-110","14115","14115","14115","","","","","",""
"2457428","-111","-111","-111","14116","14116","14116","","","","","",""
"2457512","-115","-115","-115","14117","14117","14117","","","","","",""
"2457544","-114","-114","-114","14118","14118","14118","","","","","",""
"2457600","","","","","","","-200","-200","-200","7680","7680","7680"
"2457760","-114","-114","-114","14120","14120","14120","","","","","",""
"2457892","-116","-116","-116","14121","14121","14121","","","","","",""
"2457944","-100","-100","-100","14122","14122","14122","","","","","",""
"2458112","-150","-150","-150","14123","14123","14123","","","","","",""
"2458220","-115","-115","-115","14124","14124","14124","","","","","",""
"2458344","-113","-113","-113","14125","14125","14125","","","","","",""
"2458384","-110","-110","-110","14126","14126","14126","","","","","",""
"2458400","","","","","","","-200","-200","-200","7682","7682","7682"
"2458556","-111","-111","-111","14127","14127","14127","","","","","",""
"2458664","-111","-111","-111","14129","14129","14129","","","","","",""
"2458724","-85","-85","-85","14130","14130","14130","","","","","",""
"2458796","-113","-113","-113","14131","14131","14131","","","","","",""
"2459000","-111","-111","-111","14132","14132","14132","","","","","",""
"2459112","-112","-112","-112","14133","14133","14133","","","","","",""
"2459172","-112","-112","-112","14135","14135","14135","","","","","",""
"2459176","-95","-95","-95","14136","14136","14136","","","","","",""
"2459200","","","","","","","-200","-200","-200","7685","7685","7685"
"2459336","-84","-84","-84","14137","14137","14137","","","","","",""
"2459580","-117","-117","-117","14138","14138","14138","","","","","",""
"2459608","-109","-109","-109","14139","14139","14139","","","","","",""
"2459620","-111","-111","-111","14140","14140","14140","","","","","",""
"2459968","-158","-158","-158","14142","14142","14142","","","","","",""
"2460000","","","","","","","-200","-200","-200","7687","7687","7687"
"2460016","-99","-99","-99","14143","14143","14143","","","","","",""
"2460024","-111","-111","-111","14144","14144","14144","","","","","",""
"2460072","-116","-116","-116","14145","14145","14145","","","","","",""
"2460304","-84","-84","-84","14147","14147","14147","","","","","",""
"2460364","-87","-87","-87","14148","14148","14148","","","","","",""
"2460384","-90","-90","-90","14149","14149","14149","","","","","",""
"2460492","-105","-105","-105","14150","14150","14150","","","","","",""
"2460752","-112","-112","-112","14152","14152","14152","","","","","",""
"2460800","","","","","","","-200","-200","-200","7690","7690","7690"
"2460812","-112","-112","-112","14153","14153","14153","","","","","",""
"2460860","-119","-119","-119","14154","14154","14154","","","","","",""
"2460976","-121","-121","-121","14155","14155","14155","","","","","",""
"2461152","-85","-85","-85","14156","14156","14156","","","","","",""
"2461204","-86","-86","-86","14158","14158","14158","","","","","",""
"2461208","-114","-114","-114","14159","14159","14159","","","","","",""
"2461340","-91","-91","-91","14160","14160","14160","","","","","",""
"2461600","","","","","","","-200","-200","-200","7692","7692","7692"
"2461616","-102","-102","-102","14161","14161","14161","","","","","",""
"2461676","-118","-118","-118","14162","14162","14162","","","","","",""
"2461764","-153","-153","-153","14164","14164","14164","","","","","",""
"2461920","-145","-145","-145","14165","14165","14165","","","","","",""
"2462096","-120","-120","-120","14166","14166","14166","","","","","",""
"2462136","-115","-115","-115","14167","14167","14167","","","","","",""
"2462224","-115","-115","-115","14169","14169","14169","","","","","",""
"2462272","-88","-88","-88","14170","14170","14170","","","","","",""
"2462400","","","","","","","-200","-200","-200","7695","7695","7695"
"2462520","-96","-96","-96","14171","14171","14171","","","","","",""
"2462680","-114","-114","-114","14172","14172","14172","","","","","",""
"2462720","-112","-112","-112","14173","14173","14173","","","","","",""
"2462748","-163","-163","-163","14174","14174","14174","","","","","",""
"2463000","-120","-120","-120","14175","14175","14175","","","","","",""
"2463092","-86","-86","-86","14176","14176","14176","","","","","",""
"2463128","-112","-112","-112","14177","14177","14177","","","","","",""
"2463176","-114","-114","-114","14178","14178","14178","","","","","",""
"2463200","","","","","","","-200","-200","-200","7697","7697","7697"
"2463428","-84","-84","-84","14180","14180","14180","","","","","",""
"2463472","-118","-118","-118","14181","14181","14181","","","","","",""
"2463588","-115","-115","-115","14182","14182","14182","","","","","",""
"2463784","-152","-152","-152","14184","14184","14184","","","","","",""
"2463804","-94","-94","-94","14185","14185","14185","","","","","",""
"2463928","-114","-114","-114","14186","14186","14186","","","","","",""
"2464000","","","","","","","-200","-200","-200","7700","7700","7700"
"2464040","-113","-113","-113","14187","14187","14187","","","","","",""
"2464232","-112","-112","-112","14188","14188","14188","","","","","",""
"2464268","-116","-116","-116","14190","14190","14190","","","","","",""
"2464376","-112","-112","-112","14191","14191","14191","","","","","",""
"2464484","-111","-111","-111","14192","14192","14192","","","","","",""
"2464728","-88","-88","-88","14193","14193","14193","","","","","",""
"2464800","","","","","","","-200","-200","-200","7703","7703","7703"
"2464848","-154","-154","-154","14195","14195","14195","","","","","",""
"2464896","-157","-157","-157","14196","14196","14196","","","","","",""
"2465072","-147","-147","-147","14197","14197","14197","","","","","",""
"2465340","-153","-153","-153","14199","14199","14199","","","","","",""
"2465364","-117","-117","-117","14200","14200","14200","","","","","",""
"2465496","-162","-162","-162","14201","14201","14201","","","","","",""
"2465536","-116","-116","-116","14202","14202","14202","","","","","",""
"2465600","","","","","","","-200","-200","-200","7705","7705","7705"
"2465680","-85","-85","-85","14203","14203","14203","","","","","",""
"2465716","-88","-88","-88","14204","14204","14204","","","","","",""
"2465892","-99","-99","-99","14206","14206","14206","","","","","",""
"2465904","-92","-92","-92","14207","14207","14207","","","","","",""
"2466056","-85","-85","-85","14208","14208","14208","","","","","",""
"2466136","-114","-114","-114","14209","14209","14209","","","","","",""
"2466368","-119","-119","-119","14211","14211","14211","","","","","",""
"2466372","-117","-117","-117","14212","14212","14212","","","","","",""
"2466400","","","","","","","-200","-200","-200","7708","7708","7708"
"2466536","-120","-120","-120","14213","14213","14213","","","","","",""
"2466560","-106","-106","-106","14214","14214","14214","","","","","",""
"2466752","-95","-95","-95","14215","14215","14215","","","","","",""
"2466824","-114","-114","-114","14217","14217","14217","","","","","",""
"2466920","-96","-96","-96","14218","14218","14218","","","","","",""
"2466968","-102","-102","-102","14219","14219","14219","","","","","",""
"2467176","-88","-88","-88","14220","14220","14220","","","","","",""
"2467196","-111","-111","-111","14221","14221","14221","","","","","",""
"2467200","","","","","","","-200","-200","-200","7710","7710","7710"
"2467344","-94","-94","-94","14223","14223","14223","","","","","",""
"2467592","-168","-168","-168","14224","14224","14224","","","","","",""
"2467632","-114","-114","-114","14225","14225","14225","","","","","",""
"2467664","-117","-117","-117","14226","14226","14226","","","","","",""
"2467796","-113","-113","-113","14227","14227","14227","","","","","",""
"2467952","-90","-90","-90","14229","14229","14229","","","","","",""
"2468000","","","","","","","-200","-200","-200","7713","7713","7713"
"2468012","-95","-95","-95","14230","14230","14230","","","","","",""
"2468160","-91","-91","-91","14231","14231","14231","","","","","",""
"2468300","-159","-159","-159","14232","14232","14232","","","","","",""
"2468408","-114","-114","-114","14234","14234","14234","","","","","",""
"2468464","-113","-113","-113","14235","14235","14235","","","","","",""
"2468604","-111","-111","-111","14236","14236","14236","","","","","",""
"2468760","-88","-88","-88","14237","14237","14237","","","","","",""
"2468764","-116","-116","-116","14238","14238","14238","","","","","",""
"2468800","","","","","","","-200","-200","-200","7715","7715","7715"
"2468844","-95","-95","-95","14239","14239","14239","","","","","",""
"2468936","-83","-83","-83","14241","14241","14241","","","","","",""
"2469184","-85","-85","-85","14242","14242","14242","","","","","",""
"2469208","-111","-111","-111","14243","14243","14243","","","","","",""
"2469248","-122","-122","-122","14244","14244","14244","","","","","",""
"2469384","-112","-112","-112","14246","14246","14246","","","","","",""
"2469556","-87","-87","-87","14247","14247","14247","","","","","",""
"2469596","-87","-87","-87","14248","14248","14248","","","","","",""
"2469600","","","","","","","-200","-200","-200","7718","7718","7718"
"2469628","-111","-111","-111","14249","14249","14249","","","","","",""
"2469848","-116","-116","-116","14250","14250","14250","","","","","",""
"2469976","-87","-87","-87","14252","14252","14252","","","","","",""
"2470008","-113","-113","-113","14253","14253","14253","","","","","",""
"2470064","-117","-117","-117","14254","14254","14254","","","","","",""
"2470184","-84","-84","-84","14255","14255","14255","","","","","",""
"2470368","-90","-90","-90","14256","14256","14256","","","","","",""
"2470400","","","","","","","-200","-200","-200","7720","7720","7720"
"2470520","-114","-114","-114","14258","14258","14258","","","","","",""
"2470616","-160","-160","-160","14259","14259","14259","","","","","",""
"2470664","-120","-120","-120","14260","14260","14260","","","","","",""
"2470788","-105","-105","-105","14261","14261","14261","","","","","",""
"2470968","-112","-112","-112","14263","14263","14263","","","","","",""
"2471056","-110","-110","-110","14264","14264","14264","","","","","",""
"2471200","","","","","","","-200","-200","-200","7722","7722","7722"
"2471240","-113","-113","-113","14265","14265","14265","","","","","",""
"2471288","-156","-156","-156","14266","14266","14266","","","","","",""
"2471440","-118","-118","-118","14268","14268","14268","","","","","",""
"2471500","-111","-111","-111","14269","14269","14269","","","","","",""
"2471696","-114","-114","-114","14270","14270","14270","","","","","",""
"2471748","-115","-115","-115","14271","14271","14271","","","","","",""
"2471900","-115","-115","-115","14272","14272","14272","","","","","",""
"2471904","-101","-101","-101","14273","14273","14273","","","","","",""
"2472000","","","","","","","-200","-200","-200","7725","7725","7725"
"2472140","-111","-111","-111","14275","14275","14275","","","","","",""
"2472348","-112","-112","-112","14276","14276","14276","","","","","",""
"2472360","-114","-114","-114","14277","14277","14277","","","","","",""
"2472416","-167","-167","-167","14278","14278","14278","","","","","",""
"2472508","-92","-92","-92","14280","14280","14280","","","","","",""
"2472800","","","","","","","-200","-200","-200","7727","7727","7727"
"2472812","-113","-113","-113","14281","14281","14281","","","","","",""
"2472820","-118","-118","-118","14282","14282","14282","","","","","",""
"2472952","-111","-111","-111","14283","14283","14283","","","","","",""
"2473072","-164","-164","-164","14285","14285","14285","","","","","",""
"2473268","-112","-112","-112","14286","14286","14286","","","","","",""
"2473288","-119","-119","-119","14287","14287","14287","","","","","",""
"2473308","-89","-89","-89","14288","14288","14288","","","","","",""
"2473532","-115","-115","-115","14290","14290","14290","","","","","",""
"2473600","","","","","","","-200","-200","-200","7730","7730","7730"
"2473708","-110","-110","-110","14291","14291","14291","","","","","",""
"2473752","-116","-116","-116","14292","14292","14292","","","","","",""
"2473928","-155","-155","-155","14293","14293","14293","","","","","",""
"2473976","-111","-111","-111","14294","14294","14294","","","","","",""
"2474196","-111","-111","-111","14296","14296","14296","","","","","",""
"2474400","-118","-118","-118","14297","14297","14297","-200","-200","-200","7732","7732","7732"
"2474424","-112","-112","-112","14298","14298","14298","","","","","",""
"2474652","-114","-114","-114","14300","14300","14300","","","","","",""
"2474668","-118","-118","-118","14301","14301","14301","","","","","",""
"2474776","-88","-88","-88","14302","14302","14302","","","","","",""
"2474860","-115","-115","-115","14303","14303","14303","","","","","",""
"2475000","-83","-83","-83","14304","14304","14304","","","","","",""
"2475104","-113","-113","-113","14306","14306","14306","","","","","",""
"2475200","","","","","","","-200","-200","-200","7735","7735","7735"
"2475332","-83","-83","-83","14307","14307","14307","","","","","",""
"2475360","-125","-125","-125","14308","14308","14308","","","","","",""
"2475396","-155","-155","-155","14309","14309","14309","","","","","",""
"2475516","-103","-103","-103","14310","14310","14310","","","","","",""
"2475736","-85","-85","-85","14312","14312","14312","","","","","",""
"2475796","-116","-116","-116","14313","14313","14313","","","","","",""
"2475824","-116","-116","-116","14314","14314","14314","","","","","",""
"2475956","-110","-110","-110","14315","14315","14315","","","","","",""
"2476000","","","","","","","-200","-200","-200","7737","7737","7737"
"2476132","-84","-84","-84","14317","14317","14317","","","","","",""
"2476184","-112","-112","-112","14318","14318","14318","","","","","",""
"2476268","-111","-111","-111","14319","14319","14319","","","","","",""
"2476400","-111","-111","-111","14320","14320","14320","","","","","",""
"2476592","-115","-115","-115","14322","14322","14322","","","","","",""
"2476636","-113","-113","-113","14323","14323","14323","","","","","",""
"2476724","-114","-114","-114","14324","14324","14324","","","","","",""
"2476800","","","","","","","-200","-200","-200","7740","7740","7740"
"2476872","-118","-118","-118","14325","14325","14325","","","","","",""
"2476980","-86","-86","-86","14326","14326","14326","","","","","",""
"2477052","-115","-115","-115","14327","14327","14327","","","","","",""
"2477072","-87","-87","-87","14329","14329","14329","","","","","",""
"2477336","-116","-116","-116","14330","14330","14330","","","","","",""
"2477424","-111","-111","-111","14331","14331","14331","","","","","",""
"2477484","-108","-108","-108","14332","14332","14332","","","","","",""
"2477600","","","","","","","-200","-200","-200","7743","7743","7743"
"2477720","-162","-162","-162","14334","14334","14334","","","","","",""
"2477808","-118","-118","-118","14335","14335","14335","","","","","",""
"2477828","-86","-86","-86","14336","14336","14336","","","","","",""
"2477884","-115","-115","-115","14337","14337","14337","","","","","",""
"2478052","-83","-83","-83","14338","14338","14338","","","","","",""
"2478292","-116","-116","-116","14340","14340","14340","","","","","",""
"2478324","-110","-110","-110","14341","14341","14341","","","","","",""
"2478400","","","","","","","-200","-200","-200","7745","7745","7745"
"2478440","-158","-158","-158","14342","14342","14342","","","","","",""
"2478496","-111","-111","-111","14343","14343","14343","","","","","",""
"2478636","-86","-86","-86","14345","14345","14345","","","","","",""
"2478784","-115","-115","-115","14346","14346","14346","","","","","",""
"2478832","-84","-84","-84","14347","14347","14347","","","","","",""
"2478904","-116","-116","-116","14348","14348","14348","","","","","",""
"2478996","-90","-90","-90","14349","14349","14349","","","","","",""
"2479172","-97","-97","-97","14351","14351","14351","","","","","",""
"2479200","","","","","","","-200","-200","-200","7748","7748","7748"
"2479252","-87","-87","-87","14352","14352","14352","","","","","",""
"2479344","-87","-87","-87","14353","14353","14353","","","","","",""
"2479516","-171","-171","-171","14354","14354","14354","","","","","",""
"2479624","-113","-113","-113","14356","14356","14356","","","","","",""
"2479716","-116","-116","-116","14357","14357","14357","","","","","",""
"2479980","-116","-116","-116","14358","14358","14358","","","","","",""
"2480000","","","","","","","-200","-200","-200","7750","7750","7750"
"2480056","-178","-178","-178","14359","14359","14359","","","","","",""
"2480072","-112","-112","-112","14360","14360","14360","","","","","",""
"2480156","-110","-110","-110","14362","14362","14362","","","","","",""
"2480332","-88","-88","-88","14363","14363","14363","","","","","",""
"2480404","-87","-87","-87","14364","14364","14364","","","","","",""
"2480540","-117","-117","-117","14365","14365","14365","","","","","",""
"2480616","-115","-115","-115","14366","14366","14366","","","","","",""
"2480764","-90","-90","-90","14368","14368","14368","","","","","",""
"2480772","-110","-110","-110","14369","14369","14369","","","","","",""
"2480800","","","","","","","-200","-200","-200","7753","7753","7753"
"2480936","-99","-99","-99","14370","14370","14370","","","","","",""
"2481072","-114","-114","-114","14371","14371","14371","","","","","",""
"2481124","-90","-90","-90","14372","14372","14372","","","","","",""
"2481220","-112","-112","-112","14374","14374","14374","","","","","",""
"2481372","-109","-109","-109","14375","14375","14375","","","","","",""
"2481516","-111","-111","-111","14376","14376","14376","","","","","",""
"2481528","-101","-101","-101","14377","14377","14377","","","","","",""
"2481600","","","","","","","-200","-200","-200","7755","7755","7755"
"2481816","-111","-111","-111","14379","14379","14379","","","","","",""
"2481836","-154","-154","-154","14380","14380","14380","","","","","",""
"2481972","-114","-114","-114","14381","14381","14381","","","","","",""
"2481980","-113","-113","-113","14382","14382","14382","","","","","",""
"2482168","-88","-88","-88","14383","14383","14383","","","","","",""
"2482292","-114","-114","-114","14385","14385","14385","","","","","",""
"2482308","-84","-84","-84","14386","14386","14386","","","","","",""
"2482400","","","","","","","-200","-200","-200","7758","7758","7758"
"2482428","-112","-112","-112","14387","14387","14387","","","","","",""
"2482632","-116","-116","-116","14388","14388","14388","","","","","",""
"2482732","-110","-110","-110","14390","14390","14390","","","","","",""
"2482772","-116","-116","-116","14391","14391","14391","","","","","",""
"2482880","-113","-113","-113","14392","14392","14392","","","","","",""
"2483140","-92","-92","-92","14393","14393","14393","","","","","",""
"2483192","-115","-115","-115","14394","14394","14394","","","","","",""
"2483200","","","","","","","-200","-200","-200","7760","7760","7760"
"2483272","-160","-160","-160","14396","14396","14396","","","","","",""
"2483328","-112","-112","-112","14397","14397","14397","","","","","",""
"2483496","-89","-89","-89","14398","14398","14398","","","","","",""
"2483640","-112","-112","-112","14399","14399","14399","","","","","",""
"2483652","-95","-95","-95","14400","14400","14400","","","","","",""
"2483668","-85","-85","-85","14401","14401","14401","","","","","",""
"2484000","","","","","","","-200","-200","-200","7762","7762","7762"
"2484056","-104","-104","-104","14403","14403","14403","","","","","",""
"2484100","-112","-112","-112","14404","14404","14404","","","","","",""
"2484108","-110","-110","-110","14405","14405","14405","","","","","",""
"2484448","-85","-85","-85","14407","14407","14407","","","","","",""
"2484500","-111","-111","-111","14408","14408","14408","","","","","",""
"2484548","-112","-112","-112","14409","14409","14409","","","","","",""
"2484564","-114","-114","-114","14410","14410","14410","","","","","",""
"2484800","","","","","","","-200","-200","-200","7765","7765","7765"
"2484804","-89","-89","-89","14412","14412","14412","","","","","",""
"2484896","-87","-87","-87","14413","14413","14413","","","","","",""
"2484964","-116","-116","-116","14414","14414","14414","","","","","",""
"2485004","-110","-110","-110","14415","14415","14415","","","","","",""
"2485260","-114","-114","-114","14417","14417","14417","","","","","",""
"2485312","-87","-87","-87","14418","14418","14418","","","","","",""
"2485360","-116","-116","-116","14419","14419","14419","","","","","",""
"2485468","-116","-116","-116","14420","14420","14420","","","","","",""
"2485600","","","","","","","-200","-200","-200","7767","7767","7767"
"2485712","-88","-88","-88","14421","14421","14421","","","","","",""
"2485716","-114","-114","-114","14422","14422","14422","","","","","",""
"2485924","-114","-114","-114","14424","14424","14424","","","","","",""
"2486000","-172","-172","-172","14425","14425","14425","","","","","",""
"2486056","-86","-86","-86","14426","14426","14426","","","","","",""
"2486188","-118","-118","-118","14427","14427","14427","","","","","",""
"2486388","-116","-116","-116","14429","14429","14429","","","","","",""
"2486400","","","","","","","-200","-200","-200","7770","7770","7770"
"2486404","-87","-87","-87","14430","14430","14430","","","","","",""
"2486556","-92","-92","-92","14431","14431","14431","","","","","",""
"2486656","-164","-164","-164","14432","14432","14432","","","","","",""
"2486768","-95","-95","-95","14433","14433","14433","","","","","",""
"2486848","-111","-111","-111","14435","14435","14435","","","","","",""
"2486988","-83","-83","-83","14436","14436","14436","","","","","",""
"2487004","-112","-112","-112","14437","14437","14437","","","","","",""
"2487100","-83","-83","-83","14438","14438","14438","","","","","",""
"2487200","","","","","","","-200","-200","-200","7772","7772","7772"
"2487296","-112","-112","-112","14439","14439","14439","","","","","",""
"2487368","-91","-91","-91","14440","14440","14440","","","","","",""
"2487468","-120","-120","-120","14441","14441","14441","","","","","",""
"2487688","-147","-147","-147","14442","14442","14442","","","","","",""
"2487700","-101","-101","-101","14443","14443","14443","","","","","",""
"2487708","-85","-85","-85","14444","14444","14444","","","","","",""
"2487908","-110","-110","-110","14446","14446","14446","","","","","",""
"2488000","","","","","","","-200","-200","-200","7775","7775","7775"
"2488048","-85","-85","-85","14447","14447","14447","","","","","",""
"2488128","-110","-110","-110","14448","14448","14448","","","","","",""
"2488144","-111","-111","-111","14449","14449","14449","","","","","",""
"2488488","-110","-110","-110","14451","14451","14451","","","","","",""
"2488564","-164","-164","-164","14452","14452","14452","","","","","",""
"2488588","-115","-115","-115","14453","14453","14453","","","","","",""
"2488800","","","","","","","-200","-200","-200","7777","7777","7777"
"2488816","-168","-168","-168","14454","14454","14454","","","","","",""
"2488828","-85","-85","-85","14455","14455","14455","","","","","",""
"2488924","-84","-84","-84","14457","14457","14457","","","","","",""
"2489168","-85","-85","-85","14458","14458","14458","","","","","",""
"2489204","-160","-160","-160","14459","14459","14459","","","","","",""
"2489256","-110","-110","-110","14460","14460","14460","","","","","",""
"2489364","-110","-110","-110","14462","14462","14462","","","","","",""
"2489592","-84","-84","-84","14463","14463","14463","","","","","",""
"2489600","","","","","","","-200","-200","-200","7780","7780","7780"
"2489636","-117","-117","-117","14464","14464","14464","","","","","",""
"2489672","-117","-117","-117","14465","14465","14465","","","","","",""
"2489824","-115","-115","-115","14466","14466","14466","","","","","",""
"2490008","-84","-84","-84","14468","14468","14468","","","","","",""
"2490024","-108","-108","-108","14469","14469","14469","","","","","",""
"2490096","-115","-115","-115","14470","14470","14470","","","","","",""
"2490292","-117","-117","-117","14471","14471","14471","","","","","",""
"2490400","","","","","","","-200","-200","-200","7783","7783","7783"
"2490412","-101","-101","-101","14473","14473","14473","","","","","",""
"2490472","-112","-112","-112","14474","14474","14474","","","","","",""
"2490544","-112","-112","-112","14475","14475","14475","","","","","",""
"2490688","-99","-99","-99","14476","14476","14476","","","","","",""
"2490852","-110","-110","-110","14477","14477","14477","","","","","",""
"2490912","-110","-110","-110","14479","14479","14479","","","","","",""
"2491000","-114","-114","-114","14480","14480","14480","","","","","",""
"2491200","","","","","","","-200","-200","-200","7785","7785","7785"
"2491272","-90","-90","-90","14481","14481","14481","","","","","",""
"2491332","-161","-161","-161","14482","14482","14482","","","","","",""
"2491460","-115","-115","-115","14484","14484","14484","","","","","",""
"2491536","-171","-171","-171","14485","14485","14485","","","","","",""
"2491752","-120","-120","-120","14486","14486","14486","","","","","",""
"2491792","-115","-115","-115","14487","14487","14487","","","","","",""
"2491828","-92","-92","-92","14488","14488","14488","","","","","",""
"2491980","-111","-111","-111","14490","14490","14490","","","","","",""
"2492000","","","","","","","-200","-200","-200","7788","7788","7788"
"2492088","-84","-84","-84","14491","14491","14491","","","","","",""
"2492172","-95","-95","-95","14492","14492","14492","","","","","",""
"2492296","-117","-117","-117","14493","14493","14493","","","","","",""
"2492440","-88","-88","-88","14495","14495","14495","","","","","",""
"2492444","-116","-116","-116","14496","14496","14496","","","","","",""
"2492612","-110","-110","-110","14497","14497","14497","","","","","",""
"2492668","-93","-93","-93","14498","14498","14498","","","","","",""
"2492800","","","","","","","-200","-200","-200","7790","7790","7790"
"2492884","-110","-110","-110","14499","14499","14499","","","","","",""
"2492892","-113","-113","-113","14500","14500","14500","","","","","",""
"2492988","-94","-94","-94","14502","14502","14502","","","","","",""
"2493112","-111","-111","-111","14503","14503","14503","","","","","",""
"2493236","-86","-86","-86","14504","14504","14504","","","","","",""
"2493324","-110","-110","-110","14505","14505","14505","","","","","",""
"2493448","-84","-84","-84","14507","14507","14507","","","","","",""
"2493452","-116","-116","-116","14508","14508","14508","","","","","",""
"2493600","","","","","","","-200","-200","-200","7793","7793","7793"
"2493680","-111","-111","-111","14509","14509","14509","","","","","",""
"2493780","-83","-83","-83","14510","14510","14510","","","","","",""
"2493784","-115","-115","-115","14511","14511","14511","","","","","",""
"2493856","-101","-101","-101","14512","14512","14512","","","","","",""
"2494052","-93","-93","-93","14514","14514","14514","","","","","",""
"2494228","-112","-112","-112","14515","14515","14515","","","","","",""
"2494236","-113","-113","-113","14516","14516","14516","","","","","",""
"2494332","-119","-119","-119","14517","14517","14517","","","","","",""
"2494388","-84","-84","-84","14518","14518","14518","","","","","",""
"2494400","","","","","","","-200","-200","-200","7795","7795","7795"
"2494700","-116","-116","-116","14520","14520","14520","","","","","",""
"2494760","-107","-107","-107","14521","14521","14521","","","","","",""
"2494836","-112","-112","-112","14522","14522","14522","","","","","",""
"2494912","-171","-171","-171","14523","14523","14523","","","","","",""
"2495144","-111","-111","-111","14525","14525","14525","","","","","",""
"2495200","","","","","","","-200","-200","-200","7798","7798","7798"
"2495204","-111","-111","-111","14526","14526","14526","","","","","",""
"2495260","-87","-87","-87","14527","14527","14527","","","","","",""
"2495296","-115","-115","-115","14528","14528","14528","","","","","",""
"2495544","-85","-85","-85","14530","14530","14530","","","","","",""
"2495596","-113","-113","-113","14531","14531","14531","","","","","",""
"2495628","-92","-92","-92","14532","14532","14532","","","","","",""
"2495672","-94","-94","-94","14533","14533","14533","","","","","",""
"2495932","-84","-84","-84","14534","14534","14534","","","","","",""
"2496000","","","","","","","-200","-200","-200","7800","7800","7800"
"2496008","-116","-116","-116","14536","14536","14536","","","","","",""
"2496092","-116","-116","-116","14537","14537","14537","","","","","",""
"2496296","-156","-156","-156","14538","14538","14538","","","","","",""
"2496376","-111","-111","-111","14539","14539","14539","","","","","",""
"2496464","-114","-114","-114","14540","14540","14540","","","","","",""
"2496532","-110","-110","-110","14542","14542","14542","","","","","",""
"2496652","-89","-89","-89","14543","14543","14543","","","","","",""
"2496748","-93","-93","-93","14544","14544","14544","","","","","",""
"2496800","","","","","","","-200","-200","-200","7802","7802","7802"
"2496932","-117","-117","-117","14545","14545","14545","","","","","",""
"2497128","-119","-119","-119","14547","14547","14547","","","","","",""
"2497176","-161","-161","-161","14548","14548","14548","","","","","",""
"2497196","-112","-112","-112","14549","14549","14549","","","","","",""
"2497324","-98","-98","-98","14550","14550","14550","","","","","",""
"2497528","-88","-88","-88","14551","14551","14551","","","","","",""
"2497568","-110","-110","-110","14553","14553","14553","","","","","",""
"2497600","","","","","","","-200","-200","-200","7805","7805","7805"
"2497652","-114","-114","-114","14554","14554","14554","","","","","",""
"2497768","-111","-111","-111","14555","14555","14555","","","","","",""
"2498012","-90","-90","-90","14556","14556","14556","","","","","",""
"2498016","-112","-112","-112","14557","14557","14557","","","","","",""
"2498128","-150","-150","-150","14559","14559","14559","","","","","",""
"2498352","-84","-84","-84","14560","14560","14560","","","","","",""
"2498356","-86","-86","-86","14561","14561","14561","","","","","",""
"2498400","","","","","","","-200","-200","-200","7807","7807","7807"
"2498452","-171","-171","-171","14562","14562","14562","","","","","",""
"2498600","-118","-118","-118","14564","14564","14564","","","","","",""
"2498688","-83","-83","-83","14565","14565","14565","","","","","",""
"2498900","-112","-112","-112","14566","14566","14566","","","","","",""
"2498996","-99","-99","-99","14567","14567","14567","","","","","",""
"2499028","-85","-85","-85","14568","14568","14568","","","","","",""
"2499056","-176","-176","-176","14569","14569","14569","","","","","",""
"2499200","","","","","","","-200","-200","-200","7810","7810","7810"
"2499260","-90","-90","-90","14571","14571","14571","","","","","",""
"2499460","-116","-116","-116","14572","14572","14572","","","","","",""
"2499476","-112","-112","-112","14573","14573","14573","","","","","",""