"Step","wandb_run_name: ppo_pendulum_sparse_large_critic - charts/episodic_return","wandb_run_name: ppo_pendulum_sparse_large_critic - charts/episodic_return__MIN","wandb_run_name: ppo_pendulum_sparse_large_critic - charts/episodic_return__MAX","wandb_run_name: dart_pendulum_sparse - charts/episodic_return","wandb_run_name: dart_pendulum_sparse - charts/episodic_return__MIN","wandb_run_name: dart_pendulum_sparse - charts/episodic_return__MAX","wandb_run_name: ppo_pendulum_sparse - charts/episodic_return","wandb_run_name: ppo_pendulum_sparse - charts/episodic_return__MIN","wandb_run_name: ppo_pendulum_sparse - charts/episodic_return__MAX"
"2","-1235.869104385376","-1822.2960205078125","-776.4739990234375","-1240.671153349035","-1823.265380859375","-837.6917114257812","-1217.574421602137","-1822.338134765625","-749.6094970703125"
"5","-1251.2586822509766","-1862.0997314453125","-774.4586791992188","-1265.887086756089","-1859.9954833984375","-763.6984252929688","-1238.6241921817555","-1860.463623046875","-862.0084838867188"
"7","-1186.9031314849854","-1746.619384765625","-748.2860107421875","-1198.8083478142235","-1730.300537109375","-764.7097778320312","-1189.7660181382123","-1731.5574951171875","-633.8350219726562"
"9","-1158.4162673950195","-1676.44775390625","-859.9352416992188","-1175.953218347886","-1654.5933837890625","-787.1976318359375","-1181.120372099035","-1651.5145263671875","-824.99853515625"
"10","-1238.9509906768799","-1771.139404296875","-869.12890625","-1243.2766903147979","-1842.07666015625","-748.6345825195312","-1263.1561440860523","-1832.3814697265625","-837.1934814453125"
"12","-1179.0644187927246","-1725.5379638671875","-713.45849609375","-1159.3899248908547","-1747.583984375","-740.8728637695312","-1179.113816205193","-1738.27294921875","-635.5507202148438"
"14","-1204.3694820404053","-1754.5654296875","-893.0653686523438","-1219.3260875028723","-1803.717529296875","-773.927001953125","-1204.1108452292049","-1848.640380859375","-764.70263671875"
"16","-1207.2792694091797","-1833.4893798828125","-776.5556030273438","-1224.3677315090013","-1841.82177734375","-768.2427368164062","-1242.3328921669408","-1853.7420654296875","-757.29052734375"
"17","-1207.786844889323","-1759.63818359375","-768.3695678710938","-1171.4977583451705","-1838.8111572265625","-886.2424926757812","-1239.0924072265625","-1835.2628173828125","-775.1843872070312"
"19","-1200.5521697998047","-1804.0089111328125","-769.6106567382812","-1215.9453663545496","-1867.3349609375","-772.6611938476562","-1238.2700500488281","-1860.1217041015625","-767.1339111328125"
"20","-1198.7990913391113","-1825.2998046875","-777.6139526367188","-1221.4464003619025","-1784.6048583984375","-858.5895385742188","-1250.1987358542049","-1792.743408203125","-626.494140625"
"22","-1203.8436813354492","-1772.937744140625","-768.718017578125","-1226.0465051987592","-1766.8829345703125","-799.4073486328125","-1214.039773380055","-1804.43798828125","-752.1031494140625"
"24","-1254.2188606262207","-1841.71484375","-763.1062622070312","-1267.9826086795692","-1760.8505859375","-866.816650390625","-1285.3513524672564","-1756.8245849609375","-796.595947265625"
"26","-1159.1720237731934","-1817.25048828125","-757.3289794921875","-1149.1855010986328","-1822.8712158203125","-796.832275390625","-1195.6264093572443","-1827.4031982421875","-773.2625122070312"
"27","-1186.7076091766357","-1799.8963623046875","-853.0797119140625","-1195.1235752105713","-1844.9556884765625","-857.1555786132812","-1211.2151260375977","-1813.6239013671875","-816.005126953125"
"29","-1140.9055500030518","-1677.2978515625","-759.3592529296875","-1152.9393978118896","-1776.6297607421875","-869.2037963867188","-1171.9931812286377","-1803.407470703125","-883.1039428710938"
"31","-1241.7099628448486","-1849.0631103515625","-819.4559936523438","-1269.3296508789062","-1850.2294921875","-767.8480834960938","-1288.2320671081543","-1849.80126953125","-811.6574096679688"
"33","-1171.7687034606934","-1781.5872802734375","-832.8408813476562","-1149.869052886963","-1768.8914794921875","-633.4814453125","-1197.7153129577637","-1800.0194091796875","-767.1668090820312"
"35","-1194.6876850128174","-1832.202880859375","-759.0281372070312","-1206.6051635742188","-1856.482421875","-763.003662109375","-1224.2604312896729","-1840.189208984375","-757.1156616210938"
"36","-1176.2255821228027","-1784.7657470703125","-867.606201171875","-1173.9720096588135","-1760.123046875","-759.2793579101562","-1184.0335426330566","-1833.7144775390625","-793.3908081054688"
"38","-1197.1298217773438","-1807.34716796875","-737.9268798828125","-1183.5803623199463","-1748.7247314453125","-832.2153930664062","-1230.7565307617188","-1789.2811279296875","-881.0294799804688"
"40","-1164.6022605895996","-1714.171630859375","-745.892333984375","-1134.7910537719727","-1619.1549072265625","-753.859619140625","-1175.8948993682861","-1668.720458984375","-789.311279296875"
"42","-1134.8788795471191","-1847.547607421875","-758.5034790039062","-1104.8729782104492","-1779.5784912109375","-779.36279296875","-1155.529426574707","-1854.912353515625","-773.57763671875"
"43","-1225.7618732452393","-1783.900146484375","-785.7110595703125","-1184.3346309661865","-1786.1754150390625","-765.2861938476562","-1231.1351985931396","-1795.398193359375","-880.9303588867188"
"45","-1022.3852195739746","-1508.0079345703125","-839.3008422851562","-995.8198776245117","-1495.1717529296875","-800.1429443359375","-1012.4961013793945","-1598.596923828125","-695.2481689453125"
"47","-1124.975944519043","-1744.0250244140625","-787.0699462890625","-1100.1662635803223","-1763.1937255859375","-867.241943359375","-1111.918264389038","-1769.2720947265625","-750.4597778320312"
"49","-1206.9338722229004","-1762.33154296875","-753.5810546875","-1182.6160907745361","-1785.182861328125","-764.3598022460938","-1214.877248764038","-1778.1488037109375","-867.7618408203125"
"52","-1168.0852779265374","-1708.2769775390625","-808.4169921875","-1127.6941051483154","-1562.4876708984375","-854.6106567382812","-1164.4607276916504","-1581.0211181640625","-750.8023071289062"
"53","-1141.9686751827116","-1596.34619140625","-808.8916625976562","-1089.24880027771","-1500.85791015625","-761.1746826171875","-1146.225091934204","-1652.635986328125","-761.5601806640625"
"55","-1081.1373094128023","-1762.3934326171875","-818.9920043945312","-1050.2314682006836","-1662.2325439453125","-752.83349609375","-1085.8619575500488","-1742.1832275390625","-762.1774291992188"
"57","-1090.4809373424898","-1625.5601806640625","-859.5953979492188","-1033.8455829620361","-1807.2435302734375","-754.5593872070312","-1079.244888305664","-1596.099365234375","-761.2840576171875"
"59","-1110.3787479400635","-1715.002685546875","-766.3964233398438","-1078.4427299499512","-1842.3369140625","-851.2526245117188","-1111.1888942718506","-1719.7752685546875","-673.4959716796875"
"60","-1130.492423765121","-1719.0255126953125","-769.8631591796875","-1095.8319721221924","-1802.7022705078125","-864.353759765625","-1131.9484367370605","-1797.0859375","-795.561279296875"
"61","-1122.6262915826612","-1826.2523193359375","-753.0087890625","-1098.093858718872","-1731.0867919921875","-752.5439453125","-1132.0774307250977","-1867.505615234375","-742.9195556640625"
"63","-1087.3144964402723","-1727.0673828125","-775.2969970703125","-1058.8958129882812","-1871.73193359375","-761.70703125","-1087.9105052947998","-1757.74853515625","-765.7261352539062"
"65","-1109.787859516759","-1639.7216796875","-764.2420043945312","-1082.2163791656494","-1629.50244140625","-873.3411865234375","-1118.217861175537","-1605.58154296875","-869.2304077148438"
"67","-1106.1769035093246","-1754.1531982421875","-848.9910888671875","-1102.6859111785889","-1817.667236328125","-869.1592407226562","-1148.9316177368164","-1796.924072265625","-758.5244750976562"
"68","-1076.0609209614415","-1615.4354248046875","-753.287109375","-1056.0322666168213","-1774.971923828125","-762.58447265625","-1106.1797332763672","-1769.4881591796875","-867.5360107421875"
"70","-1077.5505331716229","-1573.0198974609375","-626.7125244140625","-1065.959701538086","-1810.9970703125","-755.7266235351562","-1089.99711227417","-1712.48486328125","-755.514892578125"
"72","-1176.5791507844","-1740.58837890625","-674.306396484375","-1146.9820123487902","-1766.8475341796875","-863.173583984375","-1183.1751346588135","-1740.5042724609375","-868.70849609375"
"74","-1167.447015577747","-1785.8153076171875","-884.4109497070312","-1091.1128540039062","-1822.402587890625","-776.5093383789062","-1136.7157897949219","-1821.653564453125","-771.9119262695312"
"76","-1093.4413334015876","-1776.24658203125","-864.8313598632812","-1046.643536967616","-1660.6612548828125","-799.7191772460938","-1116.068157196045","-1637.2349853515625","-869.2356567382812"
"77","-1132.9062775642642","-1680.857177734375","-876.0577392578125","-1099.3385639805947","-1660.7724609375","-766.7171020507812","-1127.709270477295","-1594.4007568359375","-756.8958740234375"
"79","-1107.5343667307209","-1594.18701171875","-841.4210815429688","-1046.0039958953857","-1486.4517822265625","-792.6835327148438","-1117.4480514526367","-1816.00927734375","-773.6961059570312"
"81","-1103.6839363344254","-1745.2979736328125","-764.1205444335938","-1100.4181321667086","-1648.588134765625","-766.2357177734375","-1135.7425575256348","-1771.9317626953125","-862.8017578125"
"83","-1167.5116498393397","-1698.9891357421875","-749.00537109375","-1158.3301923198085","-1786.3892822265625","-745.7710571289062","-1171.0099792480469","-1696.437744140625","-841.6224365234375"
"84","-1032.2380942067791","-1587.4375","-767.8755493164062","-1029.783211000504","-1637.8597412109375","-755.890625","-1059.3284912109375","-1785.6998291015625","-754.6185913085938"
"86","-1054.82471687563","-1748.7781982421875","-744.8885498046875","-1009.018050655242","-1594.3380126953125","-767.6080322265625","-1058.4388217926025","-1759.057373046875","-773.43310546875"
"88","-1074.810993809854","-1705.6912841796875","-772.1354370117188","-1064.46723593435","-1609.992919921875","-871.1447143554688","-1100.4939823150635","-1696.7459716796875","-831.409423828125"
"90","-1047.8907372259325","-1675.7445068359375","-787.23095703125","-1048.2151961788054","-1771.0867919921875","-766.421142578125","-1045.1200828552246","-1718.9337158203125","-794.9549560546875"
"92","-1055.2593364100303","-1726.583251953125","-758.6395263671875","-1088.2871664724041","-1819.0853271484375","-770.0104370117188","-1073.1375541687012","-1733.4779052734375","-755.0056762695312"
"93","-1113.439699234501","-1618.2801513671875","-870.0709838867188","-1089.6315327305947","-1808.9097900390625","-844.2200927734375","-1105.086835861206","-1660.1129150390625","-823.1182250976562"
"95","-1043.6381304340978","-1604.917724609375","-737.352294921875","-998.8502709173387","-1705.583984375","-755.6864624023438","-1007.0795993804932","-1577.65576171875","-756.1072998046875"
"97","-1048.0158002299647","-1700.88232421875","-858.2889404296875","-1017.3361324187248","-1795.569580078125","-857.397705078125","-1039.3867721557617","-1756.341796875","-747.7090454101562"
"99","-1063.6683644940777","-1617.1751708984375","-870.609130859375","-1043.299349877142","-1728.7474365234375","-756.6834106445312","-1074.4157218933105","-1620.255615234375","-857.2548217773438"
"100","-1067.57670937815","-1690.8922119140625","-754.0428466796875","-1033.7608563823085","-1512.54638671875","-770.2313232421875","-1057.9202861785889","-1599.3758544921875","-807.9506225585938"
"102","-1056.7596849010836","-1459.92138671875","-637.1808471679688","-1087.0203089560232","-1748.5806884765625","-764.4273681640625","-1098.9503173828125","-1561.869384765625","-762.2115478515625"
"104","-1076.7104137789818","-1847.0252685546875","-767.3738403320312","-1052.679947391633","-1835.994384765625","-710.1719970703125","-1073.6669063568115","-1857.7205810546875","-756.6846923828125"
"106","-1150.9159250567036","-1769.174072265625","-760.524169921875","-1081.977544969128","-1790.275390625","-765.2741088867188","-1142.985647201538","-1767.513916015625","-764.374755859375"
"108","-1092.2526402627268","-1814.33056640625","-789.6831665039062","-1068.5479972593246","-1805.6507568359375","-766.72216796875","-1066.1141624450684","-1762.22412109375","-749.8024291992188"
"109","-1039.3636533675656","-1737.2452392578125","-809.3801879882812","-1030.9359701833416","-1827.4334716796875","-867.8609008789062","-1045.894199371338","-1686.177734375","-759.689453125"
"111","-1071.6855665637602","-1681.705078125","-851.2493896484375","-1041.701084391276","-1854.971923828125","-748.4151000976562","-1066.0017986297607","-1758.28662109375","-868.9891967773438"
"113","-1035.2957940870715","-1547.1309814453125","-760.53857421875","-1030.7406616210938","-1611.4385986328125","-856.2916870117188","-1032.2112918976813","-1544.6007080078125","-764.11865234375"
"115","-1128.7504174017138","-1802.931640625","-758.54248046875","-1127.8118591308594","-1774.33203125","-867.1007690429688","-1126.102281139743","-1678.5556640625","-827.3740234375"
"117","-1081.5148807648688","-1666.2906494140625","-746.9078369140625","-1064.0528951009114","-1789.361328125","-784.2333374023438","-1074.1903391192036","-1761.69580078125","-764.8793334960938"
"118","-1123.4087307837701","-1643.2039794921875","-750.3013916015625","-1054.8291310956402","-1838.9979248046875","-764.2272338867188","-1102.477025185862","-1631.8753662109375","-850.0114135742188"
"120","-1056.5167177261844","-1816.451904296875","-759.0745239257812","-1089.348193359375","-1857.9066162109375","-756.744140625","-1091.1262454986572","-1833.91845703125","-842.290771484375"
"122","-1111.1581263388357","-1849.8780517578125","-750.7611083984375","-1107.683925374349","-1861.808349609375","-852.48193359375","-1106.9347278225807","-1798.91650390625","-853.9918212890625"
"124","-1094.0062925277218","-1736.4913330078125","-768.647705078125","-1062.576611328125","-1789.968017578125","-759.5667724609375","-1104.7601121471773","-1762.0789794921875","-806.0702514648438"
"125","-1036.525648547757","-1672.294677734375","-806.7123413085938","-1024.4267049153646","-1804.1927490234375","-788.9363403320312","-1035.0005690051664","-1799.6815185546875","-759.8867797851562"
"127","-1034.264640561996","-1490.360595703125","-769.81689453125","-1008.9437113444011","-1480.8563232421875","-857.251220703125","-1041.705584126134","-1487.625732421875","-766.3731689453125"
"129","-1038.8106197234124","-1597.681884765625","-818.6327514648438","-1021.7110392252604","-1847.3482666015625","-752.1531372070312","-1023.8287530714466","-1536.1297607421875","-762.36669921875"
"131","-1044.0865872290826","-1611.0152587890625","-762.9074096679688","-1031.8251973470053","-1839.2960205078125","-858.8177490234375","-1038.3627811554938","-1636.1719970703125","-844.375732421875"
"133","-1095.7788735666584","-1730.8641357421875","-873.8966674804688","-1094.1617451985678","-1853.87451171875","-804.3281860351562","-1118.8133741809477","-1705.43359375","-770.778564453125"
"134","-1028.829810357863","-1678.56103515625","-762.3696899414062","-1027.6622375488282","-1832.0128173828125","-762.063720703125","-1050.3629111013104","-1804.328857421875","-755.5203857421875"
"136","-1128.2112032982611","-1697.3089599609375","-855.7632446289062","-1080.5760803222656","-1858.0118408203125","-627.242919921875","-1118.2726263230848","-1708.2860107421875","-751.6915893554688"
"138","-1082.1771870274697","-1708.27392578125","-751.160400390625","-1048.0133361816406","-1847.7012939453125","-766.4588012695312","-1088.7839749243951","-1660.69287109375","-888.5971069335938"
"140","-1096.924584173387","-1695.9688720703125","-792.9763793945312","-1035.7134094238281","-1829.9366455078125","-752.1107177734375","-1092.4605260049143","-1812.94189453125","-772.9564819335938"
"141","-1075.0736694335938","-1609.8582763671875","-865.6559448242188","-1032.4752644856771","-1823.609619140625","-857.3932495117188","-1087.4069469821068","-1686.4652099609375","-849.2523803710938"
"143","-1023.5918323147681","-1638.551025390625","-869.1633911132812","-988.3743103027343","-1640.4671630859375","-772.8222045898438","-999.9823194934476","-1732.6165771484375","-765.6411743164062"
"145","-1077.5412223569808","-1571.5771484375","-764.1038208007812","-1023.1936543782552","-1701.96044921875","-750.766357421875","-1083.986564390121","-1785.681640625","-881.7349243164062"
"147","-1071.8743738974295","-1744.7764892578125","-868.4091796875","-1027.9254252115886","-1768.58935546875","-769.504638671875","-1056.7418842930947","-1772.896728515625","-751.2702026367188"
"149","-1092.4531466576361","-1667.284912109375","-871.4550170898438","-1044.780312093099","-1576.2333984375","-762.224365234375","-1119.361082015499","-1689.9073486328125","-880.2697143554688"
"150","-1097.506054293725","-1846.7930908203125","-808.3960571289062","-1045.5398701985678","-1875.177978515625","-789.1658935546875","-1081.7336853027343","-1808.9111328125","-772.9385986328125"
"152","-1128.6661928238407","-1775.568115234375","-876.6724853515625","-1113.0617329915365","-1865.0908203125","-746.6469116210938","-1169.5988057454426","-1807.9805908203125","-825.4540405273438"
"154","-1072.2635537424396","-1836.0025634765625","-866.162841796875","-995.5828308105469","-1848.953369140625","-818.720947265625","-1041.0205179850261","-1777.4542236328125","-853.5130615234375"
"156","-1068.1822115990424","-1785.088623046875","-873.80810546875","-973.1340291341146","-1336.888916015625","-758.4514770507812","-1038.5489561019406","-1660.6031494140625","-838.708984375"
"157","-1100.5120731476813","-1743.11865234375","-811.9330444335938","-1083.0767923990886","-1820.5426025390625","-648.445068359375","-1117.2261088053385","-1858.328857421875","-787.9916381835938"
"159","-1138.6004126764112","-1873.68017578125","-810.28466796875","-1081.1365844726563","-1803.0574951171875","-757.5908813476562","-1147.101523844401","-1769.859130859375","-890.96630859375"
"161","-1105.8593474357358","-1843.2138671875","-866.6892700195312","-1019.0611287434896","-1588.8701171875","-869.9089965820312","-1105.2729614257812","-1729.27685546875","-892.7470092773438"
"163","-1061.0437661447834","-1669.8016357421875","-766.5983276367188","-1038.559503173828","-1824.006591796875","-756.9769287109375","-1101.9107788085937","-1819.986083984375","-878.186767578125"
"165","-1096.6285479145665","-1677.602783203125","-865.626220703125","-1059.4705342610678","-1778.1512451171875","-842.79443359375","-1134.0020812988282","-1765.2523193359375","-874.4388427734375"
"166","-1096.109660487021","-1842.5169677734375","-886.9002685546875","-1012.1508728027344","-1598.8248291015625","-858.181396484375","-1067.9433715820312","-1697.359375","-876.2406616210938"
"168","-1079.4112174741683","-1751.33544921875","-755.7970581054688","-1010.7373596191406","-1692.4471435546875","-765.4082641601562","-1104.734804280599","-1715.9007568359375","-761.0840454101562"
"170","-1063.7638864824848","-1858.7825927734375","-810.8829956054688","-1023.9868021647136","-1815.3826904296875","-764.2109985351562","-1065.2584126790364","-1764.4327392578125","-833.0922241210938"
"172","-1031.2239281439013","-1357.5244140625","-727.8201293945312","-973.7777709960938","-1359.90576171875","-761.942626953125","-1035.882421875","-1573.8787841796875","-775.7890625"
"173","-1058.3013916015625","-1692.3648681640625","-869.5339965820312","-1024.9596862792969","-1824.5870361328125","-860.4797973632812","-1065.1077392578125","-1675.3448486328125","-849.000732421875"
"174","-1061.191920126638","-1661.3819580078125","-876.7781982421875","-971.4067260742188","-1243.23583984375","-753.4223022460938","-1034.4262980143228","-1699.390380859375","-869.6824951171875"
"176","-1049.9586437594505","-1770.9764404296875","-757.5355224609375","-957.049247233073","-1680.4627685546875","-704.7066650390625","-1050.1670918782552","-1827.1458740234375","-835.6137084960938"
"178","-1055.2196261498236","-1708.365234375","-876.6211547851562","-999.4270975748698","-1627.29296875","-771.439208984375","-1057.3164408365885","-1834.45556640625","-869.8029174804688"
"180","-1059.8724148658014","-1605.110107421875","-763.8414916992188","-1011.697255452474","-1698.031005859375","-768.5824584960938","-1079.8108317057292","-1686.76220703125","-866.2048950195312"
"181","-1104.3196785219254","-1842.6597900390625","-750.8397827148438","-1061.1253784179687","-1882.986083984375","-862.6423950195312","-1107.251552327474","-1845.5635986328125","-879.13134765625"
"183","-1014.1251653855846","-1372.2005615234375","-870.6845703125","-983.0482747395833","-1813.3701171875","-740.6951904296875","-1040.4385681152344","-1423.088623046875","-872.9667358398438"
"185","-1099.6762144027218","-1868.1549072265625","-786.236083984375","-1026.3980204264324","-1875.674072265625","-757.9865112304688","-1127.1138692220052","-1851.5576171875","-870.7677001953125"
"187","-1007.902333577474","-1542.6605224609375","-875.462890625","-935.1720194498698","-1376.1142578125","-749.2633056640625","-1008.8029805501302","-1640.28271484375","-746.7481079101562"
"189","-1022.8778198242187","-1842.1766357421875","-862.3228759765625","-949.8969156901042","-1334.521240234375","-767.1165771484375","-1017.2265360514323","-1628.9788818359375","-831.5315551757812"
"190","-1106.1324340820313","-1846.0382080078125","-873.3085327148438","-1006.8405721028646","-1867.4091796875","-804.59375","-1045.8864034016926","-1865.5640869140625","-798.6199951171875"
"192","-1177.3976989746093","-1844.354248046875","-916.39501953125","-1045.0932698567708","-1828.62060546875","-706.016845703125","-1226.328594970703","-1829.9173583984375","-902.85888671875"
"193","-1072.99365234375","-1072.99365234375","-1072.99365234375","","","","","",""
"194","-1120.3626607259114","-1891.73828125","-800.344482421875","-1038.3537048339845","-1546.7060546875","-856.4420776367188","-1115.8676737467447","-1806.7923583984375","-773.5155639648438"
"196","-1078.0773640950522","-1825.409423828125","-876.4636840820312","-985.6087788899739","-1831.3870849609375","-754.0140991210938","-1078.809120686849","-1719.989501953125","-858.9613647460938"
"197","-1079.8079732259114","-1761.72998046875","-774.7664184570312","-970.2051615397136","-1792.6978759765625","-640.5529174804688","-1095.3276794433593","-1835.356201171875","-771.71826171875"
"199","-1089.4241190592447","-1882.8114013671875","-854.9706420898438","-971.9230550130209","-1788.8819580078125","-750.0912475585938","-1086.8802998860676","-1842.4923095703125","-873.8275756835938"
"201","-1099.010652669271","-1848.2392578125","-761.1245727539062","-1030.6348897298178","-1822.663818359375","-755.3863525390625","-1159.0325826009114","-1865.8363037109375","-873.7203369140625"
"203","-1108.8970072428385","-1840.1212158203125","-869.7096557617188","-1050.0267822265625","-1794.5966796875","-741.0850219726562","-1143.8857177734376","-1851.9525146484375","-821.9672241210938"
"205","-1024.953788248698","-1812.4793701171875","-753.4239501953125","-951.2608968098958","-1429.807861328125","-750.1483154296875","-1054.063047281901","-1737.8416748046875","-879.1439208984375"
"206","-1019.9154439290364","-1654.0177001953125","-831.8046875","-968.8328918457031","-1184.0867919921875","-756.8768310546875","-1022.835205078125","-1292.8856201171875","-816.3792724609375"
"208","-1064.0819763183595","-1837.775146484375","-829.5784912109375","-956.254237874349","-1318.7816162109375","-631.5048217773438","-1104.477402750651","-1840.06689453125","-865.4693603515625"
"210","-1020.0803629557291","-1766.685791015625","-860.9208374023438","-918.9549682617187","-1279.85986328125","-639.6353149414062","-1016.3515218098959","-1839.8468017578125","-772.5392456054688"
"212","-1083.1998392740886","-1774.83984375","-874.6803588867188","-1005.3223978678385","-1788.3092041015625","-753.5018920898438","-1097.3347330729166","-1830.290771484375","-827.4450073242188"
"213","-1055.289668782552","-1776.5057373046875","-867.496826171875","-987.474540201823","-1881.5753173828125","-773.2807006835938","-1053.7032979329426","-1788.356201171875","-764.6627807617188"
"215","-1058.7221638997396","-1869.2047119140625","-775.7901611328125","-949.0141337076823","-1357.173828125","-754.7280883789062","-1031.7502278645834","-1831.4705810546875","-760.6929931640625"
"217","-1109.668233235677","-1767.029296875","-637.52490234375","-1016.395664469401","-1765.848876953125","-751.9210205078125","-1162.5248494466146","-1824.21240234375","-865.191650390625"
"219","-1114.3029378255208","-1892.194091796875","-780.9615478515625","-943.982334391276","-1319.0382080078125","-739.8327026367188","-1024.5595682779947","-1825.9293212890625","-759.30224609375"
"221","-1117.2488606770833","-1861.03271484375","-876.2406005859375","-968.1580769856771","-1232.712646484375","-759.088134765625","-1096.5419576009115","-1871.192138671875","-862.8700561523438"
"222","-1008.5818318684895","-1419.9959716796875","-799.7709350585938","-925.2169759114583","-1540.0703125","-663.1729125976562","-990.0741190592448","-1713.4822998046875","-858.2625122070312"
"224","-1029.6184855143229","-1806.195068359375","-856.6275634765625","-932.8470540364583","-1162.4910888671875","-749.0840454101562","-1009.807773844401","-1440.1724853515625","-805.5379028320312"
"227","-1093.6778055826824","-1826.5985107421875","-850.3565673828125","-960.4319966634115","-1279.5048828125","-737.2378540039062","-1123.7544474283854","-1887.0496826171875","-876.6094970703125"
"229","-1059.4787475585938","-1854.545166015625","-755.596923828125","-998.0958801269531","-1817.0697021484375","-749.4915771484375","-1081.0848795572917","-1848.204833984375","-792.585205078125"
"230","-1107.8722493489583","-1864.357666015625","-758.3163452148438","-977.5309855143229","-1755.7264404296875","-716.2632446289062","-1051.9067545572916","-1748.9630126953125","-846.5699462890625"
"231","-1082.1682352701823","-1816.5751953125","-814.310546875","-952.9648640950521","-1256.5850830078125","-755.98388671875","-1090.5884908040364","-1840.3046875","-863.7841796875"
"233","-1054.2102844238282","-1829.2510986328125","-730.35595703125","-968.1989786783854","-1575.872802734375","-745.1527099609375","-1089.0519592285157","-1843.304443359375","-877.8314819335938"
"235","-1123.500370279948","-1821.5303955078125","-846.9417724609375","-968.6068542480468","-1601.4183349609375","-652.9676513671875","-1120.1035603841146","-1860.5064697265625","-798.1426391601562"
"237","-1122.171697998047","-1847.275634765625","-746.6494140625","-959.488340250651","-1494.255859375","-734.9252319335938","-1155.7109903971354","-1888.5225830078125","-879.8963623046875"
"238","-1055.554579671224","-1821.9691162109375","-747.6550903320312","-935.6078735351563","-1518.1495361328125","-721.2194213867188","-1031.408321126302","-1757.1402587890625","-883.1734008789062"
"240","-1135.0391479492187","-1831.4029541015625","-820.3546752929688","-962.1563110351562","-1560.775634765625","-645.1008911132812","-1083.8312866210938","-1814.185302734375","-855.67724609375"
"242","-1147.6751647949218","-1883.576171875","-885.6323852539062","-971.8629211425781","-1751.447265625","-764.7003784179688","-1076.7879740397136","-1868.908935546875","-757.7760009765625"
"244","-1107.3646443684895","-1867.2808837890625","-858.4234619140625","-987.9467631022136","-1868.3836669921875","-756.6632690429688","-1133.9380839029948","-1878.227294921875","-763.095703125"
"246","-1062.726739501953","-1875.882080078125","-748.7574462890625","-966.0925903320312","-1304.004150390625","-642.0017700195312","-1079.2246134440104","-1747.964599609375","-758.2396240234375"
"247","-1076.9931742350261","-1822.6273193359375","-735.512451171875","-936.6222432454427","-1290.3043212890625","-766.186279296875","-1114.058301202182","-1830.555908203125","-807.7750854492188"
"249","-1016.3696614583333","-1898.8480224609375","-837.2899780273438","-906.3556091308594","-1146.732177734375","-747.4047241210938","-1003.6171201508621","-1403.6375732421875","-774.6531982421875"
"251","-1015.8441182454427","-1893.4539794921875","-691.8743896484375","-927.4863159179688","-1152.9139404296875","-684.8200073242188","-1005.0898542733028","-1769.510498046875","-782.044677734375"
"252","","","","","","","-967.1588745117188","-967.1588745117188","-967.1588745117188"
"253","-1077.8607991536458","-1831.4912109375","-757.1815795898438","-974.378739420573","-1606.5985107421875","-670.2399291992188","-1091.3865145979257","-1762.6866455078125","-823.5035400390625"
"254","-994.203194173177","-1562.642578125","-832.1614379882812","-943.9680053710938","-1469.1676025390625","-738.3573608398438","-1025.2031228953394","-1810.6031494140625","-858.167724609375"
"256","-1086.9147440592449","-1875.6728515625","-767.1243896484375","-941.5691324869791","-1249.9501953125","-744.7523803710938","-1074.4937849373653","-1832.10107421875","-726.71923828125"
"258","-1006.308583577474","-1689.0650634765625","-764.0615844726562","-902.9346250336746","-1178.9068603515625","-745.6806640625","-1021.4818346747037","-1920.19873046875","-766.0350341796875"
"260","-1133.5383402506511","-1865.763427734375","-759.7738037109375","-917.826382341056","-1254.9156494140625","-755.7530517578125","-1094.025533741918","-1905.6798095703125","-832.244140625"
"262","-1156.6997538248697","-1894.055908203125","-869.6597290039062","-967.7994237439386","-1522.5850830078125","-750.9824829101562","-1162.801370554957","-1898.585205078125","-749.2012329101562"
"263","-1107.8908772786458","-1878.5023193359375","-857.4231567382812","-940.3246744791667","-1227.6090087890625","-754.9111938476562","-1159.867307465652","-1897.5902099609375","-741.0789794921875"
"265","-1050.365877278646","-1769.711669921875","-777.5470581054688","-910.5320960735453","-1250.9930419921875","-635.31982421875","-1025.7202611462824","-1779.521484375","-841.0518188476562"
"267","-1065.3280415852864","-1755.232666015625","-838.718994140625","-989.2325734105603","-1557.0450439453125","-765.9354858398438","-1092.6133780643859","-1846.5833740234375","-870.4461059570312"
"269","-1043.225712076823","-1918.075927734375","-763.1915283203125","-914.5446482691272","-1246.8773193359375","-672.2828979492188","-1063.703756398168","-1834.2950439453125","-745.0181884765625"
"270","-1101.0002685546874","-1908.622314453125","-775.1348876953125","-936.8891790981951","-1305.286376953125","-752.1701049804688","-1072.1393348430765","-1861.5465087890625","-764.0621948242188"
"272","-1069.9167236328126","-1903.181884765625","-887.08642578125","-947.5138465618265","-1294.08642578125","-725.5797119140625","-1028.4596873316273","-1710.497314453125","-755.9902954101562"
"274","-1045.0919657389322","-1861.5535888671875","-877.4131469726562","-939.9949719659213","-1722.9893798828125","-670.5858154296875","-1057.2368627087824","-1870.4873046875","-636.4871826171875"
"276","-1085.3911051432292","-1805.8328857421875","-881.7349243164062","-946.2972075363685","-1509.507568359375","-768.2247314453125","-1110.325315278152","-1804.0284423828125","-877.7452392578125"
"278","-1156.0060587565104","-1880.33740234375","-860.2607421875","-970.4957275390625","-1709.9124755859375","-734.4482421875","-1111.2213724070582","-1854.5089111328125","-758.95166015625"
"279","-1063.9615783691406","-1887.1185302734375","-763.9497680664062","-934.1033661941002","-1509.8074951171875","-631.3482055664062","-1004.1506158236799","-1677.021240234375","-771.8878784179688"
"281","-1001.7725992838542","-1697.9892578125","-794.7875366210938","-918.094448747306","-1470.5443115234375","-757.4943237304688","-1057.2357619713093","-1919.575439453125","-768.804931640625"
"283","-1107.9716796875","-1893.31201171875","-869.2799072265625","-934.9293191092355","-1228.5450439453125","-665.3622436523438","-1082.2096894362878","-1738.1224365234375","-860.5588989257812"
"285","-1064.6076558430989","-1773.5594482421875","-858.1948852539062","-890.9745112827846","-1160.3912353515625","-631.5260620117188","-1039.8923276703933","-1780.28173828125","-826.1236572265625"
"286","-1128.1426025390624","-1880.45849609375","-796.9938354492188","-943.1911969866071","-1700.972412109375","-740.5594482421875","-1115.4090576171875","-1873.1546630859375","-815.8059692382812"
"287","-1068.5302612304688","-1850.6253662109375","-767.5318603515625","-920.419919695173","-1225.0230712890625","-751.9368896484375","-1097.0953172956195","-1904.0013427734375","-854.94140625"
"288","","","","-881.318603515625","-881.318603515625","-881.318603515625","","",""
"289","-1027.5328491210937","-1718.0350341796875","-851.9786376953125","-881.8058144705636","-1313.587890625","-616.0581665039062","-1016.3130296979632","-1841.3822021484375","-765.2960205078125"
"291","-1113.833144124349","-1853.938720703125","-756.639892578125","-939.8338252476284","-1578.9344482421875","-604.3763427734375","-1135.4760615907867","-1923.0633544921875","-846.3375854492188"
"293","-1081.3072387695313","-1918.0400390625","-865.1768798828125","-936.8059234619141","-1681.5125732421875","-752.97998046875","-1060.6005118233818","-1894.261474609375","-775.5830688476562"
"294","-1047.9416076660157","-1915.255859375","-771.0613403320312","-907.0450744628906","-1213.2996826171875","-747.0235595703125","-1032.1003090994698","-1870.593994140625","-773.6484375"
"296","-1215.1997538248697","-1906.0452880859375","-803.0513916015625","-994.3155800955636","-1685.2296142578125","-632.4580078125","-1253.7703181675502","-1906.6470947265625","-756.5414428710938"
"298","-1101.5544657389323","-1878.441650390625","-820.4044799804688","-910.8069523402622","-1176.6856689453125","-542.1970825195312","-1087.5247170584541","-1898.979248046875","-838.9296875"
"300","-1082.5116353352864","-1853.78515625","-810.0762329101562","-881.2338562011719","-1167.703369140625","-634.5718383789062","-1053.810527256557","-1809.627685546875","-764.64501953125"
"302","-1048.4404561360677","-1844.178466796875","-797.639404296875","-899.237566266741","-1176.3175048828125","-665.2771606445312","-1061.5453883579798","-1847.919189453125","-868.0518798828125"
"303","-1112.7405944824218","-1917.53369140625","-874.6716918945312","-904.9481331961496","-1115.9560546875","-762.8233032226562","-1088.9240417480469","-1914.181396484375","-796.9219360351562"
"305","-974.0898457845052","-1322.148681640625","-727.615234375","-911.098140171596","-1561.216064453125","-746.043701171875","-1024.0479801722936","-1851.0037841796875","-757.2183227539062"
"307","-1074.4147298177083","-1776.048828125","-767.3885498046875","-924.9393092564175","-1219.8863525390625","-744.3645629882812","-1096.5843854631696","-1804.5633544921875","-917.5704345703125"
"309","-1080.3228963216145","-1921.9595947265625","-767.177001953125","-912.651257106236","-1325.516357421875","-510.3515930175781","-1068.8818533761162","-1802.5531005859375","-872.9500122070312"
"310","-1088.510968017578","-1921.3848876953125","-757.4274291992188","-894.5076010567801","-1350.3272705078125","-627.9530029296875","-1064.046870640346","-1870.9619140625","-760.2625122070312"
"312","-1096.4981282552083","-1906.5001220703125","-865.7110595703125","-911.3566240583148","-1300.371337890625","-630.5023803710938","-1029.971919468471","-1852.978271484375","-785.865478515625"
"314","-1032.2071411132813","-1643.4295654296875","-822.224853515625","-923.2328251429966","-1679.41015625","-720.6301879882812","-1038.2336948939733","-1403.539794921875","-812.3190307617188"
"316","-1058.947491455078","-1903.39453125","-770.9472045898438","-930.2427411760602","-1679.4171142578125","-749.9161376953125","-1076.8797563825335","-1894.0465087890625","-871.3094482421875"
"318","-1057.5716634114583","-1832.722412109375","-758.8587036132812","-891.8065098353794","-1187.02978515625","-721.5557250976562","-1108.3721204485212","-1839.451171875","-881.95849609375"
"319","-1098.7986470540366","-1931.57373046875","-764.9873657226562","-912.1418991088867","-1168.6737060546875","-511.2317810058594","-1153.6808580671038","-1859.8985595703125","-730.0169067382812"
"321","-1046.5867024739584","-1652.57421875","-858.7891845703125","-926.6631208147321","-1345.710205078125","-634.1577758789062","-1048.0199977329798","-1738.484619140625","-844.1370849609375"
"323","-1106.929860082166","-1896.321044921875","-760.0595092773438","-920.7584075927734","-1318.9615478515625","-638.53515625","-1076.5321437290736","-1810.7969970703125","-827.8997802734375"
"325","-1064.6050204573007","-1730.3260498046875","-866.2058715820312","-919.4173627580915","-1313.4222412109375","-746.3724975585938","-1097.7137124197823","-1850.9248046875","-771.5036010742188"
"326","-1070.5495984307652","-1886.8719482421875","-852.1260375976562","-899.177507672991","-1170.6622314453125","-680.0166015625","-1043.8250863211495","-1906.92578125","-773.7399291992188"
"328","-980.4857381184896","-1420.9427490234375","-755.6570434570312","-906.6390878182871","-1253.6995849609375","-734.7310791015625","-1066.2437199183873","-1832.081787109375","-812.58984375"
"330","-1067.8325889850485","-1849.1781005859375","-769.2669677734375","-925.9969437210648","-1390.0169677734375","-668.4282836914062","-1095.9407544817243","-1843.256103515625","-758.8104248046875"
"332","-1003.1964679586476","-1905.9310302734375","-800.6976928710938","-905.1287502712673","-1307.34375","-748.7053833007812","-1019.8632049560547","-1850.777587890625","-765.444091796875"
"333","","","","-969.09912109375","-969.09912109375","-969.09912109375","","",""
"334","-1068.969095164332","-1752.7823486328125","-797.2727661132812","-920.116520634404","-1291.864990234375","-740.2960205078125","-1072.4085998535156","-1899.9730224609375","-861.9368896484375"
"335","-1084.8792766702586","-1904.7613525390625","-782.5035400390625","-894.7827826605903","-1255.74267578125","-631.72509765625","-1138.4546922956195","-1915.4185791015625","-849.60986328125"
"337","-1059.5764896787446","-1864.923828125","-753.7520751953125","-942.9491351092303","-1565.3355712890625","-743.6705932617188","-1073.3799765450615","-1736.3392333984375","-869.8883056640625"
"339","-1059.29172910493","-1842.691162109375","-764.1807861328125","-917.7095698603878","-1151.01953125","-633.342529296875","-1110.0223606654577","-1805.8284912109375","-838.8487548828125"
"341","-1088.591815816945","-1905.9053955078125","-873.1942138671875","-953.3884480794271","-1649.1275634765625","-750.6602172851562","-1093.7259695870537","-1905.3662109375","-848.5707397460938"
"342","-1091.1842967066273","-1862.0025634765625","-843.9273681640625","-895.8368078161169","-1339.577880859375","-641.8428955078125","-1113.2576293945312","-1906.34521484375","-755.461181640625"
"343","-1054.1425423457704","-1900.168701171875","-596.5145263671875","-911.5529265227141","-1660.12744140625","-631.7085571289062","-1121.1854814801898","-1891.6370849609375","-877.2542724609375"
"345","-1068.6510283371497","-1906.0496826171875","-743.3135986328125","-910.7001568829572","-1524.79248046875","-634.694580078125","-1041.1013859340123","-1911.0689697265625","-868.5108642578125"
"347","-1042.361917429957","-1724.13037109375","-769.4401245117188","-937.8088898835359","-1656.378662109375","-664.9898681640625","-1111.3088902064733","-1878.6588134765625","-882.71044921875"
"349","-1074.6280812230602","-1909.6160888671875","-873.7688598632812","-921.8626595956308","-1655.4146728515625","-657.5308227539062","-1084.103979928153","-1822.962158203125","-839.609130859375"
"350","-1156.4713976629848","-1904.74853515625","-887.349609375","-971.180756745515","-1641.798583984375","-750.7116088867188","-1180.5162200927734","-1910.2667236328125","-781.0533447265625"
"352","-1061.9188758587015","-1737.7509765625","-776.6260375976562","-917.4548814561632","-1457.3388671875","-717.2758178710938","-1044.5752999441963","-1914.9700927734375","-769.9566650390625"
"354","-1005.5835655475485","-1911.2906494140625","-821.7027587890625","-880.9532018590857","-1240.3995361328125","-747.9143676757812","-978.0889282226562","-1380.8321533203125","-796.8035888671875"
"356","-1041.4416588092672","-1726.5213623046875","-741.9734497070312","-950.1528591579861","-1228.3492431640625","-755.0125122070312","-1115.3180847167969","-1846.1063232421875","-785.2186889648438"
"358","-1103.8909280711207","-1883.647705078125","-872.24951171875","-925.8914274992766","-1370.8170166015625","-734.65771484375","-1114.8972647530693","-1829.5595703125","-866.6738891601562"
"359","-985.9623076340248","-1287.241943359375","-757.3019409179688","-885.3492589879919","-1134.808837890625","-688.160400390625","-1049.5572008405413","-1831.64990234375","-812.5426635742188"
"361","-1110.103180983971","-1906.56640625","-816.6314697265625","-905.2397099247685","-1234.4593505859375","-703.8009643554688","-1129.067129952567","-1850.301513671875","-865.7315673828125"
"363","-1013.9476570918642","-1539.0091552734375","-777.572021484375","-878.7145770037615","-1181.836669921875","-741.743408203125","-995.2622855050223","-1262.917724609375","-686.8885498046875"
"365","-1111.9256255051184","-1840.3431396484375","-783.003173828125","-906.7742965133102","-1173.49365234375","-743.7394409179688","-1031.7642015729632","-1813.749755859375","-763.4675903320312"
"366","-1043.041011415679","-1824.337646484375","-846.9647827148438","-902.6699060510706","-1162.0306396484375","-745.4851684570312","-1065.46138218471","-1867.18408203125","-746.54052734375"
"368","-1050.221656536234","-1818.14208984375","-865.9697875976562","-885.4182965313947","-1346.8740234375","-512.9240112304688","-1078.4495806012835","-1799.8785400390625","-807.516357421875"
"370","-1175.018333698141","-1902.97119140625","-870.8973388671875","-936.9304651331018","-1254.3592529296875","-724.8331909179688","-1173.9168199811663","-1905.44775390625","-878.101318359375"
"372","-1067.7813615470097","-1834.072998046875","-753.7041015625","-950.3053294994213","-1203.029052734375","-673.403076171875","-1130.526099068778","-1896.97900390625","-758.1524047851562"
"374","-1085.114851326778","-1820.405029296875","-869.9447631835938","-917.7915581597222","-1484.694091796875","-630.7554931640625","-1066.9033966064453","-1803.584716796875","-867.5762939453125"
"375","-1021.9795153387662","-1842.5521240234375","-754.15234375","-894.8398753978588","-1191.615234375","-627.4064331054688","-1036.2533569335938","-1621.8826904296875","-839.7894287109375"
"377","-1171.9163144867996","-1909.1824951171875","-840.4112548828125","-935.5712167245371","-1624.9423828125","-637.9977416992188","-1135.7018062046595","-1896.62255859375","-874.5199584960938"
"379","-1109.491871800916","-1766.0599365234375","-869.5594482421875","-932.3821682400173","-1357.4560546875","-633.838134765625","-1125.3799874441963","-1854.5672607421875","-756.2454833984375"
"381","-1061.2516058560075","-1899.146728515625","-759.1165771484375","-856.0144472475405","-1161.7750244140625","-628.5020141601562","-1051.1521519252233","-1827.50390625","-764.5974731445312"
"382","-1003.1766631027748","-1910.72021484375","-793.4293823242188","-889.0096503363716","-1150.5308837890625","-641.1006469726562","-1022.4366128104074","-1884.7109375","-875.435302734375"
"384","-1108.711985620959","-1881.85498046875","-775.4317626953125","-892.6930112485533","-1159.5682373046875","-637.0205078125","-1053.5785086495537","-1743.4727783203125","-869.5391235351562"
"387","-1078.899811843346","-1904.7752685546875","-752.8242797851562","-887.6457564742477","-1154.7637939453125","-639.6714477539062","-1086.6040780203682","-1832.70556640625","-767.2134399414062"
"389","-1091.9404759900324","-1907.455322265625","-862.6260375976562","-873.2571026837385","-1327.451416015625","-594.1146240234375","-1060.7076067243304","-1835.5723876953125","-767.3800048828125"
"391","-1120.6523542733028","-1883.384033203125","-877.0388793945312","-911.845359519676","-1268.8035888671875","-633.6669921875","-1105.4807630266462","-1911.06396484375","-765.9962158203125"
"392","-1010.2281746699892","-1898.0472412109375","-788.093017578125","-843.7484130859375","-1241.447509765625","-643.008544921875","-1030.7900639286747","-1868.2940673828125","-853.7573852539062"
"394","-1069.6700102707434","-1907.0703125","-851.0057373046875","-878.1957985206886","-1302.046875","-633.5271606445312","-996.2951027199074","-1368.46728515625","-765.6793212890625"
"396","-1061.863559065194","-1707.7135009765625","-811.373046875","-915.6038840964989","-1237.05712890625","-738.6175537109375","-1112.9464721679688","-1852.732666015625","-849.5315551757812"
"398","-1007.7261478818696","-1430.5478515625","-763.658935546875","-871.5531107584635","-1228.7623291015625","-511.3315734863281","-1010.8973117404514","-1821.86572265625","-771.3073120117188"
"399","-1031.5113777949891","-1883.4073486328125","-759.1196899414062","-872.6135649504484","-1229.757080078125","-509.7632751464844","-1020.2385796440972","-1745.5191650390625","-766.191650390625"
"400","-1063.674173289332","-1774.4771728515625","-867.82666015625","-894.9037724247685","-1171.821044921875","-735.2278442382812","-1022.5467348451967","-1423.7166748046875","-881.9456787109375"
"402","-994.6252083613955","-1277.7965087890625","-766.5858764648438","-858.2298064055266","-1225.415283203125","-516.2880859375","-1011.519788953993","-1842.7955322265625","-766.2218627929688"
"404","-979.8792766702586","-1561.585205078125","-758.8134765625","-844.909991229022","-1068.205078125","-632.943603515625","-1024.223680284288","-1909.1658935546875","-725.4268188476562"
"406","-1022.741090971848","-1807.97314453125","-747.6753540039062","-832.5967135959202","-1118.5206298828125","-511.51519775390625","-1010.1672431098091","-1778.9166259765625","-766.4954833984375"
"407","-1049.4248930832434","-1521.3436279296875","-765.9717407226562","-890.5686984592014","-1310.367431640625","-625.8727416992188","-1057.1335539641204","-1686.5435791015625","-876.953125"
"409","-1083.0978014715786","-1827.0609130859375","-835.654052734375","-904.6474903247974","-1126.634033203125","-629.8302612304688","-1129.218989445613","-1904.50048828125","-845.5281982421875"
"411","-1109.7915817786907","-1888.0439453125","-827.9584350585938","-890.825294777199","-1154.3504638671875","-629.8807373046875","-1147.4551297701323","-1896.720458984375","-756.35107421875"
"413","-1023.6873863483297","-1825.8773193359375","-766.5405883789062","-845.4596037688078","-1151.0667724609375","-576.6722412109375","-1045.9679994936344","-1778.228515625","-853.18359375"
"415","-1043.1363335971175","-1587.901611328125","-744.8746337890625","-873.0467190212673","-1367.187255859375","-634.4306640625","-1053.223379281851","-1877.561279296875","-764.6500854492188"
"416","-1014.8498913995151","-1807.69091796875","-637.33447265625","-875.2764576099537","-1231.2021484375","-624.8197631835938","-1005.302243746244","-1705.522705078125","-718.28369140625"
"418","-1006.6764210668103","-1704.1331787109375","-711.2030029296875","-888.2170432761864","-1171.9439697265625","-546.1182861328125","-1039.0628896859976","-1911.6995849609375","-873.2874145507812"
"420","-1047.8422914702317","-1892.076416015625","-865.822509765625","-844.4716616030092","-1169.12109375","-627.0419311523438","-1001.2615567720853","-1870.8109130859375","-745.7671508789062"
"422","-1027.3564579404633","-1557.6761474609375","-804.5538940429688","-873.8311677155672","-1235.5081787109375","-602.3211669921875","-1049.9658813476562","-1829.598388671875","-775.7294311523438"
"423","-1077.162420864763","-1910.109619140625","-767.176513671875","-886.8946714048033","-1304.1365966796875","-602.4488525390625","-1103.8465795898437","-1907.6083984375","-635.814208984375"
"425","-1082.0940025592672","-1917.0377197265625","-866.9909057617188","-878.6029866536459","-1068.5194091796875","-646.2881469726562","-1081.4849096679689","-1837.67822265625","-760.669677734375"
"426","","","","","","","-1079.9176025390625","-1079.9176025390625","-1079.9176025390625"
"427","-1065.8295624831628","-1850.1279296875","-629.0891723632812","-887.0152067961516","-1247.134521484375","-601.0855712890625","-1118.7807080078126","-1908.298828125","-870.1090698242188"
"429","-994.3231495824353","-1498.60986328125","-769.7339477539062","-852.79995614511","-1078.3465576171875","-629.0170288085938","-1013.13939453125","-1405.236083984375","-825.9769287109375"
"431","-1025.3069436961207","-1566.7313232421875","-762.543701171875","-908.2846521448206","-1370.4063720703125","-617.8929443359375","-1075.258486328125","-1840.7698974609375","-755.3217163085938"
"432","-1058.563543911638","-1815.6480712890625","-769.894775390625","-885.8003110532408","-1215.114501953125","-630.9044189453125","-1076.0479931640625","-1889.648193359375","-760.1731567382812"
"434","-1115.852486445986","-1860.3985595703125","-812.6754760742188","-918.1111472800926","-1223.5357666015625","-674.9459838867188","-1144.7398193359375","-1847.1292724609375","-767.3895874023438"
"436","-1101.4742284314386","-1915.824951171875","-749.3267211914062","-897.131492332176","-1224.580322265625","-571.9759521484375","-1055.1376368204753","-1898.0823974609375","-749.6590576171875"
"438","-1080.5680457805765","-1913.538330078125","-761.1974487304688","-901.1106635199653","-1151.3565673828125","-629.0935668945312","-1069.1140747070312","-1783.6915283203125","-768.4775390625"
"439","-968.7823907260237","-1328.6741943359375","-766.968505859375","-858.5868259006077","-1156.8038330078125","-633.3045043945312","-1006.6185684204102","-1343.9620361328125","-754.7083129882812"
"440","","","","","","","-1153.9158935546875","-1153.9158935546875","-1153.9158935546875"
"441","-1061.7565181337554","-1688.5546875","-868.3526611328125","-927.0844816984953","-1312.4298095703125","-637.9177856445312","-1086.4858907063801","-1840.5364990234375","-866.9240112304688"
"443","-1018.2422127559267","-1605.563232421875","-764.4725952148438","-894.6588225188078","-1203.5867919921875","-627.50244140625","-1003.4063135782877","-1616.549072265625","-735.4334716796875"
"445","-1038.1867970433727","-1563.561279296875","-862.0272216796875","-899.9778284143518","-1241.0582275390625","-631.1776733398438","-1048.7897262573242","-1854.1573486328125","-781.4203491210938"
"447","-1007.8957540577856","-1860.3040771484375","-763.7560424804688","-874.6155282479746","-1076.635498046875","-618.9993896484375","-1028.5476099650066","-1833.7177734375","-738.837646484375"
"448","-1073.7455128636852","-1915.191162109375","-866.5255737304688","-878.8393351236979","-1232.5982666015625","-689.7103881835938","-1074.4093602498372","-1864.5340576171875","-761.7938232421875"
"450","-1104.1716182314117","-1896.38525390625","-871.37109375","-916.1574859619141","-1485.3165283203125","-506.5455017089844","-1106.4422124226887","-1858.1473388671875","-842.32177734375"
"452","-1017.7679296033136","-1639.7396240234375","-711.1818237304688","-845.1248943622296","-1149.513427734375","-626.98583984375","-980.6648788452148","-1297.7286376953125","-623.2359619140625"
"454","-1048.2015864931304","-1880.864501953125","-856.1659545898438","-956.7707157841435","-1701.53564453125","-628.5108032226562","-1131.9309972127278","-1909.744873046875","-841.8900756835938"
"455","-997.2606243265086","-1493.1104736328125","-765.5137939453125","-875.3799227201022","-1150.51123046875","-661.0120239257812","-961.5472183227539","-1231.904296875","-759.8886108398438"
"456","-1003.6922396955819","-1345.8233642578125","-761.0433349609375","-851.9411832369291","-1228.2265625","-618.5776977539062","-1029.625343322754","-1906.088623046875","-754.0731201171875"
"458","-992.6904696760506","-1584.873046875","-755.531005859375","-869.9606745793269","-1152.2216796875","-626.6808471679688","-1039.8959147135417","-1539.2073974609375","-861.1085815429688"
"460","-1020.0936658135776","-1670.81103515625","-754.6658325195312","-918.1381389911359","-1325.9830322265625","-644.5816040039062","-1042.8585561116536","-1678.8829345703125","-849.5591430664062"
"462","-995.0553904566272","-1816.1475830078125","-661.8519287109375","-866.0383512056791","-1148.3128662109375","-630.5245971679688","-1031.3430862426758","-1669.849609375","-750.4419555664062"
"463","-1040.2690324454472","-1683.7115478515625","-736.6533813476562","-881.7313279371995","-1454.3074951171875","-628.4586791992188","-1075.3572235107422","-1875.66748046875","-753.7366333007812"
"465","-989.3513814991918","-1171.5364990234375","-777.2769775390625","-894.03466796875","-1348.2547607421875","-656.6884155273438","-996.3763758341471","-1260.654296875","-756.2542114257812"
"467","-1086.3685407967403","-1928.2117919921875","-829.1117553710938","-865.5616009051984","-1350.7083740234375","-629.6043701171875","-1043.105209350586","-1884.0980224609375","-772.0834350585938"
"469","-1071.2080225451239","-1563.486328125","-875.03076171875","-915.4884502704327","-1497.3895263671875","-632.556884765625","-1120.307696024577","-1877.5252685546875","-751.0067138671875"
"471","-1048.637063914332","-1915.41455078125","-792.8184814453125","-876.1460923414963","-1195.5274658203125","-627.308349609375","-1032.0890604654949","-1858.625244140625","-640.4459838867188"
"472","-1027.7355451912715","-1721.87939453125","-762.4663696289062","-900.8680725097656","-1170.63037109375","-625.13037109375","-1049.637456258138","-1649.238037109375","-865.304931640625"
"474","-1010.037875471444","-1322.9024658203125","-754.0804443359375","-871.2022705078125","-1349.508544921875","-511.619140625","-1019.0541000366211","-1872.3497314453125","-685.4066772460938"
"476","-1012.6721486058728","-1262.1300048828125","-767.2246704101562","-897.1101966271034","-1385.5479736328125","-514.3021240234375","-1040.0541229248047","-1418.2789306640625","-858.3247680664062"
"478","-966.0318729795258","-1082.653076171875","-851.6083374023438","-834.328837468074","-1064.9285888671875","-507.8258361816406","-970.9574406941732","-1086.9976806640625","-863.3277587890625"
"479","-1090.8753514783136","-1856.0032958984375","-824.8902587890625","-921.0391939603365","-1457.3775634765625","-622.048583984375","-1036.2089029947917","-1731.6781005859375","-644.057373046875"
"481","-1075.171769766972","-1874.55029296875","-872.459228515625","-879.5979802058293","-1318.3997802734375","-508.69677734375","-1096.5361963907878","-1876.2066650390625","-753.7406005859375"
"483","-999.1707910998114","-1569.4561767578125","-751.676025390625","-908.4515216533954","-1647.232177734375","-632.139404296875","-1046.529197692871","-1906.6636962890625","-686.739990234375"
"485","-998.4734454977101","-1568.514892578125","-751.393310546875","-847.7962341308594","-1453.0234375","-512.103759765625","-1047.1842549641926","-1859.949462890625","-803.8973388671875"
"487","-970.5318750841864","-1357.8736572265625","-679.4810180664062","-881.8240051269531","-1902.1673583984375","-504.52984619140625","-1004.7770055135092","-1743.4822998046875","-630.1925659179688"
"488","-1039.947532916891","-1870.77392578125","-787.4102783203125","-886.4048297588641","-1247.3939208984375","-597.737060546875","-1104.3729400634766","-1855.618896484375","-767.87060546875"
"490","-1043.202076879041","-1652.9927978515625","-765.123046875","-909.9403756948618","-1924.3330078125","-626.1489868164062","-1009.2699737548828","-1639.160400390625","-768.1118774414062"
"492","-1084.660333041487","-1858.8094482421875","-760.7977294921875","-922.1813683143029","-1792.302734375","-630.8628540039062","-1080.5528361002605","-1923.83935546875","-753.7174072265625"
"494","-1023.7150100181842","-1514.6199951171875","-762.2423095703125","-910.3625934307391","-1406.0953369140625","-634.126220703125","-996.0019159731658","-1339.0882568359375","-772.3182983398438"
"495","-996.5942551185345","-1419.7471923828125","-748.8910522460938","-855.2683739295372","-1142.2713623046875","-635.4751586914062","-963.9927580460259","-1169.9381103515625","-767.8090209960938"
"497","-960.0629125134699","-1138.85400390625","-763.3348999023438","-875.7783038799579","-1860.844482421875","-636.9508056640625","-1008.9603616465693","-1549.6103515625","-742.37646484375"
"498","","","","","","","-894.5126953125","-894.5126953125","-894.5126953125"
"499","-1010.5424909920528","-1274.114013671875","-756.3439331054688","-887.9491647573618","-1304.2362060546875","-613.5377197265625","-1034.4202774711277","-1868.7364501953125","-637.6909790039062"
"501","-1035.836947737069","-1826.9847412109375","-775.592529296875","-928.2767826960637","-1690.9793701171875","-507.19818115234375","-1073.8405549422555","-1856.7266845703125","-860.1583862304688"
"503","-1043.8341885270743","-1925.008544921875","-749.42529296875","-888.4449322040265","-1356.4598388671875","-596.7299194335938","-1069.8243036684783","-1920.1275634765625","-806.8307495117188"
"504","-1038.9990108095367","-1935.4676513671875","-756.499267578125","-885.4862248347356","-1240.975830078125","-680.5687866210938","-1059.9078926418138","-1759.44287109375","-766.3200073242188"
"506","-1030.8765974373653","-1852.535888671875","-778.5942993164062","-854.1020108736478","-1247.8447265625","-519.0941772460938","-1051.6012387483017","-1871.6630859375","-850.2907104492188"
"508","-1085.2915300641741","-1792.3048095703125","-758.2411499023438","-894.543217585637","-1545.8076171875","-627.9752807617188","-1071.6836362092392","-1558.5147705078125","-863.3484497070312"
"510","-1028.4969918387276","-1825.7816162109375","-768.4271850585938","-866.62598830003","-1333.9102783203125","-514.8589477539062","-1067.820532757303","-1860.5001220703125","-762.426513671875"
"511","-1033.9476427350726","-1618.09423828125","-774.3760986328125","-831.125968346229","-1234.672119140625","-381.7413635253906","-1045.4081527046535","-1629.2081298828125","-757.2382202148438"
"512","-1018.1072871767242","-1921.5859375","-765.4419555664062","-892.1127366286057","-1729.47021484375","-633.447509765625","-1011.2307898479959","-1296.9056396484375","-778.2216186523438"
"514","-1018.2471422467913","-1825.4195556640625","-748.2351684570312","-818.8104060246394","-1257.183837890625","-506.30828857421875","-1088.9219094981318","-1856.1236572265625","-852.8320922851562"
"516","-1071.2220960344587","-1842.7728271484375","-746.310546875","-921.76170701247","-1610.6669921875","-619.0737915039062","-1092.3505355171535","-1922.9117431640625","-870.2201538085938"
"518","-1066.3909781319755","-1890.9326171875","-757.8947143554688","-878.2228088378906","-1404.8154296875","-562.1564331054688","-1130.4700052012568","-1887.6807861328125","-876.0792236328125"
"519","-1031.940913609096","-1584.2054443359375","-760.69287109375","-902.8892399714543","-1342.8658447265625","-621.8106689453125","-988.4770534349525","-1532.4443359375","-758.6178588867188"
"521","-1009.2422616141183","-1534.10009765625","-760.6339721679688","-871.0721811147837","-1915.1898193359375","-511.7764892578125","-1042.1001480765965","-1555.214111328125","-700.9906616210938"
"523","-1064.3142961774554","-1823.83740234375","-760.8038940429688","-812.7176102858323","-1267.0792236328125","-504.7577209472656","-1022.1044576893682","-1642.2711181640625","-867.2398681640625"
"525","-971.9476667131696","-1156.05029296875","-763.1925048828125","-808.3631087083083","-1148.294677734375","-270.6430969238281","-970.5673403532609","-1146.697021484375","-721.0719604492188"
"527","-1003.9212668282645","-1331.4903564453125","-736.8610229492188","-886.4783982496995","-1522.380615234375","-559.6819458007812","-1015.3744374150815","-1492.6619873046875","-754.6090698242188"
"528","-1052.2245875767298","-1831.5982666015625","-764.6480102539062","-917.7733952448918","-1797.20947265625","-621.0812377929688","-1070.4060191278872","-1848.4415283203125","-758.989990234375"
"530","-1031.2064470563616","-1830.9315185546875","-833.024658203125","-893.3978529710037","-1252.4749755859375","-508.07318115234375","-999.0383725373641","-1342.84423828125","-738.7988891601562"
"532","-978.7052045549665","-1294.5860595703125","-750.7041015625","-852.9860159067007","-1244.371826171875","-508.8895263671875","-996.3058896272079","-1339.3397216796875","-772.4547729492188"
"534","-1042.6907065255302","-1609.1470947265625","-733.986083984375","-935.5791813777043","-1784.9676513671875","-622.4761962890625","-1101.6858603737571","-1724.87646484375","-791.8782958984375"
"535","-1068.799604143415","-1926.3746337890625","-787.62109375","-903.5438748873197","-1241.432861328125","-634.3986206054688","-1041.6381891424005","-1854.44189453125","-759.8159790039062"
"537","-1089.494873046875","-1834.255126953125","-782.2131958007812","-869.1033196082482","-1152.5684814453125","-504.7071838378906","-1084.3424349698153","-1753.451171875","-843.7176513671875"
"538","","","","","","","-981.6320190429688","-981.6320190429688","-981.6320190429688"
"539","-1032.8245827811104","-1939.466064453125","-620.7123413085938","-882.5658522385818","-1222.960205078125","-499.255126953125","-1023.7758816805753","-1870.381591796875","-855.8005981445312"
"541","-986.6123526436942","-1376.0655517578125","-753.5855102539062","-851.9067218487079","-1527.3983154296875","-541.7403564453125","-1020.1906072443181","-1393.1131591796875","-777.8209228515625"
"543","-979.7308676583426","-1303.085205078125","-768.0584106445312","-805.8593468299279","-1268.736572265625","-615.8181762695312","-1010.7405118075284","-1551.702880859375","-754.1175537109375"
"544","-1016.1963566371372","-1484.2091064453125","-756.9337158203125","-843.2798344538762","-1149.8720703125","-508.96649169921875","-1009.218300559304","-1377.39599609375","-767.3617553710938"
"546","-970.940678187779","-1362.40185546875","-760.7960205078125","-799.1482602632963","-1209.827392578125","-506.3525085449219","-1029.3333740234375","-1840.547119140625","-766.6260375976562"
"548","-1073.5796617780413","-1924.7486572265625","-821.6710815429688","-904.4399930513822","-1455.25439453125","-616.7373046875","-1004.1683460582386","-1342.2177734375","-739.7168579101562"
"550","-987.9351348876953","-1329.307861328125","-766.8816528320312","-826.1358877328726","-1527.9404296875","-385.33782958984375","-952.7502885298295","-1303.5218505859375","-757.4441528320312"
"551","-964.0419093540737","-1555.9156494140625","-663.2772827148438","-845.6357058011569","-1515.593505859375","-504.4019470214844","-964.612265846946","-1389.5140380859375","-645.9317626953125"
"553","-982.3307386125837","-1294.5010986328125","-642.8766479492188","-882.0557485727163","-1500.0623779296875","-571.8367919921875","-989.7470453435725","-1321.7525634765625","-759.7159423828125"
"555","-1014.6339067731585","-1489.574951171875","-758.7693481445312","-909.720205453726","-1413.428466796875","-646.5587158203125","-1055.9766734730113","-1858.845947265625","-723.866455078125"
"557","-1028.600823538644","-1564.9393310546875","-765.318359375","-872.9428922213041","-1269.0023193359375","-518.5695190429688","-1088.4231706099076","-1892.05517578125","-750.3306274414062"
"559","-1015.7267107282366","-1624.3927001953125","-761.197265625","-868.1559729942909","-1222.1944580078125","-614.8677368164062","-1035.6724881258879","-1518.5604248046875","-750.3572387695312"
"560","-1047.7091979980469","-1631.05712890625","-634.1260986328125","-874.8454519418569","-1385.630615234375","-515.009033203125","-1034.6979647549715","-1846.6075439453125","-769.8768920898438"
"562","-1002.4125191824777","-1827.5855712890625","-756.6911010742188","-849.453369140625","-1084.2415771484375","-512.1446533203125","-970.7170077237216","-1569.33349609375","-749.0100708007812"
"564","-995.7788391113281","-1265.2161865234375","-765.5884399414062","-862.6701284555288","-1469.5120849609375","-624.8140258789062","-1047.2605646306818","-1818.128173828125","-758.552001953125"
"566","-953.5235682896206","-1232.5360107421875","-759.2435913085938","-829.3274207481971","-1117.47998046875","-494.3070373535156","-949.9417863325639","-1169.3228759765625","-756.8096923828125"
"567","-1027.1249149867467","-1653.153564453125","-753.77197265625","-849.4685751108022","-1145.6402587890625","-417.3164978027344","-1115.0393815474076","-1861.430419921875","-630.3018188476562"
"568","-1000.0713021414621","-1295.1300048828125","-760.6959838867188","-838.5894740178035","-1298.98046875","-508.5346374511719","-1098.3414001464844","-1890.0491943359375","-757.4949340820312"
"570","-992.4428165980747","-1709.5694580078125","-754.4129638671875","-837.3306884765625","-1790.103515625","-383.35711669921875","-1010.0792097611861","-1722.3629150390625","-756.88671875"
"572","-992.07668195452","-1379.401611328125","-752.4016723632812","-858.9210345928485","-1373.5303955078125","-268.3206787109375","-991.9105640758168","-1332.7520751953125","-773.930419921875"
"574","-1009.4823869977679","-1413.029296875","-723.0210571289062","-908.8653470552885","-1271.17822265625","-394.5692138671875","-1016.0509171919389","-1412.3187255859375","-760.8514404296875"
"575","-1007.0481087820871","-1821.22412109375","-795.2609252929688","-820.6436215914213","-1366.8646240234375","-495.7740173339844","-944.8042713512074","-1176.2349853515625","-645.7463989257812"
"577","-996.8432508196149","-1603.7012939453125","-759.7410278320312","-823.6136204646184","-1144.816650390625","-387.3241882324219","-983.576698996804","-1252.439208984375","-771.9498291015625"
"579","-1069.1493508475166","-1812.681640625","-758.2440185546875","-905.4300325833834","-1326.7261962890625","-631.8319702148438","-1087.8098116787996","-1859.164306640625","-639.3092651367188"
"581","-1076.3472769601005","-1928.3262939453125","-758.100341796875","-879.3179156963641","-1290.9295654296875","-392.064208984375","-978.2191134366122","-1312.8310546875","-751.6998901367188"
"583","-976.6954367501395","-1157.009765625","-845.7694702148438","-863.0219210111178","-1324.126220703125","-631.8590698242188","-981.6486733176491","-1314.6434326171875","-761.2928466796875"
"584","-996.9010162353516","-1538.2152099609375","-747.9943237304688","-833.3906578650841","-1251.076416015625","-512.1469116210938","-1052.8855785023081","-1861.708740234375","-756.7616577148438"
"586","-1007.3549346923828","-1447.3760986328125","-755.0855102539062","-892.2007657564603","-1425.94091796875","-625.3926391601562","-1068.7744307084517","-1764.522216796875","-761.076416015625"
"588","-1034.0359584263392","-1898.2034912109375","-755.9832763671875","-849.2434246356671","-1361.6826171875","-527.869873046875","-1014.0608714710582","-1769.672119140625","-669.1940307617188"
"590","-981.5746111188616","-1372.8214111328125","-638.7202758789062","-852.4325526310847","-1520.347900390625","-508.5717468261719","-1036.9039861505682","-1759.958740234375","-738.7764892578125"
"591","-1079.9199044363838","-1906.7545166015625","-635.6343383789062","-863.9981795090896","-1502.6419677734375","-511.2441101074219","-1044.2500083229759","-1617.4278564453125","-633.9271240234375"
"593","-967.8731231689453","-1226.9873046875","-662.8939819335938","-859.6305424616887","-1354.927490234375","-515.1516723632812","-1036.1161804199219","-1868.6300048828125","-744.9010620117188"
"595","-1015.9342193603516","-1797.9744873046875","-633.223876953125","-892.3514850323016","-1653.6395263671875","-618.7071533203125","-1044.6195456764915","-1372.1746826171875","-824.0216064453125"
"597","-985.8979993547712","-1404.51025390625","-742.583740234375","-890.98533982497","-1390.5648193359375","-509.60137939453125","-1057.8190890225496","-1831.28271484375","-771.2828369140625"
"599","-1000.4977133614676","-1594.4256591796875","-736.171875","-842.2161301832932","-1366.280029296875","-546.4950561523438","-945.8938154740767","-1210.1353759765625","-686.181396484375"
"600","-990.3801814488003","-1304.692138671875","-743.6011962890625","-843.361567570613","-1261.2635498046875","-631.6771850585938","-989.041465065696","-1241.407958984375","-755.7998657226562"
"602","-995.3712506975446","-1607.0057373046875","-757.9346313476562","-817.3827632023738","-1067.5601806640625","-621.5361938476562","-1000.4805519797585","-1831.4395751953125","-713.1778564453125"
"604","-1007.4341147286551","-1384.13720703125","-740.136474609375","-849.3078801081731","-1213.069091796875","-629.0755004882812","-1042.1770879572089","-1862.72314453125","-638.9862670898438"
"606","-1021.873293195452","-1411.61669921875","-844.798095703125","-922.762700007512","-1352.9796142578125","-602.1025390625","-1052.2612249200995","-1667.307373046875","-814.86328125"
"607","-991.9678737095425","-1318.587646484375","-758.6168823242188","-836.7648620605469","-1213.3546142578125","-350.94598388671875","-1003.9064525257457","-1257.96142578125","-718.5494995117188"
"610","-988.4223502022879","-1334.5008544921875","-761.6648559570312","-814.1852956918569","-1497.7467041015625","-510.4363708496094","-1008.481914173473","-1337.0487060546875","-854.05126953125"
"612","-991.6097819010416","-1527.1240234375","-735.6760864257812","-935.2561997633713","-1672.8399658203125","-618.5609130859375","-1017.4837646484375","-1243.822998046875","-672.7682495117188"
"614","-1040.7941532841435","-1858.25146484375","-765.9142456054688","-880.9371009239784","-1367.5440673828125","-510.7294921875","-1068.120039506392","-1834.725830078125","-718.5948486328125"
"615","-1306.310302734375","-1306.310302734375","-1306.310302734375","","","","","",""
"616","-974.6622630931713","-1427.562744140625","-740.0238037109375","-886.014906663161","-1286.6650390625","-512.33447265625","-1030.7655168013139","-1865.984619140625","-747.6312255859375"
"617","-990.9519246419271","-1327.308349609375","-831.2765502929688","-815.6624931922325","-1221.6728515625","-505.5599060058594","-1032.7123607288706","-1845.4903564453125","-857.8643188476562"
"619","-985.759455928096","-1152.9189453125","-741.8077392578125","-806.6300846980168","-1158.8651123046875","-513.097412109375","-961.536562832919","-1157.1649169921875","-760.8744506835938"
"621","-962.4851435908565","-1264.1527099609375","-636.8365478515625","-791.2134422889122","-1164.302001953125","-506.24444580078125","-990.7126131924716","-1222.7850341796875","-858.7157592773438"
"623","-1054.288171838831","-1932.5030517578125","-760.0514526367188","-892.225831251878","-1417.87353515625","-511.1811828613281","-1005.5729370117188","-1432.50146484375","-625.83837890625"
"624","-1026.380443431713","-1559.572265625","-640.63623046875","-842.931398831881","-1504.610107421875","-390.65093994140625","-986.9598915793679","-1328.86767578125","-773.088623046875"
"625","-1025.4709110966435","-1556.9083251953125","-762.927001953125","-880.3186199481671","-1228.760986328125","-506.64837646484375","-1044.9135964133523","-1831.75439453125","-759.4498901367188"
"627","-1013.6110026041666","-1559.05517578125","-640.1143188476562","-838.3133451021635","-1316.6317138671875","-510.59906005859375","-987.0833962180398","-1235.8177490234375","-720.1694946289062"
"629","-994.4367472330729","-1577.7218017578125","-759.9410400390625","-846.1655343862681","-1508.0743408203125","-550.75927734375","-964.1250665838069","-1211.471435546875","-757.462646484375"
"631","-978.6997612847222","-1817.2176513671875","-749.4009399414062","-831.786137507512","-1238.78759765625","-504.437744140625","-994.4697820490056","-1389.77978515625","-764.540283203125"
"632","-998.9535092954283","-1346.8448486328125","-754.4733276367188","-874.8828852726863","-1505.2716064453125","-606.652099609375","-1013.921933260831","-1425.0072021484375","-765.1965942382812"
"634","-1050.9011253074364","-1932.1951904296875","-758.6797485351562","-875.7582397460938","-1366.95458984375","-518.7567749023438","-1042.455899325284","-1876.36279296875","-645.4869384765625"
"636","-1058.9661254882812","-1676.0919189453125","-757.0910034179688","-889.663576566256","-1393.980712890625","-506.0814208984375","-1045.6500077681108","-1828.2943115234375","-762.8840942382812"
"638","-1002.3981458875868","-1512.301025390625","-760.7891845703125","-889.1511817345253","-1588.235595703125","-621.2521362304688","-1032.8376187411222","-1831.3255615234375","-683.5052490234375"
"640","-968.385188349971","-1400.8751220703125","-754.4055786132812","-823.5657912034255","-1142.5260009765625","-596.3565673828125","-955.1101740056819","-1389.3170166015625","-633.7100219726562"
"641","-997.0051631221065","-1504.3778076171875","-643.314697265625","-825.8627201960637","-1236.9244384765625","-514.6982421875","-1017.8204872824929","-1842.9525146484375","-750.1996459960938"
"643","-993.2899915907118","-1835.421630859375","-737.6458740234375","-823.0518352801984","-1472.1748046875","-488.40423583984375","-979.1934731223366","-1277.5137939453125","-745.19091796875"
"645","-1004.6473072193287","-1256.9222412109375","-752.0393676757812","-887.828859769381","-1263.12109375","-498.81707763671875","-1072.2889764959161","-1847.3402099609375","-746.1666870117188"
"647","-1028.6197509765625","-1837.598876953125","-762.0242919921875","-845.1063795823318","-1318.93310546875","-505.829345703125","-995.6636102849787","-1521.755615234375","-752.4749755859375"
"648","-1073.307788990162","-1869.2529296875","-753.3070678710938","-848.5366433950571","-1264.1304931640625","-511.8536071777344","-1114.7873340953481","-1872.7054443359375","-849.3412475585938"
"650","-954.5385583948206","-1336.2452392578125","-634.0929565429688","-835.1787543663612","-1545.4564208984375","-498.1452331542969","-968.0905539772727","-1894.59375","-639.9309692382812"
"652","-1021.0823703342014","-1581.6099853515625","-758.8821411132812","-911.1838684082031","-1505.4617919921875","-632.6452026367188","-1069.1206692782316","-1759.027099609375","-755.4395751953125"
"654","-978.187407316985","-1174.4058837890625","-752.5288696289062","-856.4110295222356","-1271.9185791015625","-516.2088623046875","-1011.256591796875","-1354.826904296875","-633.7399291992188"
"656","-985.1704169379341","-1376.769775390625","-636.881103515625","-870.1206571138822","-1236.277587890625","-518.0564575195312","-979.5493718927556","-1164.7236328125","-744.1397705078125"
"657","-1082.8319769965278","-1932.6187744140625","-750.9407348632812","-838.7016249436599","-1353.1090087890625","-519.0271606445312","-1007.2600569291549","-1570.7144775390625","-736.6138916015625"
"659","-1041.2928873697917","-1929.344970703125","-758.6281127929688","-859.1855703500601","-1247.95361328125","-512.7155151367188","-1053.7876059792259","-1915.1741943359375","-738.7284545898438"
"661","-1057.5433530454281","-1932.1368408203125","-699.9344482421875","-884.5308391864484","-1531.4263916015625","-512.0457153320312","-1084.2361810857599","-1834.35107421875","-800.1570434570312"
"663","-1001.036363389757","-1492.86083984375","-758.8397827148438","-849.9228961651141","-1224.8250732421875","-522.2117919921875","-1044.5419949618254","-1869.4249267578125","-748.5579223632812"
"664","-1076.3995225694443","-1945.97314453125","-745.0702514648438","-902.7576223520132","-1216.0596923828125","-526.8690795898438","-1061.4350419477983","-1867.601806640625","-759.9296875"
"666","-967.4915635850695","-1209.136962890625","-749.5573120117188","-865.2789729191707","-1153.2667236328125","-625.1454467773438","-1026.6607444069602","-1886.3953857421875","-750.4214477539062"
"668","-1060.0760427621694","-1933.41162109375","-762.4751586914062","-880.9426692082332","-1247.69775390625","-633.9594116210938","-1053.4374916770241","-1843.8258056640625","-756.4141235351562"
"670","-990.8790611853966","-1238.0045166015625","-756.1978149414062","-859.3761690579928","-1375.88134765625","-507.54443359375","-984.828407981179","-1525.1201171875","-641.5371704101562"
"671","-761.809814453125","-761.809814453125","-761.809814453125","","","","","",""
"672","-1003.7418658916766","-1349.8746337890625","-697.3256225585938","-857.417976966271","-1287.6990966796875","-438.5420227050781","-1082.669228293679","-1865.358642578125","-634.8759765625"
"673","-993.7661578838641","-1692.9970703125","-742.6867065429688","-875.2459904597356","-1320.155517578125","-616.8915405273438","-1014.7184697931463","-1768.646484375","-731.9000854492188"
"675","-1052.0223876953125","-1844.259033203125","-758.044921875","-892.3820096529447","-1387.0142822265625","-522.4129638671875","-1020.9682450727983","-1180.71533203125","-865.5173950195312"
"677","-984.85509765625","-1271.2119140625","-630.3292846679688","-843.6391531137319","-1336.87451171875","-508.9581298828125","-971.5047385475852","-1252.103759765625","-769.8682250976562"
"678","-757.5029296875","-757.5029296875","-757.5029296875","","","","","",""
"679","-1028.3987622070313","-1255.623779296875","-785.5515747070312","-901.4120013897235","-1331.8414306640625","-631.3984985351562","-976.290624445135","-1266.5048828125","-723.7538452148438"
"680","-1031.6348486328125","-1381.3734130859375","-756.1862182617188","-903.6447918231671","-1477.2139892578125","-624.4979248046875","-986.9657148881392","-1145.203369140625","-849.6094360351562"
"681","-1016.3697216796875","-1383.7491455078125","-760.0841064453125","-815.0777400090144","-1174.46240234375","-621.0360717773438","-1032.869756525213","-1872.495849609375","-735.2361450195312"
"683","-963.5693286132813","-1248.9378662109375","-642.8546752929688","-842.1170067420372","-1221.0631103515625","-522.1278686523438","-1012.9321954900569","-1308.0313720703125","-763.59228515625"
"685","-986.0428100585938","-1376.6710205078125","-757.6149291992188","-877.02099609375","-1237.3485107421875","-630.245361328125","-962.6218761097301","-1159.213134765625","-705.3545532226562"
"687","-1040.0842578125","-1865.8543701171875","-777.9033813476562","-864.5251136192909","-1477.7227783203125","-498.93133544921875","-1002.2150795676491","-1455.840576171875","-750.1210327148438"
"688","-963.3762036132813","-1325.01611328125","-748.565673828125","-808.1861924391526","-1248.894775390625","-599.9150390625","-946.099667635831","-1083.87646484375","-733.3734741210938"
"690","-1013.0351684570312","-1590.4429931640625","-821.7747802734375","-859.9985586313101","-1226.7919921875","-502.839599609375","-1011.0493607954545","-1878.18994140625","-748.8219604492188"
"692","-987.2705322265625","-1292.56591796875","-751.948486328125","-811.7911001352163","-1423.410888671875","-516.0679321289062","-991.7069285999645","-1854.205078125","-637.116455078125"
"694","-1018.0440063476562","-1939.612060546875","-656.0588989257812","-857.4616064453126","-1247.039306640625","-629.9738159179688","-1054.1348127885299","-1885.3343505859375","-799.0809326171875"
"696","-1003.49291015625","-1446.19482421875","-635.5478515625","-847.8052014160156","-1325.6754150390625","-437.2358703613281","-1000.9313881613991","-1196.365478515625","-746.8441772460938"
"697","-977.8986181640626","-1184.381591796875","-696.7990112304688","-863.2809753417969","-1149.193603515625","-522.6751708984375","-1002.5815179998225","-1287.8134765625","-790.7324829101562"
"699","-1014.0675805664063","-1408.034912109375","-755.294677734375","-875.2034619140625","-1255.4403076171875","-638.3923950195312","-1017.089863170277","-1836.865234375","-761.9284057617188"
"701","-1007.03751953125","-1346.561279296875","-757.5208740234375","-899.9680786132812","-1585.4346923828125","-552.1633911132812","-967.7047590775924","-1242.8040771484375","-755.3377075195312"
"703","-989.4766259765624","-1236.6337890625","-751.1181030273438","-808.0892529296875","-1073.7958984375","-383.3752746582031","-1035.928544477983","-1832.061279296875","-755.8097534179688"
"704","-1065.6305151367187","-1853.5072021484375","-758.4552612304688","-901.0482739257812","-1507.609375","-517.4448852539062","-1003.8604542125355","-1287.0302734375","-764.2816162109375"
"706","-1017.2509741210938","-1535.290283203125","-767.7137451171875","-873.187412109375","-1237.24462890625","-574.9596557617188","-1018.3946200284091","-1396.5223388671875","-799.2891845703125"
"708","-966.6903735351563","-1272.3900146484375","-732.5023193359375","-852.8279467773438","-1260.1875","-518.372802734375","-977.2979819557884","-1434.962158203125","-735.363525390625"
"710","-1002.6769189453125","-1507.1328125","-739.6950073242188","-858.946357421875","-1272.1002197265625","-521.8055419921875","-1019.80600530451","-1856.8997802734375","-737.9912719726562"
"712","-990.5990942382813","-1385.1041259765625","-632.0473022460938","-884.7667651367187","-1248.82080078125","-635.7398681640625","-983.450292413885","-1163.251220703125","-753.9622802734375"
"713","-1024.0714208984375","-1541.1046142578125","-851.8403930664062","-911.898203125","-1241.2818603515625","-636.67724609375","-974.4035616787997","-1131.9388427734375","-834.6383666992188"
"715","-978.5103480021158","-1537.1197509765625","-743.4542846679688","-869.8080200195312","-1236.9029541015625","-634.94970703125","-1048.6278631036932","-1869.881591796875","-733.38671875"
"717","-959.1000747680664","-1158.1058349609375","-641.388671875","-839.5609252929687","-1169.2740478515625","-622.3052978515625","-1013.3350413929332","-1816.0538330078125","-746.405029296875"
"718","-1066.1844482421875","-1066.1844482421875","-1066.1844482421875","","","","","",""
"719","-974.7854639689127","-1513.448974609375","-646.0008544921875","-870.6910327148438","-1187.881103515625","-569.9051513671875","-1031.1194541237571","-1874.4736328125","-637.0357055664062"
"720","-955.9774551391602","-1443.241943359375","-632.199951171875","-838.5838256835938","-1512.3974609375","-531.2593994140625","-1018.8737127130681","-1392.4405517578125","-838.1353149414062"
"722","-952.2348836263021","-1219.7763671875","-758.0009155273438","-885.187744140625","-1501.0899658203125","-551.1088256835938","-1009.9887639825994","-1830.7303466796875","-735.722412109375"
"724","-960.6820729573568","-1165.2103271484375","-751.7575073242188","-845.9885168457031","-1242.6907958984375","-510.0643615722656","-978.0859375","-1229.48388671875","-739.1844482421875"
"726","-987.7191365559896","-1380.179931640625","-749.1983642578125","-843.2010913085937","-1150.8551025390625","-632.8873291015625","-949.7989612926136","-1160.4674072265625","-753.3589477539062"
"728","-942.2755826314291","-1144.9822998046875","-509.4317932128906","-856.169931640625","-1173.91455078125","-538.0928344726562","-991.8078973943537","-1849.0367431640625","-741.6731567382812"
"729","-994.0974604288737","-1531.5980224609375","-748.9737548828125","-865.86197265625","-1493.3741455078125","-511.82684326171875","-1005.4931307705966","-1792.7203369140625","-746.0045776367188"
"731","-951.7414093017578","-1280.657958984375","-638.6221313476562","-829.9804956054687","-1134.447998046875","-582.5691528320312","-962.906513560902","-1124.474853515625","-634.2176513671875"
"733","-989.571787516276","-1373.624755859375","-640.0950927734375","-893.2329077148438","-1477.556640625","-500.69598388671875","-1060.8306967995384","-1883.115966796875","-750.9136962890625"
"735","-1014.2589111328125","-1644.15673828125","-686.6030883789062","-840.4093823242188","-1229.7615966796875","-518.700927734375","-1013.4839422052556","-1620.7156982421875","-732.8567504882812"
"736","-1004.5313924153646","-1339.0855712890625","-768.1961669921875","-916.37662109375","-1147.4588623046875","-629.7262573242188","-1059.9891523881392","-1830.1859130859375","-783.64111328125"
"737","-962.1139526367188","-1355.5936279296875","-758.7062377929688","-880.6043286132813","-1140.7359619140625","-389.26837158203125","-991.8656144575639","-1272.2099609375","-754.7581787109375"
"739","-1029.0334447224934","-1912.554443359375","-634.9368896484375","-900.9828930664063","-1452.3187255859375","-502.3056945800781","-1094.6711730957031","-1862.3328857421875","-751.3821411132812"
"741","-979.5814437866211","-1506.7939453125","-757.8953247070312","-859.6048681640625","-1385.6341552734375","-625.7452392578125","-963.015663840554","-1236.8505859375","-763.1245727539062"
"743","-985.087516784668","-1233.6693115234375","-732.4055786132812","-832.1258752441406","-1311.0894775390625","-509.7840576171875","-980.6738364479759","-1219.6385498046875","-734.9950561523438"
"744","-921.1583887736002","-1353.9990234375","-734.8973388671875","-868.0984423828126","-1232.3507080078125","-622.2246704101562","-985.3589422052556","-1390.2479248046875","-636.8557739257812"
"746","-949.9810078938802","-1135.239013671875","-759.2811279296875","-857.6960717773437","-1462.1517333984375","-593.8790893554688","-945.8423656116832","-1197.858154296875","-748.3704833984375"
"748","-940.2608210245768","-1261.79296875","-716.4009399414062","-855.0750952148437","-1408.8770751953125","-511.42144775390625","-954.7854891690341","-1147.8548583984375","-718.6301879882812"
"750","-952.2277221679688","-1315.6229248046875","-656.5195922851562","-888.4882543945313","-1497.4443359375","-515.9485473632812","-1017.957558371804","-1850.836669921875","-766.3447265625"
"752","-953.7417475382487","-1431.849609375","-727.0511474609375","-858.4795556640624","-1149.9666748046875","-536.1510620117188","-985.79623967951","-1352.6529541015625","-683.1447143554688"
"753","-1087.406962076823","-1928.4783935546875","-730.5739135742188","-920.1022827148438","-1338.39208984375","-611.5470581054688","-1001.7759121981534","-1264.23876953125","-754.81787109375"
"755","-979.023323059082","-1311.4698486328125","-759.4183349609375","-893.598349609375","-1193.1043701171875","-636.4067993164062","-1020.8594499067826","-1282.1634521484375","-632.6455688476562"
"757","-939.1307474772135","-1147.2720947265625","-755.6630249023438","-823.1718530273438","-1243.5650634765625","-544.4324340820312","-941.0072770552201","-1157.048583984375","-629.0464477539062"
"759","-983.1097513834635","-1260.3836669921875","-744.2550048828125","-886.6542041015625","-1240.3641357421875","-627.0728759765625","-1018.8705028187145","-1875.8226318359375","-741.31298828125"
"760","-908.5756505330404","-1134.1473388671875","-626.8409423828125","-834.7643408203126","-1370.3756103515625","-625.9031982421875","-939.896426114169","-1085.12841796875","-649.2890014648438"
"762","-978.5586217244467","-1219.208251953125","-760.0968627929688","-877.1089819335938","-1420.1904296875","-600.65283203125","-1059.0119906338778","-1860.0850830078125","-735.1954345703125"
"764","-943.7069574991862","-1079.49560546875","-648.61962890625","-906.0261059570313","-1497.604248046875","-633.4850463867188","-1017.0442033247514","-1872.928955078125","-635.42431640625"
"766","-1025.3609975179036","-1502.28466796875","-632.5640258789062","-864.5714782714844","-1406.7694091796875","-382.70782470703125","-1073.4214033647017","-1869.5986328125","-722.5451049804688"
"768","-1035.152666727702","-1937.1943359375","-755.5667114257812","-934.2681774902344","-1499.5045166015625","-507.6665954589844","-1072.8863497647371","-1878.69873046875","-765.4974975585938"
"769","-981.7714385986328","-1884.338134765625","-748.3973388671875","-873.3107788085938","-1163.583984375","-529.9750366210938","-1013.6308038884944","-1301.42138671875","-728.833251953125"
"771","-953.2871729532877","-1157.1671142578125","-693.0971069335938","-842.7097607421875","-1145.777587890625","-455.49639892578125","-962.8547807173295","-1247.470703125","-751.5682983398438"
"773","-943.4343414306641","-1116.139404296875","-750.8922119140625","-859.4514379882812","-1374.2838134765625","-518.4664306640625","-956.5694857510654","-1335.1942138671875","-636.9826049804688"
"775","-995.5101165771484","-1382.42822265625","-652.0179443359375","-905.1141772460937","-1172.96337890625","-503.38531494140625","-1047.8361677689986","-1364.1417236328125","-849.1364135742188"
"776","-1006.0982564290365","-1376.6514892578125","-755.0072021484375","-884.9766162109376","-1341.401123046875","-621.3953247070312","-988.7525107643821","-1497.973388671875","-636.0949096679688"
"778","-986.0910299549932","-1519.1002197265625","-756.1971435546875","-877.3718237304688","-1248.6475830078125","-650.999755859375","-1012.6088534268466","-1546.0078125","-634.0547485351562"
"780","-1022.3742145040761","-1260.935546875","-757.6299438476562","-925.7900158691406","-1266.600341796875","-505.6545715332031","-1045.0396534312856","-1261.3890380859375","-844.5979614257812"
"781","-1047.5321044921875","-1047.5321044921875","-1047.5321044921875","","","","","",""
"782","-1035.4091903023098","-1826.8907470703125","-626.0147094726562","-890.4321765136718","-1237.283447265625","-507.7632141113281","-1076.2455055930398","-1861.5382080078125","-585.1508178710938"
"784","-944.9116396696671","-1290.8111572265625","-631.8906860351562","-875.8212487792969","-1497.124267578125","-510.2949523925781","-963.221943248402","-1213.6436767578125","-757.9381103515625"
"785","-928.9704457158628","-1165.9713134765625","-744.621337890625","-818.20337890625","-1160.0474853515625","-522.0321044921875","-936.8445379083806","-1163.054443359375","-744.5341186523438"
"787","-935.3543037746264","-1160.8970947265625","-649.77783203125","-861.6571826171875","-1079.0079345703125","-519.6140747070312","-940.3056196732955","-1147.3563232421875","-631.8975830078125"
"789","-989.9551710045856","-1929.683349609375","-734.8922119140625","-873.4643359375","-1241.7032470703125","-637.8695678710938","-957.9782603870739","-1160.9698486328125","-705.3912353515625"
"791","-967.9790092136549","-1237.6395263671875","-622.873779296875","-843.8053466796875","-1288.5401611328125","-512.1997680664062","-919.760986328125","-1153.3924560546875","-754.0044555664062"
"792","-1024.6133847443955","-1916.0025634765625","-747.9161987304688","-854.7488684082032","-1154.612548828125","-503.0703430175781","-1009.1098965731534","-1830.9884033203125","-754.3304443359375"
"793","-957.3537518045176","-1400.2152099609375","-633.3790283203125","-900.6654638671876","-1161.5853271484375","-634.9452514648438","-1024.5476157448509","-1805.51953125","-636.7169799804688"
"795","-1012.4225012737771","-1366.1529541015625","-708.2647094726562","-900.9241259765626","-1254.837646484375","-491.92095947265625","-953.5423029119319","-1351.2509765625","-641.7274780273438"
"797","-951.5131809400475","-1318.1776123046875","-653.76220703125","-880.2265478515625","-1229.3099365234375","-533.6018676757812","-959.0947875976562","-1305.8968505859375","-616.7080078125"
"799","-993.8530406122622","-1351.024658203125","-791.6771850585938","-863.0285424804688","-1345.473388671875","-523.321044921875","-998.9694893576882","-1408.8958740234375","-510.2558898925781"
"800","-992.1137748386549","-1456.820556640625","-693.0653686523438","-885.5027685546875","-1443.402099609375","-622.5670776367188","-1086.990683815696","-1877.676025390625","-582.7908325195312"
"802","-1009.3340294879416","-1376.085205078125","-630.32177734375","-946.0738647460937","-1434.9205322265625","-510.7769775390625","-1041.280145818537","-1828.44091796875","-654.9766235351562"
"804","-976.3729938009511","-1545.626708984375","-757.6163330078125","-895.8675756835937","-1389.1134033203125","-506.5228271484375","-967.8260192871094","-1287.8575439453125","-746.7596435546875"
"806","-942.9411939538044","-1263.3392333984375","-654.2214965820312","-844.9356811523437","-1147.3870849609375","-601.6885375976562","-991.37045842951","-1401.1351318359375","-722.5813598632812"
"808","-923.8959536345109","-1260.8941650390625","-635.671875","-840.7241943359375","-1088.03955078125","-611.1837158203125","-940.0560302734375","-1145.2159423828125","-778.4347534179688"
"809","-950.6220543902854","-1253.10595703125","-634.4411010742188","-850.792958984375","-1250.32861328125","-512.5777587890625","-957.559287331321","-1149.4833984375","-634.53125"
"811","-932.8709557574729","-1149.4779052734375","-630.400390625","-824.4921557617188","-1113.27001953125","-515.0538330078125","-980.6160389293324","-1834.81640625","-750.8779296875"
"813","-959.4770773182745","-1433.0458984375","-740.0660400390625","-917.87541015625","-1369.4049072265625","-513.0887451171875","-1014.147197376598","-1475.384765625","-747.4205932617188"
"815","-949.1125780188519","-1272.2125244140625","-641.3948364257812","-877.7811596679687","-1104.4620361328125","-519.1344604492188","-1006.8163896040483","-1518.5792236328125","-756.8895263671875"
"816","-942.6807463272759","-1274.410888671875","-628.1138916015625","-873.5793075561523","-1249.56591796875","-577.3706665039062","-1014.7137423428622","-1366.2945556640625","-754.6475830078125"
"818","-970.0721886676291","-1325.8935546875","-743.5588989257812","-861.0612208048502","-1156.699951171875","-613.9826049804688","-992.2132161458334","-1462.62841796875","-508.576171875"
"819","","","","-904.8377685546875","-904.8377685546875","-904.8377685546875","","",""
"820","-962.2276319420856","-1246.7147216796875","-638.8369140625","-887.1167144775391","-1495.953369140625","-617.911865234375","-988.3463104248046","-1566.0545654296875","-726.4981079101562"
"821","","","","","","","-874.0682373046875","-874.0682373046875","-874.0682373046875"
"822","-926.6299279254416","-1231.1781005859375","-639.41748046875","-858.7458368937174","-1254.7135009765625","-622.8607788085938","-953.7585418701171","-1262.646240234375","-758.3206176757812"
"823","","","","","","","-970.5614624023438","-970.5614624023438","-970.5614624023438"
"824","-1014.1799767535666","-1907.7144775390625","-727.3397216796875","-895.672607421875","-1298.0906982421875","-512.8928833007812","-1036.3243499755858","-1824.92529296875","-651.4448852539062"
"825","-997.7393374235734","-1492.4420166015625","-638.4560546875","-951.5420303344727","-1509.1806640625","-630.1321411132812","-994.320947265625","-1369.755615234375","-765.6664428710938"
"827","-928.9246428116509","-1154.4290771484375","-510.96685791015625","-850.0396270751953","-1183.156005859375","-512.5530395507812","-986.2101409912109","-1829.2298583984375","-743.0051879882812"
"829","-929.3908266813859","-1270.4345703125","-724.610595703125","-847.8981437683105","-1371.9310302734375","-501.3110046386719","-996.7877746582031","-1876.813232421875","-639.2957153320312"
"831","-1008.063893193784","-1917.8280029296875","-705.0381469726562","-884.0112228393555","-1168.0504150390625","-620.806884765625","-952.0746124267578","-1222.949951171875","-743.1895751953125"
"832","-962.1486949091372","-1305.787841796875","-637.7858276367188","-898.0474268595377","-1260.35107421875","-510.3206787109375","-1003.8004180908204","-1417.677490234375","-658.7816162109375"
"834","-1002.6594025985054","-1918.24072265625","-637.4843139648438","-900.2342274983724","-1377.091796875","-652.8837890625","-989.4932678222656","-1392.025390625","-745.0684814453125"
"836","-941.5866884977921","-1162.7652587890625","-739.1864624023438","-856.5716832478842","-1158.7279052734375","-529.4505004882812","-989.1723510742188","-1837.3482666015625","-637.85400390625"
"838","-963.6653495456861","-1220.424560546875","-636.4506225585938","-908.3367792765299","-1248.3546142578125","-633.5178833007812","-1046.0230834960937","-1849.923583984375","-677.6422119140625"
"840","-973.4718574855639","-1527.2569580078125","-711.0679931640625","-890.7473475138346","-1309.1904296875","-693.9052734375","-959.4654876708985","-1152.8502197265625","-742.7258911132812"
"841","-940.4963405443275","-1323.0736083984375","-723.4297485351562","-882.2102801005045","-1156.911376953125","-510.0031433105469","-960.5195495605469","-1401.197265625","-741.2811279296875"
"843","-990.6527683423913","-1744.0062255859375","-656.0400390625","-883.0220311482748","-1493.3828125","-494.887939453125","-973.6132415771484","-1387.570556640625","-644.6312866210938"
"845","-952.2019308338995","-1377.240478515625","-612.0126342773438","-903.8119455973307","-1492.3427734375","-504.99774169921875","-952.0570770263672","-1159.6697998046875","-744.9282836914062"
"847","-927.4783882472826","-1252.6824951171875","-521.4746704101562","-855.9613571166992","-1387.82275390625","-510.9278564453125","-955.2181060791015","-1495.52294921875","-574.0752563476562"
"848","-1017.8716271441916","-1573.449462890625","-752.389404296875","-877.3869705200195","-1282.8531494140625","-633.9088745117188","-1050.1582244873048","-1557.1990966796875","-756.1810302734375"
"849","-968.568799889606","-1511.202880859375","-720.5255126953125","-896.8696950276693","-1149.3221435546875","-640.2719116210938","-991.1403686523438","-1314.5838623046875","-753.1957397460938"
"851","-921.4339042331861","-1267.4827880859375","-621.0645751953125","-842.132443745931","-1230.4661865234375","-514.9793701171875","-1022.4156616210937","-1890.620849609375","-631.856689453125"
"853","-985.868580693784","-1312.0643310546875","-630.3085327148438","-918.7718976338705","-1255.7154541015625","-511.6800231933594","-1077.837713623047","-1872.5870361328125","-753.18359375"
"855","-917.33288839589","-1136.4720458984375","-611.188720703125","-827.5430043538412","-1078.2159423828125","-517.2600708007812","-954.8027221679688","-1328.67138671875","-634.80908203125"
"856","-921.7802787449049","-1303.75537109375","-745.0314331054688","-856.4835968017578","-1154.9844970703125","-626.48388671875","-929.4353454589843","-1295.7972412109375","-686.6644287109375"
"858","-954.3520667034646","-1370.612548828125","-632.8154296875","-864.7380294799805","-1326.891357421875","-565.0233764648438","-980.9825134277344","-1369.1220703125","-763.173828125"
"860","-964.2702981700068","-1363.6326904296875","-635.6941528320312","-854.8766784667969","-1432.4739990234375","-549.2783813476562","-964.1485198974609","-1524.076171875","-705.4019165039062"
"862","-975.4008656377378","-1896.4290771484375","-634.6636352539062","-864.31689453125","-1254.302734375","-491.78094482421875","-997.0445770263672","-1831.0667724609375","-765.9864501953125"
"864","-939.6805632218071","-1260.1875","-627.5521850585938","-871.812639872233","-1230.0643310546875","-519.5720825195312","-992.0598419189453","-1826.7474365234375","-763.83056640625"
"865","-969.8182611880095","-1521.7769775390625","-621.0370483398438","-905.5160865783691","-1259.2835693359375","-508.2857971191406","-990.240267944336","-1458.938232421875","-674.7051391601562"
"867","-940.4137918223505","-1175.846923828125","-722.123291015625","-857.9366124471029","-1254.033935546875","-500.91143798828125","-958.7565765380859","-1144.530517578125","-626.1818237304688"
"869","-917.929735266644","-1300.412841796875","-514.81982421875","-849.4983456929525","-1146.9083251953125","-508.8503112792969","-921.5700073242188","-1170.6507568359375","-621.8110961914062"
"871","-952.1353600543479","-1540.31005859375","-651.8057861328125","-888.7020212809244","-1237.0260009765625","-631.83349609375","-977.7829986572266","-1434.619384765625","-715.76171875"
"872","-947.1632531207541","-1270.223876953125","-637.5776977539062","-850.4859670003256","-1267.9957275390625","-624.4207763671875","-952.3549896240235","-1296.394287109375","-528.3712158203125"
"874","-1019.7973208220109","-1895.838134765625","-630.4451293945312","-929.8811899820963","-1211.747802734375","-639.4496459960938","-1022.4871612548828","-1281.8302001953125","-849.8457641601562"
"876","-927.3080258576766","-1244.755126953125","-632.2093505859375","-882.9698155721029","-1153.444091796875","-578.9940185546875","-1021.677783203125","-1411.933837890625","-634.1790161132812"
"878","-929.4203740900213","-1300.2000732421875","-632.9876708984375","-867.7798258463541","-1241.8306884765625","-620.4083862304688","-954.876611328125","-1291.2249755859375","-748.0123291015625"
"880","-1018.6105540882457","-1844.962158203125","-637.9236450195312","-883.5791549682617","-1176.2435302734375","-493.0904235839844","-978.3393157958984","-1373.593505859375","-636.8832397460938"
"881","-955.1141808551291","-1255.5723876953125","-752.9755859375","-887.5926005045573","-1156.4632568359375","-617.0287475585938","-1033.4210479736328","-1837.451416015625","-642.564697265625"
"883","-969.0953230424361","-1886.4210205078125","-631.7586059570312","-927.7771174112955","-1373.47998046875","-626.1369018554688","-954.035287475586","-1367.7142333984375","-617.8311767578125"
"885","-992.7690762606534","-1894.4066162109375","-612.4651489257812","-900.3414077758789","-1086.142333984375","-622.2293701171875","-990.2471282958984","-1882.736328125","-756.740478515625"
"887","-951.3229425603694","-1245.88916015625","-719.411376953125","-878.1957372029623","-1321.3990478515625","-507.79132080078125","-978.3318328857422","-1357.41845703125","-666.4390869140625"
"888","-965.4629572088069","-1341.208740234375","-634.5797729492188","-864.6132958453635","-1324.14306640625","-382.4712829589844","-1025.6705688476563","-1886.1026611328125","-743.484619140625"
"890","-920.3338151411576","-1236.3367919921875","-631.7938842773438","-848.973757536515","-1143.0655517578125","-617.8394775390625","-972.4182891845703","-1829.839111328125","-622.7837524414062"
"891","","","","-684.1927490234375","-684.1927490234375","-684.1927490234375","","",""
"892","-951.9065302068537","-1485.1298828125","-679.8374633789062","-932.387159264606","-1316.2667236328125","-628.9685668945312","-1008.9304718017578","-1871.2191162109375","-637.9244384765625"
"894","-928.3261552290483","-1397.1021728515625","-631.5850830078125","-915.6989586871604","-1231.66455078125","-641.9118041992188","-1023.6044677734375","-1869.4429931640625","-731.9888305664062"
"896","-984.4875904430043","-1881.226806640625","-627.063720703125","-937.2350278108016","-1327.6024169921875","-640.0003662109375","-962.0398986816406","-1354.4954833984375","-636.1735229492188"
"897","-962.0401417125355","-1516.1922607421875","-657.4159545898438","-895.5148527725884","-1351.3380126953125","-639.07958984375","-981.1102020263672","-1406.8306884765625","-810.194580078125"
"899","-1015.286035711115","-1368.0858154296875","-638.5223999023438","-934.2267296832541","-1290.869384765625","-690.5870361328125","-1021.49208984375","-1225.0240478515625","-830.3657836914062"
"901","-900.9413757324219","-1237.340087890625","-616.7630615234375","-864.892685599949","-1151.631591796875","-511.4627380371094","-969.4044036865234","-1229.030517578125","-736.1359252929688"
"903","-915.636494029652","-1333.453125","-525.6008911132812","-930.6750859799592","-1237.4488525390625","-628.136962890625","-992.4708068847656","-1233.4339599609375","-757.2852172851562"
"905","-968.9909889914773","-1409.24609375","-626.702392578125","-915.4766686480979","-1494.591552734375","-627.3416748046875","-984.9220306396485","-1368.2772216796875","-641.0721435546875"
"906","-974.1098993474787","-1883.641357421875","-626.9840087890625","-902.2968060037364","-1252.8651123046875","-606.2626342773438","-947.1437408447266","-1207.432861328125","-632.307861328125"
"908","-921.5710948597301","-1354.4534912109375","-515.1536865234375","-908.812452233356","-1247.849853515625","-616.66845703125","-993.2491119384765","-1882.854736328125","-715.0661010742188"
"910","-1000.6373401988636","-1864.7822265625","-633.0191040039062","-915.637058423913","-1220.3531494140625","-610.8221435546875","-989.1674072265625","-1248.375244140625","-755.5798950195312"
"912","-1008.4077814275569","-1385.1539306640625","-635.0005493164062","-893.8291015625","-1255.775634765625","-558.6741943359375","-1040.5061614990234","-1887.381591796875","-767.8506469726562"
"913","-965.8283774636009","-1558.3282470703125","-710.5841674804688","-943.1507037618886","-1293.009521484375","-635.3701171875","-979.6825134277344","-1401.18798828125","-810.1181640625"
"915","-1045.3942066539419","-1369.5361328125","-737.5493774414062","-962.0360001273777","-1355.9027099609375","-633.111572265625","-1000.0191772460937","-1358.9200439453125","-795.6822509765625"
"917","-943.6799260919744","-1356.0352783203125","-637.2735595703125","-850.5800462805706","-1168.0504150390625","-560.0092163085938","-996.0270050048828","-1603.287109375","-746.3661499023438"
"919","-962.9573946866122","-1852.913818359375","-633.6873779296875","-914.9300059442935","-1245.6224365234375","-592.2306518554688","-975.2833953857422","-1390.9454345703125","-511.91424560546875"
"921","-915.7395102761009","-1272.946044921875","-618.2503662109375","-872.8585788892663","-1351.2286376953125","-518.190673828125","-971.1567169189453","-1354.0323486328125","-629.1829833984375"
"922","-914.6202247256324","-1151.4642333984375","-723.1398315429688","-898.0361142365829","-1156.938232421875","-623.4915771484375","-952.4037414550781","-1136.3416748046875","-755.6655883789062"
"924","-935.9474431818181","-1364.1871337890625","-676.6650390625","-938.5319399626359","-1301.3604736328125","-618.5933227539062","-971.6788665771485","-1297.909423828125","-728.213134765625"
"926","-921.7344912574405","-1413.11181640625","-634.6101684570312","-911.2795250934104","-1492.379150390625","-504.96575927734375","-1000.6996643066407","-1243.75244140625","-756.6875610351562"
"928","-970.7778058733259","-1499.1328125","-654.0850219726562","-890.8957439920176","-1295.3702392578125","-601.7876586914062","-979.7816223144531","-1615.6475830078125","-721.6051025390625"
"929","-937.8042544410342","-1166.84716796875","-625.5096435546875","-852.0287714419158","-1357.4053955078125","-505.4555969238281","-950.405712890625","-1246.2567138671875","-749.4159545898438"
"931","-905.3437732514881","-1236.293212890625","-633.43212890625","-835.2842181661855","-1090.89501953125","-483.3929748535156","-970.8394104003906","-1337.2822265625","-751.32421875"
"933","-954.1998174758185","-1262.3475341796875","-748.02490234375","-945.5553031589674","-1228.0137939453125","-736.0980224609375","-1009.4108856201171","-1292.56396484375","-647.5985717773438"
"935","-902.3466477167038","-1097.0283203125","-637.6588134765625","-875.8847815472146","-1275.853271484375","-543.85595703125","-955.1013977050782","-1276.721923828125","-653.0901489257812"
"937","-1025.6506754557292","-1859.4222412109375","-707.2998046875","-867.7695498259171","-1194.722412109375","-635.259765625","-931.3411682128906","-1296.19287109375","-668.5585327148438"
"938","-945.4840436662946","-1547.374267578125","-632.2811889648438","-906.8372271993886","-1365.06201171875","-653.1357421875","-972.4612854003906","-1365.25732421875","-729.3903198242188"
"940","-896.1608043852307","-1151.006103515625","-595.3698120117188","-913.1026372494905","-1192.5322265625","-663.1503295898438","-934.5286437988282","-1158.9219970703125","-636.098876953125"
"942","-915.1850004650298","-1518.6988525390625","-623.4279174804688","-881.6654822308084","-1260.34716796875","-514.5260009765625","-945.8843933105469","-1165.84716796875","-651.4940795898438"
"944","-979.1161818731399","-1248.7298583984375","-736.9381713867188","-934.6238323709239","-1335.2149658203125","-516.6256103515625","-978.5334533691406","-1231.565673828125","-728.1304321289062"
"945","-965.8623889741443","-1349.595947265625","-619.1756591796875","-917.2429013459579","-1248.499267578125","-634.3056640625","-984.0808380126953","-1406.552490234375","-727.70751953125"
"947","-986.5909075055804","-1878.6068115234375","-628.8526611328125","-900.142113727072","-1214.05126953125","-612.72021484375","-958.0507629394531","-1688.011474609375","-635.3886108398438"
"949","-984.661150251116","-1330.2437744140625","-744.2897338867188","-949.5197860054348","-1171.8302001953125","-737.3019409179688","-1047.3459838867188","-1820.6893310546875","-761.2866821289062"
"951","-909.974382672991","-1151.556396484375","-619.9559326171875","-919.5310350501019","-1175.1041259765625","-722.171142578125","-997.6128479003906","-1822.0247802734375","-633.9954833984375"
"953","-899.9696335565476","-1070.6669921875","-732.4702758789062","-914.7656223462975","-1149.090576171875","-633.9385986328125","-990.3791473388671","-1672.927978515625","-631.8006591796875"
"954","-928.5977579752604","-1413.5772705078125","-631.4600830078125","-888.3219710640285","-1126.70703125","-665.1009521484375","-968.5332244873047","-1346.7237548828125","-631.6317749023438"
"956","-951.0286429268973","-1310.0888671875","-631.858154296875","-932.377316682235","-1227.1923828125","-610.9910888671875","-997.5466979980469","-1333.7974853515625","-724.3845825195312"
"958","-896.2902047293527","-1251.0411376953125","-632.6414794921875","-885.6750063688859","-1317.3939208984375","-619.7259521484375","-938.9876007080078","-1150.87646484375","-659.6856079101562"
"960","-964.6203090122768","-1336.254150390625","-748.3016967773438","-922.4450179390285","-1246.2266845703125","-478.70916748046875","-953.9115600585938","-1242.6195068359375","-746.3035888671875"
"961","-933.6573980422247","-1548.345947265625","-629.6417236328125","-912.9522015115489","-1157.308837890625","-499.35003662109375","-955.8562225341797","-1350.8807373046875","-633.490966796875"
"962","-888.3716430664062","-1178.2088623046875","-512.2468872070312","-915.221215289572","-1273.3985595703125","-617.6552734375","-980.1507415771484","-1639.7579345703125","-713.9212036132812"
"964","-950.6629318963913","-1426.9364013671875","-512.3428955078125","-918.688696819803","-1249.408935546875","-562.4217529296875","-979.5864868164062","-1418.876953125","-633.8202514648438"
"966","-939.4670322963169","-1567.1009521484375","-640.7567749023438","-954.1595299762229","-1381.7916259765625","-639.0712890625","-991.1090454101562","-1826.6707763671875","-737.7593994140625"
"968","-978.3524896530878","-1341.0318603515625","-632.6121215820312","-948.9583182956861","-1307.573486328125","-685.8422241210938","-1001.0531372070312","-1245.428466796875","-728.2687377929688"
"969","-932.8714832124256","-1223.1004638671875","-744.6626586914062","-879.8030448581861","-1149.0390625","-622.5350952148438","-1009.1847887541119","-1835.322265625","-643.830078125"
"971","-977.423100062779","-1859.66845703125","-485.0239562988281","-954.7055319081182","-1423.0057373046875","-608.5873413085938","-982.1969696044922","-1236.791015625","-705.7302856445312"
"973","-926.1171845935639","-1294.18310546875","-631.5383911132812","-895.0292703379755","-1491.63671875","-498.86328125","-975.1342179147821","-1866.01904296875","-511.6744689941406"
"975","-947.5413934616815","-1456.505615234375","-687.4608154296875","-885.0538383152174","-1165.754638671875","-538.8357543945312","-974.4328356291119","-1607.387451171875","-639.9893798828125"
"977","-938.5816388811384","-1431.581787109375","-642.4990234375","-924.6194723378057","-1120.6544189453125","-632.7487182617188","-964.2900936729029","-1437.1556396484375","-633.3906860351562"
"978","-997.0098760695685","-1864.091064453125","-625.34521484375","-927.1224577530571","-1215.3919677734375","-517.7811279296875","-1022.1349680047286","-1578.2523193359375","-724.2019653320312"
"980","-946.234113420759","-1485.462890625","-632.6464233398438","-937.6725782311481","-1225.7120361328125","-623.1564331054688","-944.8571295487253","-1189.197509765625","-520.7991333007812"
"982","-923.5599539620536","-1235.2259521484375","-624.3280029296875","-894.3345283840014","-1312.1668701171875","-514.8458862304688","-960.3703227796053","-1252.073486328125","-631.2470092773438"
"984","-920.0697515578497","-1242.95361328125","-505.41229248046875","-920.5734518299932","-1299.650634765625","-527.3432006835938","-967.3597026624178","-1891.374267578125","-507.88092041015625"
"985","-967.4758882068452","-1694.3240966796875","-540.1774291992188","-934.1798228388247","-1234.278076171875","-514.909423828125","-1002.0279444644326","-1755.2529296875","-642.9172973632812"
"987","-921.3533034551712","-1245.9747314453125","-614.0322265625","-923.0159859035326","-1280.71044921875","-617.6708984375","-979.2967657791941","-1201.408203125","-753.8146362304688"
"989","-927.7597278413318","-1289.115966796875","-629.0443115234375","-933.8466239597486","-1149.58642578125","-629.5968627929688","-946.4848697060033","-1347.08544921875","-572.5865478515625"
"991","-898.5396060035342","-1150.1259765625","-628.477294921875","-939.5829308551291","-1287.077880859375","-642.017333984375","-963.5687544973273","-1456.71923828125","-635.3743286132812"
"993","-943.2719464983259","-1846.7083740234375","-636.0382080078125","-898.2166376528533","-1267.198974609375","-511.64495849609375","-966.7822201377467","-1243.991943359375","-716.2738037109375"
"994","-920.1302170526413","-1307.0205078125","-630.36767578125","-905.4326861837636","-1268.9481201171875","-608.8585205078125","-952.2782367907072","-1270.768798828125","-733.25537109375"
"996","-889.5282273065476","-1181.4398193359375","-637.4583740234375","-939.9802272630775","-1185.99169921875","-619.4115600585938","-1043.073322496916","-1827.9095458984375","-741.0732421875"
"998","-917.620134626116","-1263.9091796875","-634.357421875","-937.8979784094769","-1262.0303955078125","-637.1993408203125","-977.8713764391447","-1271.9429931640625","-712.3733520507812"
"1000","-904.8682716006324","-1371.26904296875","-384.11932373046875","-929.448438561481","-1315.0440673828125","-669.6439819335938","-997.2031731856497","-1880.192138671875","-635.7696533203125"
"1001","-898.7546415783111","-1251.649658203125","-626.9872436523438","-891.8347751783288","-1308.8687744140625","-618.2842407226562","-981.251863178454","-1889.0833740234375","-557.0236206054688"
"1003","-912.024402436756","-1452.049560546875","-600.0658569335938","-898.1008274244225","-1137.490478515625","-552.130859375","-971.5353714792352","-1463.35888671875","-745.4498291015625"
"1005","-912.2015555245536","-1399.377197265625","-638.542724609375","-945.1226806640625","-1150.1951904296875","-595.3632202148438","-952.8154007761102","-1165.171142578125","-652.9580688476562"
"1007","-916.4204305013021","-1243.3177490234375","-630.093017578125","-912.1572106402854","-1251.2449951171875","-611.4894409179688","-974.0138967413651","-1435.3055419921875","-642.4657592773438"
"1009","-933.9452630905878","-1336.7698974609375","-634.7567138671875","-899.614633311396","-1448.9112548828125","-485.4835510253906","-952.6403872841283","-1316.5130615234375","-635.7963256835938"
"1010","-909.6744035993304","-1242.909912109375","-626.345703125","-950.1575158160666","-1413.212890625","-443.677001953125","-993.6041099146793","-1714.3238525390625","-562.2967529296875"
"1012","-971.1005161830357","-1241.8839111328125","-655.3271484375","-935.9579335088315","-1247.70849609375","-567.8853759765625","-978.2828754625822","-1299.1380615234375","-571.6215209960938"
"1014","-944.0631626674107","-1732.6334228515625","-636.0501098632812","-925.6244772206182","-1167.8321533203125","-611.5060424804688","-990.0647807874178","-1626.5784912109375","-614.07763671875"
"1016","-843.8680100213913","-1217.88720703125","-525.6537475585938","-841.688095756199","-1137.8370361328125","-500.0080261230469","-930.4050485711349","-1242.9259033203125","-635.8607177734375"
"1017","-907.3390096028646","-1414.1480712890625","-518.552001953125","-915.5319452700408","-1250.982666015625","-542.7036743164062","-1005.0196982935855","-1396.27587890625","-755.59326171875"
"1018","-939.0525948660714","-1858.0960693359375","-638.9640502929688","-900.4665368121604","-1157.744873046875","-625.0990600585938","-931.687744140625","-1154.8565673828125","-619.8754272460938"
"1020","-875.9148588634673","-1234.7452392578125","-512.9368896484375","-908.1775963824729","-1194.5784912109375","-516.1011962890625","-910.4452707391036","-1092.3592529296875","-631.7191162109375"
"1022","-906.9355555943081","-1272.2645263671875","-630.3709106445312","-867.4283261506454","-1281.680908203125","-512.3080444335938","-997.6719103361431","-1885.07861328125","-611.7311401367188"
"1024","-919.5387050083706","-1871.9097900390625","-625.6710205078125","-909.5359948199729","-1235.9183349609375","-524.5164794921875","-929.7771124588816","-1143.6607666015625","-655.326904296875"
"1025","-872.2055809384301","-1276.652587890625","-630.3958740234375","-888.1399907651155","-1387.07470703125","-613.9972534179688","-953.5548063579358","-1450.6544189453125","-631.1218872070312"
"1027","-948.4857323056176","-1859.5897216796875","-514.1390991210938","-970.903981084409","-1113.913330078125","-741.417724609375","-964.9556724146793","-1275.67333984375","-628.4612426757812"
"1029","-912.8655032203311","-1266.3555908203125","-508.1796569824219","-975.8241205630095","-1262.426025390625","-615.7075805664062","-974.788330078125","-1472.738525390625","-735.75146484375"
"1031","-892.6304902576264","-1229.523681640625","-635.649169921875","-926.5529625934104","-1491.6966552734375","-510.25006103515625","-961.1152664987665","-1819.157470703125","-631.906494140625"
"1033","-927.8801676432291","-1152.6429443359375","-647.037841796875","-909.2016787321671","-1276.1856689453125","-612.6907958984375","-976.6673583984375","-1875.8076171875","-578.6888427734375"
"1034","-944.3937232607886","-1256.255859375","-628.95361328125","-903.2411552097486","-1282.2015380859375","-619.5977172851562","-942.8961759868421","-1148.8179931640625","-638.3273315429688"
"1036","-899.1189400809152","-1237.1658935546875","-611.0668334960938","-935.4306242569634","-1153.570556640625","-622.9556274414062","-937.8498406661184","-1316.89453125","-517.6332397460938"
"1038","-882.1868286132812","-1152.5419921875","-530.5052490234375","-924.9926147460938","-1270.5184326171875","-621.5055541992188","-941.874499850803","-1397.928955078125","-504.5628356933594"
"1040","-918.1627633231027","-1160.5008544921875","-535.1442260742188","-881.3655236285666","-1231.6563720703125","-510.78924560546875","-1009.7572597927517","-1461.5224609375","-631.148193359375"
"1041","-907.4784284319196","-1293.52685546875","-601.17333984375","-918.8010532545006","-1231.3486328125","-501.7833557128906","-1038.0979398839613","-1868.82666015625","-703.7701416015625"
"1042","","","","","","","-760.09228515625","-760.09228515625","-760.09228515625"
"1043","-879.7833949497768","-1234.9718017578125","-512.1598510742188","-882.3178976307745","-1166.858154296875","-616.3138427734375","-933.6604542451746","-1152.6788330078125","-636.2095947265625"
"1045","-992.0774361746652","-1854.1842041015625","-635.8216552734375","-881.9107321034307","-1258.87890625","-522.7467651367188","-958.8614896886489","-1432.4840087890625","-626.3276977539062"
"1047","-919.4168701171875","-1252.5150146484375","-640.7014770507812","-950.8588522206182","-1229.43310546875","-630.50390625","-949.0217823701746","-1238.4647216796875","-590.5428466796875"
"1049","-922.2259027390253","-1147.475830078125","-560.5746459960938","-900.0359550144361","-1169.7049560546875","-646.9899291992188","-968.0084551642923","-1822.0966796875","-646.857666015625"
"1050","-900.8213268461682","-1308.0174560546875","-514.1832275390625","-862.592761495839","-1263.959716796875","-499.7321472167969","-1011.7205918255975","-1873.2509765625","-627.9951171875"
"1052","-902.702642531622","-1242.400390625","-605.3408813476562","-883.8965931768003","-1074.1446533203125","-639.3822631835938","-953.294771082261","-1356.6282958984375","-754.6200561523438"
"1054","-924.0681908017114","-1510.22314453125","-638.7877807617188","-886.594702679178","-1255.74072265625","-610.9220581054688","-938.6135577033548","-1123.0322265625","-749.478759765625"
"1056","-913.7018345424107","-1429.458984375","-623.5963745117188","-912.7443449600884","-1508.7908935546875","-612.124755859375","-926.9167193244485","-1179.40185546875","-733.590087890625"
"1057","-965.0924450102307","-1363.2569580078125","-636.1422119140625","-911.9482740319294","-1279.136474609375","-480.75537109375","-952.6699254653033","-1268.7445068359375","-635.4108276367188"
"1059","-930.3004295712426","-1259.4439697265625","-517.4231567382812","-873.4220342221467","-1384.217041015625","-515.3927001953125","-975.4461562212775","-1417.3582763671875","-725.2875366210938"
"1061","-847.3936491466704","-1265.0860595703125","-510.9522399902344","-871.7244289232337","-1236.906982421875","-517.810791015625","-904.3842522116269","-1242.197021484375","-636.8939819335938"
"1063","-880.4343784877232","-1162.829833984375","-622.4920043945312","-930.8523108440896","-1281.565673828125","-607.719970703125","-1014.9412985409008","-1805.2371826171875","-623.9103393554688"
"1065","-900.1720028831845","-1314.3270263671875","-575.294677734375","-866.4606031334919","-1156.407470703125","-379.3138427734375","-926.7934426700367","-1258.180419921875","-714.9620361328125"
"1066","-891.1749441964286","-1240.539794921875","-513.3385009765625","-926.5791121773098","-1223.4310302734375","-633.2787475585938","-971.0534057617188","-1247.87548828125","-757.1799926757812"
"1068","-951.3778279622396","-1552.0213623046875","-629.1560668945312","-892.9431815769361","-1299.14892578125","-631.56005859375","-965.0015544891357","-1752.0797119140625","-510.9652404785156"
"1070","-945.2666829427084","-1841.1451416015625","-630.5736694335938","-959.5044953719429","-1336.4656982421875","-608.8777465820312","-1021.0707550048828","-1472.6766357421875","-750.5950927734375"
"1072","-936.8258783249628","-1279.6959228515625","-508.42559814453125","-973.2597443953804","-1223.4757080078125","-561.0723876953125","-1126.608039855957","-1873.1639404296875","-637.403076171875"
"1073","-867.8005748930432","-1443.5162353515625","-610.563720703125","-914.629799220873","-1121.284912109375","-500.9010314941406","-918.1160725911458","-1086.9881591796875","-637.3447875976562"
"1074","-872.6342192150298","-1156.7362060546875","-530.7606811523438","-874.7618036684783","-1123.089111328125","-410.46234130859375","-967.6790974934896","-1421.3968505859375","-743.606689453125"
"1076","-937.4071480887277","-1513.9100341796875","-635.4024047851562","-915.5724275008491","-1277.5267333984375","-520.9238891601562","-949.9102823893229","-1244.6751708984375","-751.8671875"
"1078","-926.4372326078869","-1441.58203125","-631.672119140625","-958.4832524838655","-1279.941650390625","-635.1293334960938","-900.7629048665365","-1237.968505859375","-384.0606994628906"
"1080","-920.7011340913318","-1302.2127685546875","-624.3883666992188","-912.2983743418818","-1105.5198974609375","-731.4215087890625","-1013.8006917317708","-1881.6383056640625","-744.0236206054688"
"1081","-912.5848446800595","-1307.7005615234375","-630.6109008789062","-913.7740372367527","-1211.23876953125","-633.1640625","-955.38779296875","-1390.9298095703125","-636.537353515625"
"1083","-873.1685442243304","-1144.2933349609375","-633.4580078125","-934.4727862814199","-1359.8521728515625","-650.0453491210938","-979.0669962565104","-1255.3729248046875","-631.7315673828125"
"1085","-883.9035339355469","-1222.4322509765625","-394.4927673339844","-879.1481164020041","-1278.8614501953125","-404.642333984375","-1007.0799763997396","-1881.95849609375","-715.614990234375"
"1087","-929.2610444568452","-1289.281494140625","-610.9010620117188","-906.4943714971128","-1191.7113037109375","-640.2507934570312","-975.1239420572916","-1793.9892578125","-669.4180297851562"
"1089","-912.7836536225818","-1104.767333984375","-506.73858642578125","-947.6231238323709","-1236.6357421875","-720.8259887695312","-967.5557047526041","-1156.6007080078125","-819.3104248046875"
"1090","-864.9231334867932","-1270.5235595703125","-637.0074462890625","-905.2043855086616","-1163.90771484375","-625.2200317382812","-880.7289774576823","-1143.9346923828125","-507.4499206542969"
"1092","-915.7798142206101","-1255.01318359375","-631.0985717773438","-954.9196007770041","-1488.9091796875","-720.3305053710938","-954.910819498698","-1245.6341552734375","-756.2408447265625"
"1094","-864.883783249628","-1159.5643310546875","-537.877685546875","-904.6979476265285","-1330.4039306640625","-636.548583984375","-967.1793212890625","-1363.2178955078125","-640.2267456054688"
"1096","-921.2994384765625","-1194.705078125","-649.629638671875","-954.6023639181386","-1250.9544677734375","-648.1290893554688","-962.5443725585938","-1255.5885009765625","-716.4055786132812"
"1097","-923.5682227725074","-1392.6719970703125","-638.8805541992188","-937.1170335852581","-1245.454833984375","-522.32275390625","-938.5249145507812","-1314.954345703125","-648.5559692382812"
"1099","-915.0999290829614","-1158.1385498046875","-511.8115234375","-881.7632658585259","-1291.412109375","-612.9443359375","-1024.697127278646","-1793.3360595703125","-746.7344360351562"
"1101","-957.3291102818081","-1491.8585205078125","-635.042724609375","-880.6941077190896","-1307.9705810546875","-512.9591674804688","-930.4106567382812","-1089.6968994140625","-722.9065551757812"
"1103","-879.9260544549851","-1242.8814697265625","-389.25189208984375","-909.3430096170176","-1214.0838623046875","-638.840087890625","-1001.6891479492188","-1859.52392578125","-702.1536865234375"
"1105","-947.8042922247024","-1252.9359130859375","-511.86578369140625","-934.60546875","-1215.31884765625","-644.460693359375","-961.0619506835938","-1263.64111328125","-757.613037109375"
"1106","-936.3977951776413","-1788.4625244140625","-614.8502807617188","-889.8395889945652","-1179.9095458984375","-527.5023193359375","-982.0804036458334","-1906.6898193359375","-637.5949096679688"
"1108","-914.5703793480283","-1264.587646484375","-630.6980590820312","-901.4538242505944","-1216.844970703125","-490.972900390625","-918.2188761393229","-1316.6103515625","-703.8958740234375"
"1110","-866.1399855840774","-1128.1065673828125","-516.4098510742188","-896.6144754161005","-1062.226806640625","-524.7803344726562","-914.3877075195312","-1167.22314453125","-627.8668212890625"
"1112","-868.3251575288318","-1237.11474609375","-628.5506591796875","-889.7890678074049","-1219.1790771484375","-525.5943603515625","-929.4932902018229","-1375.7215576171875","-635.1611938476562"
"1113","-953.9278913225446","-1654.68896484375","-630.5485229492188","-906.9944696841033","-1246.5906982421875","-619.5575561523438","-942.5609334309896","-1290.9505615234375","-632.0142211914062"
"1115","-922.2799857003348","-1246.237060546875","-668.9080200195312","-931.5296047044837","-1302.7274169921875","-719.880126953125","-941.0353759765625","-1466.2352294921875","-684.3159790039062"
"1117","-916.5349382672991","-1805.715087890625","-531.9459228515625","-918.4836611540421","-1124.3704833984375","-639.5072631835938","-933.9373616536458","-1246.1490478515625","-738.1107177734375"
"1119","-874.2774193173364","-1139.699951171875","-605.0980834960938","-921.0043122664741","-1233.701416015625","-725.4774169921875","-914.0595441545759","-1088.275390625","-754.6410522460938"
"1121","-876.9157104492188","-1296.972412109375","-527.6004638671875","-914.2143581224525","-1299.8897705078125","-630.4002075195312","-941.835371907552","-1139.3758544921875","-753.7696533203125"
"1122","-871.5248020717075","-1154.61083984375","-501.6595153808594","-885.6122728430706","-1303.6605224609375","-513.8663940429688","-993.3271876743862","-1792.9393310546875","-631.9993286132812"
"1124","-872.382335844494","-1249.0263671875","-616.3516845703125","-892.8461542544158","-1140.958740234375","-570.2933349609375","-992.5050833565848","-1843.4732666015625","-615.7395629882812"
"1126","-887.9310884021577","-1167.7589111328125","-512.18212890625","-908.7678209387738","-1280.7315673828125","-396.5863342285156","-901.1118643624442","-1250.6331787109375","-509.52655029296875"
"1128","-928.0027988978794","-1304.030029296875","-647.9107666015625","-937.1140269403872","-1294.2177734375","-636.5731811523438","-970.16943359375","-1237.4404296875","-731.958984375"
"1129","-895.8268694196429","-1245.3768310546875","-641.3074951171875","-886.6540713102921","-1291.5731201171875","-615.1775512695312","-998.0019967215402","-1870.0850830078125","-740.86865234375"
"1130","-896.4361746651786","-1270.6549072265625","-574.4017333984375","-899.7000785495924","-1236.089111328125","-639.5659790039062","-1058.3496878487724","-1869.360595703125","-637.235107421875"
"1132","-926.8153250558036","-1449.66943359375","-635.6746215820312","-885.4781839121943","-1153.0294189453125","-594.8721313476562","-978.9923226492746","-1777.8009033203125","-750.0286254882812"
"1134","-869.9278971354166","-1327.0543212890625","-632.798828125","-860.0365574048913","-1094.85693359375","-515.158447265625","-877.8380911690848","-1169.3785400390625","-620.1624145507812"
"1136","-867.1176191057477","-1530.7216796875","-506.5387268066406","-874.1213405443275","-1154.1634521484375","-517.751708984375","-979.4275905064175","-1241.607177734375","-737.0004272460938"
"1137","-889.2834676106771","-1206.443115234375","-629.8033447265625","-926.1184414950284","-1354.1947021484375","-542.8662719726562","-930.6420811244419","-1242.968017578125","-617.7110595703125"
"1139","-862.8365536644345","-1165.212646484375","-521.802978515625","-823.5448104194973","-1128.8504638671875","-517.980224609375","-932.0899004255023","-1076.2230224609375","-758.6732788085938"
"1141","-911.1920747302827","-1275.2606201171875","-638.5643310546875","-888.0189819335938","-1181.2406005859375","-641.37060546875","-926.8907819475446","-1317.59814453125","-711.7377319335938"
"1143","-918.2531011672247","-1270.48486328125","-638.5961303710938","-927.5169011896306","-1156.768310546875","-647.0557250976562","-986.6556047712054","-1389.5731201171875","-747.553955078125"
"1145","-901.4733218238467","-1247.5367431640625","-631.7316284179688","-933.8835393732244","-1260.068115234375","-644.3363037109375","-974.793718610491","-1872.6575927734375","-624.9086303710938"
"1146","-895.2571701776413","-1256.816162109375","-632.2787475585938","-855.6143646240234","-1253.1011962890625","-388.9822692871094","-922.7040012904575","-1210.596923828125","-727.0577392578125"
"1148","-911.3500395275298","-1257.5955810546875","-504.92474365234375","-883.0612432306463","-1320.7786865234375","-515.2138061523438","-950.8557608468192","-1196.415771484375","-752.0899047851562"
"1150","-888.2948811848959","-1217.8995361328125","-544.2672119140625","-915.8486633300781","-1261.6737060546875","-516.1085815429688","-986.0325142996652","-1310.7061767578125","-667.1799926757812"
"1152","-891.055919828869","-1398.902587890625","-577.6148071289062","-921.5142433860085","-1304.131591796875","-646.5460815429688","-944.1066240583148","-1172.5389404296875","-651.7771606445312"
"1153","-880.4668317522321","-1271.2069091796875","-634.260498046875","-890.3538818359375","-1261.1888427734375","-627.6448974609375","-935.26611328125","-1235.4320068359375","-618.5350952148438"
"1155","-885.1262555803571","-1288.2056884765625","-631.625","-908.9422607421875","-1140.5101318359375","-622.7593383789062","-928.8385925292969","-1236.7401123046875","-734.106201171875"
"1157","-953.4799019949777","-1817.2744140625","-634.7091064453125","-905.4026933149858","-1341.8026123046875","-619.682861328125","-1013.7064034598214","-1872.9521484375","-631.06689453125"
"1159","-893.8216843377976","-1322.251953125","-634.1792602539062","-894.1771157004616","-1156.0030517578125","-513.117919921875","-957.9585789271763","-1340.2364501953125","-665.9404907226562"
"1161","-911.1850818452381","-1162.3123779296875","-738.1552734375","-914.4619099010121","-1180.2557373046875","-381.8840026855469","-1036.2399727957588","-1784.5367431640625","-623.6453857421875"
"1162","-886.7160092308408","-1158.6192626953125","-632.1902465820312","-906.0696050470525","-1491.4525146484375","-383.5631103515625","-921.6571742466518","-1237.4984130859375","-531.948974609375"
"1164","-914.0746276855468","-1172.9874267578125","-639.6985473632812","-899.1623951305043","-1160.576904296875","-649.638916015625","-1021.8994750976562","-1767.17041015625","-632.2653198242188"
"1166","-928.3020775204614","-1267.6663818359375","-634.8270874023438","-911.9851018732244","-1260.63330078125","-512.4923706054688","-1024.2008579799108","-1869.44677734375","-511.35882568359375"
"1168","-894.7545959472657","-1807.5908203125","-554.0921020507812","-849.347392689098","-1144.4759521484375","-614.3967895507812","-916.9817461286273","-1299.3353271484375","-722.9782104492188"
"1169","-927.8617248535156","-1814.2598876953125","-619.2257690429688","-881.1517722389915","-1156.244140625","-577.1699829101562","-902.4676513671875","-1157.241943359375","-736.89990234375"
"1171","-936.0202178955078","-1282.201171875","-633.0733642578125","-920.5436900745739","-1248.447021484375","-636.8208618164062","-912.4809439522879","-1156.900634765625","-626.934814453125"
"1173","-878.29921875","-1215.233154296875","-509.83380126953125","-881.1087313565341","-1156.2955322265625","-517.3156127929688","-909.3276846749442","-1161.552734375","-529.6144409179688"
"1175","-911.4254150390625","-1341.46435546875","-630.4772338867188","-882.7453779740767","-1197.072998046875","-499.965576171875","-934.9329485212054","-1326.2777099609375","-632.0818481445312"
"1177","-859.7763977050781","-1280.9691162109375","-490.71588134765625","-861.7735942493786","-1240.273193359375","-505.0404968261719","-935.3837323869977","-1197.8052978515625","-631.1123046875"
"1178","-939.3155883789062","-1307.465087890625","-722.8703002929688","-865.232119473544","-1156.5281982421875","-523.9585571289062","-992.6734662737165","-1850.8760986328125","-629.8136596679688"
"1180","-862.5674667358398","-1271.536376953125","-495.2468566894531","-915.2273448597301","-1326.689208984375","-536.970703125","-911.7517874581473","-1241.1383056640625","-613.2765502929688"
"1182","-970.3491912841797","-1724.7703857421875","-637.490478515625","-841.1491602117366","-1223.6986083984375","-502.6603698730469","-930.1954171316964","-1167.19140625","-737.1519775390625"
"1184","-911.2954772949219","-1235.7652587890625","-524.9225463867188","-873.0929953835227","-1194.1790771484375","-536.68505859375","-964.7354038783482","-1176.435791015625","-740.77978515625"
"1185","-908.0113006591797","-1248.009033203125","-627.7760620117188","-894.8141007856889","-1248.5426025390625","-628.4675903320312","-902.6129804338727","-1252.4837646484375","-625.53857421875"
"1186","-893.5605743408203","-1420.6597900390625","-582.0078735351562","-855.7726135253906","-1275.8609619140625","-516.6796264648438","-906.6932460239956","-1248.0704345703125","-740.0850830078125"
"1188","-952.9203643798828","-1796.9490966796875","-625.7567138671875","-921.3334211869674","-1246.9923095703125","-608.6198120117188","-1047.4359130859375","-1881.7293701171875","-728.5621948242188"
"1190","-897.0243347167968","-1259.9256591796875","-494.38433837890625","-888.626972545277","-1280.26318359375","-519.4912109375","-1087.9105704171318","-1879.9556884765625","-646.681396484375"
"1192","-875.590786743164","-1154.55419921875","-549.1964721679688","-870.3749015114524","-1287.9891357421875","-511.6028747558594","-914.8744070870536","-1162.15673828125","-635.8523559570312"
"1193","-900.4809448242188","-1160.9613037109375","-638.9209594726562","-909.4361059015447","-1306.833984375","-497.8501892089844","-954.6110403878348","-1190.448974609375","-535.9423217773438"
"1195","-900.4547393798828","-1158.1846923828125","-544.9620971679688","-910.8440856933594","-1252.574951171875","-511.21923828125","-903.2162686861478","-1088.2913818359375","-511.0326843261719"
"1197","-876.843618774414","-1272.494873046875","-515.6527709960938","-929.4964627352628","-1158.935546875","-524.1093139648438","-951.2672467912946","-1298.7401123046875","-632.8704223632812"
"1199","-968.8908966064453","-1815.8221435546875","-630.0601196289062","-898.9893493652344","-1222.61572265625","-600.2926025390625","-948.9156259390024","-1259.13671875","-631.0454711914062"
"1201","-881.4928283691406","-1261.0782470703125","-616.0010986328125","-898.5562050559304","-1136.4429931640625","-505.69049072265625","-975.7143038236178","-1773.7137451171875","-700.2544555664062"
"1202","-904.1742492675781","-1794.01806640625","-512.31689453125","-878.5021279074929","-1085.4539794921875","-498.9203186035156","-954.2203556941106","-1350.02978515625","-662.6671752929688"
"1204","-931.9746017456055","-1342.1085205078125","-384.5682678222656","-933.3768199573864","-1318.6678466796875","-632.463623046875","-956.5857215294471","-1305.760498046875","-725.2649536132812"
"1206","-877.0979217529297","-1361.7498779296875","-630.6510620117188","-903.4200994318181","-1154.870361328125","-629.8447875976562","-927.5387244591346","-1144.815185546875","-731.469482421875"
"1208","-912.5984649658203","-1338.11279296875","-603.5780639648438","-920.7895341352983","-1257.9202880859375","-522.0350952148438","-1018.9612896259015","-1577.4359130859375","-749.4908447265625"
"1209","-930.2733764648438","-1303.2684326171875","-629.08154296875","-866.0667502663352","-1243.36083984375","-501.65185546875","-1018.3336369441106","-1760.200439453125","-504.366455078125"
"1211","-925.3893249511718","-1160.684326171875","-512.2093505859375","-912.6890120072799","-1434.61376953125","-616.25244140625","-898.0611807016226","-1157.59130859375","-634.3229370117188"
"1213","-924.623193359375","-1814.142578125","-631.8067016601562","-886.5053350275213","-1150.431884765625","-657.688232421875","-944.0429264948918","-1577.6845703125","-663.6199340820312"
"1215","-982.0925079345703","-1327.0616455078125","-631.0580444335938","-887.6080780029297","-1265.5736083984375","-447.4550476074219","-943.4977416992188","-1294.3232421875","-753.255126953125"
"1217","-855.5730987548828","-1152.3609619140625","-579.2756958007812","-816.64047796076","-1079.02001953125","-516.1246337890625","-933.306382399339","-1164.23681640625","-713.0697021484375"
"1218","-917.2330871582031","-1329.602783203125","-619.1466674804688","-898.9001215154475","-1246.969970703125","-603.3681030273438","-964.3940899188702","-1298.034423828125","-631.744140625"
"1220","-898.9506774902344","-1154.2921142578125","-623.7756958007812","-910.0042835582386","-1165.3089599609375","-625.6168823242188","-882.8182513897235","-1154.9691162109375","-606.1875"
"1222","-891.4702285766601","-1219.015380859375","-511.4188537597656","-870.6280656294389","-1198.25390625","-501.84429931640625","-1018.3384821965144","-1883.58544921875","-630.7907104492188"
"1224","-882.5388890316611","-1158.13916015625","-620.1712036132812","-899.1875901655717","-1229.6351318359375","-409.4574279785156","-949.1541231595553","-1330.4571533203125","-628.3880004882812"
"1225","-918.3910875822369","-1220.7261962890625","-620.3818359375","-888.807411887429","-1161.9378662109375","-628.2433471679688","-1033.1893873948318","-1876.8409423828125","-755.3367309570312"
"1226","-792.3118286132812","-792.3118286132812","-792.3118286132812","","","","","",""
"1227","-877.8034700092517","-1236.10986328125","-636.1552124023438","-839.1126389936967","-1289.3695068359375","-393.1110534667969","-885.7940439077524","-1131.9747314453125","-630.9161987304688"
"1229","-930.2669870476974","-1273.285400390625","-635.8526611328125","-953.1742525967685","-1258.255126953125","-652.8787231445312","-1033.8222045898438","-1402.5689697265625","-750.0331420898438"
"1231","-862.7806219803659","-1225.45947265625","-507.35723876953125","-870.7475558194247","-1355.333740234375","-605.5388793945312","-868.3445340670072","-1071.835693359375","-509.322021484375"
"1233","-879.9265939812911","-1354.09326171875","-506.93084716796875","-871.5892112038352","-1211.7393798828125","-618.8423461914062","-864.107919546274","-1156.9395751953125","-631.4837036132812"
"1234","-888.8675601356908","-1258.27490234375","-506.78692626953125","-914.9824551669034","-1312.8406982421875","-643.52978515625","-886.6864369710287","-1388.461669921875","-632.1404418945312"
"1236","-896.8520282946134","-1421.7139892578125","-594.7122802734375","-899.3503917347301","-1374.45166015625","-510.6221923828125","-896.1730628380409","-1307.82421875","-706.7506103515625"
"1238","-880.8639462119654","-1091.8765869140625","-640.0625610351562","-899.3674566095525","-1138.75146484375","-634.8883056640625","-922.7621714274088","-1123.807373046875","-743.6784057617188"
"1240","-913.0005011307566","-1089.009033203125","-578.2346801757812","-926.4101090864701","-1220.5989990234375","-415.2005615234375","-935.2165374755859","-1760.6038818359375","-629.0645141601562"
"1241","-932.0105365953947","-1269.052001953125","-630.99072265625","-909.2188609730114","-1461.85693359375","-387.58856201171875","-913.8704884847006","-1354.1904296875","-693.1473388671875"
"1242","-837.5808844315378","-1045.69140625","-510.77252197265625","-851.8566908402877","-1239.557373046875","-389.0528869628906","-822.1104532877604","-1164.974365234375","-629.701904296875"
"1244","-928.3842612818668","-1337.8994140625","-679.94384765625","-905.1511535644531","-1266.598876953125","-514.6572265625","-924.4557189941406","-1087.3970947265625","-760.25732421875"
"1246","-880.1268985145971","-1273.63134765625","-613.0249633789062","-939.1622813831676","-1191.6024169921875","-517.23388671875","-982.9327596028646","-1879.6993408203125","-740.9851684570312"
"1248","-917.5006810238486","-1275.8076171875","-635.1809692382812","-899.4135187322444","-1277.9169921875","-387.41925048828125","-939.1188354492188","-1260.4210205078125","-636.0707397460938"
"1249","-915.4557687859786","-1399.011962890625","-598.9451293945312","-885.2051447088069","-1320.976806640625","-516.8324584960938","-849.9349899291992","-1248.8797607421875","-510.8373107910156"
"1251","-904.7937381142065","-1270.183837890625","-507.7333068847656","-897.49692327326","-1253.0980224609375","-520.89404296875","-1001.4465993245443","-1866.8922119140625","-632.525634765625"
"1253","-835.6902770996094","-1252.618408203125","-510.5985412597656","-865.0568292791194","-1318.081787109375","-390.23431396484375","-878.3303527832031","-1150.760009765625","-531.5558471679688"
"1255","-885.9506707442434","-1304.619873046875","-626.1488037109375","-871.8252521861683","-1072.19677734375","-499.5756530761719","-873.4508412679037","-1133.066650390625","-509.98077392578125"
"1257","-946.9305227179276","-1913.3294677734375","-629.221435546875","-932.8225708007812","-1371.147216796875","-619.0257568359375","-1048.3269856770833","-1765.9503173828125","-511.9840087890625"
"1258","-910.0087730006168","-1174.1148681640625","-630.6631469726562","-901.5279208096591","-1305.4949951171875","-390.2778015136719","-916.0357411702474","-1237.758544921875","-632.4873657226562"
"1260","-938.7650949578536","-1181.0789794921875","-550.0614013671875","-903.6480588045987","-1274.728515625","-462.5011901855469","-998.9250691731771","-1862.7752685546875","-669.8612670898438"
"1262","-901.7942440635279","-1519.497802734375","-655.358642578125","-909.39858453924","-1222.168701171875","-640.68994140625","-914.8114140828451","-1283.9412841796875","-504.5519714355469"
"1264","-934.3566091437089","-1312.2830810546875","-618.0845947265625","-938.8996554287997","-1358.9429931640625","-639.5650024414062","-991.9645385742188","-1758.18017578125","-650.0543212890625"
"1265","-918.2445325349506","-1305.9552001953125","-516.01708984375","-905.382080078125","-1234.1494140625","-520.1679077148438","-947.3918304443359","-1232.8419189453125","-730.5576782226562"
"1267","-903.4618658768503","-1278.4102783203125","-513.3164672851562","-887.4422246759588","-1142.7064208984375","-393.9788818359375","-1013.6648305257162","-1757.8377685546875","-659.42578125"
"1269","-941.9343647203947","-1331.6285400390625","-737.336181640625","-919.0993472012607","-1494.9774169921875","-492.8178405761719","-872.3316802978516","-1150.9462890625","-608.68994140625"
"1271","-917.9027485094572","-1146.5498046875","-696.3396606445312","-946.1125183105469","-1237.3936767578125","-626.9819946289062","-869.8337173461914","-1141.8218994140625","-508.5393981933594"
"1273","-915.8200458727384","-1437.1282958984375","-633.7373046875","-932.8402099609375","-1261.5467529296875","-637.8556518554688","-910.6499176025391","-1249.0740966796875","-635.0274047851562"
"1274","-912.8815179122122","-1276.5001220703125","-632.9420166015625","-862.0115356445312","-1133.046142578125","-515.029541015625","-932.1317342122396","-1260.1461181640625","-636.1271362304688"
"1276","-909.4241525750411","-1245.7913818359375","-627.8977661132812","-882.701718417081","-1414.3310546875","-524.4827270507812","-979.9622090657552","-1871.8392333984375","-634.4983520507812"
"1278","-915.9659198961759","-1421.0662841796875","-603.0288696289062","-890.4298511851918","-1153.1142578125","-645.892822265625","-962.1234029134115","-1868.4205322265625","-629.7824096679688"
"1280","-899.6508483886719","-1269.8800048828125","-381.3228454589844","-919.6991327459162","-1237.21533203125","-518.6460571289062","-951.8932291666666","-1149.8095703125","-751.8408203125"
"1281","-879.0183651572779","-1153.91064453125","-614.2974243164062","-908.3923811479049","-1257.0714111328125","-520.5247802734375","-842.8616587320963","-1229.30712890625","-636.4306640625"
"1283","-922.0539197419819","-1272.8223876953125","-633.0175170898438","-882.9246673583984","-1208.896484375","-282.5338439941406","-912.3849232991537","-1412.8275146484375","-633.9059448242188"
"1285","-876.385009765625","-1166.32373046875","-391.96728515625","-857.7846915505149","-1240.8524169921875","-509.6087341308594","-955.1032918294271","-1421.350830078125","-643.7055053710938"
"1288","-885.9626047234786","-1221.816162109375","-503.36749267578125","-895.5489307750355","-1254.217529296875","-621.8817749023438","-864.36083984375","-1079.5142822265625","-630.5632934570312"
"1290","-902.1655080694901","-1149.6756591796875","-624.994140625","-921.0687311345881","-1264.4300537109375","-630.1369018554688","-915.6664072672526","-1311.281005859375","-706.390625"
"1291","-869.6867418791119","-1087.0491943359375","-610.8554077148438","-872.8637071089311","-1140.64404296875","-399.5409240722656","-888.7835235595703","-1102.5853271484375","-612.0841674804688"
"1293","-962.6090553685239","-1236.1748046875","-384.5154724121094","-917.4375416148793","-1215.8978271484375","-502.7401123046875","-1028.3043975830078","-1761.946044921875","-635.8796997070312"
"1295","-888.4661993729441","-1236.7935791015625","-632.6707153320312","-904.4786016290838","-1157.051025390625","-553.2010498046875","-832.2435251871744","-1061.6080322265625","-633.0443115234375"
"1297","-866.9166034899259","-1325.0921630859375","-512.9984741210938","-895.3992559259588","-1251.4859619140625","-636.3416137695312","-885.5251770019531","-1054.320556640625","-737.2810668945312"
"1298","-915.347122995477","-1228.5389404296875","-632.4202270507812","-912.240400834517","-1240.060546875","-655.2056884765625","-999.2419942220052","-1747.8946533203125","-511.92987060546875"
"1299","-909.5911062140214","-1236.3359375","-592.8822631835938","-897.900820645419","-1310.6165771484375","-518.0432739257812","-884.28271484375","-1079.9644775390625","-600.4382934570312"
"1301","-892.4082095497533","-1254.6856689453125","-563.6605834960938","-913.3772444291549","-1359.0009765625","-520.0352172851562","-984.5290934244791","-1881.435546875","-632.9653930664062"
"1303","-938.5315567819696","-1280.9755859375","-510.0518493652344","-903.4225311279297","-1147.7156982421875","-504.5617370605469","-936.4648234049479","-1255.1002197265625","-634.41845703125"
"1305","-858.0555178993627","-1151.681884765625","-507.5001525878906","-888.2623568448154","-1151.222900390625","-620.3129272460938","-876.6317698160807","-1147.7757568359375","-652.5247192382812"
"1306","-929.5360332288241","-1194.7235107421875","-628.9200439453125","-862.427959095348","-1332.691162109375","-515.8757934570312","-909.7322133382162","-1072.5169677734375","-737.8212890625"
"1308","-867.0418444181744","-1390.0009765625","-621.7496948242188","-892.181865345348","-1149.3668212890625","-525.5654907226562","-973.2020874023438","-1880.679931640625","-636.0482788085938"
"1310","-890.4134971217105","-1160.409912109375","-510.3377685546875","-902.2143679532138","-1360.2445068359375","-394.1034851074219","-959.3576456705729","-1323.1729736328125","-628.27685546875"
"1312","-912.0938527960526","-1323.7154541015625","-603.6634521484375","-873.6828835227273","-1265.4345703125","-388.58453369140625","-883.6544036865234","-1759.248046875","-515.681396484375"
"1314","-879.4632086502878","-1230.287353515625","-388.8587951660156","-885.3464882590554","-1153.1455078125","-506.69140625","-905.1210072835287","-1058.5550537109375","-708.251708984375"
"1315","-887.2164467259457","-1321.6375732421875","-632.3640747070312","-911.265078457919","-1257.765625","-682.184326171875","-960.6711730957031","-1869.6480712890625","-721.1484375"
"1317","-897.7084189967105","-1197.3306884765625","-512.7005615234375","-944.4110773259944","-1491.987060546875","-632.7799682617188","-937.09912109375","-1497.8748779296875","-634.3078002929688"
"1319","-899.8192363538241","-1263.14697265625","-638.8815307617188","-894.2022483132102","-1255.1614990234375","-636.423828125","-851.8549499511719","-1252.093994140625","-633.9375"
"1321","-871.9790151495682","-1167.37841796875","-509.6673889160156","-891.0748665549538","-1225.2520751953125","-394.5952453613281","-870.270622253418","-1346.095458984375","-509.5512390136719"
"1322","-900.41796875","-1339.2427978515625","-515.0026245117188","-867.4643055308949","-1250.86865234375","-394.910888671875","-861.2542775472006","-1250.688232421875","-633.0031127929688"
"1324","-889.2298134251645","-1201.3714599609375","-512.0559692382812","-858.17919921875","-1239.59716796875","-603.37255859375","-928.1842549641927","-1226.2747802734375","-737.5422973632812"
"1326","-905.5532194438733","-1246.06591796875","-610.7598876953125","-904.8697454279119","-1236.48388671875","-576.7250366210938","-940.8512115478516","-1471.6123046875","-633.7342529296875"
"1328","-859.9975039833471","-1301.9456787109375","-603.9841918945312","-865.8018304734003","-1237.333740234375","-622.9728393554688","-868.6952616373698","-1238.5137939453125","-634.6959228515625"
"1329","","","","-1157.7481689453125","-1157.7481689453125","-1157.7481689453125","","",""
"1330","-899.4120563707853","-1347.5977783203125","-510.7983093261719","-852.6188543410528","-1260.10791015625","-282.7727966308594","-882.7149454752604","-1180.9503173828125","-633.48974609375"
"1331","-882.3353271484375","-1157.259765625","-627.3065795898438","-874.8967023577009","-1132.5985107421875","-608.919677734375","-835.7580922444662","-1276.4241943359375","-630.0872192382812"
"1333","-916.5698274311267","-1477.0516357421875","-629.0960083007812","-818.0348074776786","-1152.7923583984375","-398.26611328125","-1036.440912882487","-1692.1669921875","-636.6070556640625"
"1335","-817.5985701711554","-1135.442626953125","-442.1373291015625","-853.0569385346912","-1245.8348388671875","-399.9861755371094","-855.1021067301432","-1148.8016357421875","-631.3527221679688"
"1337","-926.5080148797286","-1329.8856201171875","-513.5521850585938","-854.2573925199963","-1244.7855224609375","-393.7548522949219","-949.2338409423828","-1810.4002685546875","-525.6317138671875"
"1338","-877.0377807617188","-1165.1019287109375","-547.6443481445312","-870.9147585914249","-1362.0738525390625","-292.0843200683594","-917.2429046630859","-1741.232666015625","-622.1246948242188"
"1340","-896.6865025570518","-1233.3856201171875","-510.6723937988281","-944.2963165283203","-1388.1922607421875","-592.2516479492188","-966.0807952880859","-1737.49072265625","-507.32232666015625"
"1341","","","","-763.7188110351562","-763.7188110351562","-763.7188110351562","","",""
"1342","-862.7636333264803","-1167.6617431640625","-511.489501953125","-855.5109069824218","-1291.0323486328125","-514.5556640625","-968.5934244791666","-1348.33251953125","-731.3612670898438"
"1344","-886.9534205386514","-1253.5709228515625","-631.8314819335938","-857.0511184692383","-1149.3974609375","-389.8358459472656","-857.0298207600912","-1235.624267578125","-499.6522216796875"
"1346","-888.1933304636102","-1323.3267822265625","-522.8854370117188","-895.5415069580079","-1277.265380859375","-564.4178466796875","-872.1753590901693","-1193.8629150390625","-554.2376708984375"
"1347","-914.1116493626645","-1533.21875","-628.7486572265625","-948.8143157958984","-1270.815185546875","-695.2058715820312","-898.9270426432291","-1173.509765625","-513.4873657226562"
"1349","-932.7433696546053","-1497.3670654296875","-629.7265625","-897.1959411621094","-1145.4638671875","-394.59747314453125","-951.2375132242838","-1283.5394287109375","-637.3374633789062"
"1351","-838.8549130088404","-1248.761962890625","-510.33709716796875","-849.5836181640625","-1162.5772705078125","-628.7686157226562","-884.3318786621094","-1071.53466796875","-638.7212524414062"
"1353","-918.5903063322369","-1246.9215087890625","-616.9114379882812","-807.7409759521485","-1334.7347412109375","-520.2446899414062","-896.4985300699869","-1318.4276123046875","-598.4364013671875"
"1354","-894.8841777600741","-1227.8026123046875","-632.6896362304688","-866.7239562988282","-1272.63525390625","-519.4744873046875","-900.0068359375","-1157.0438232421875","-529.42431640625"
"1355","-906.2044067382812","-1268.367919921875","-543.3701782226562","-914.1494110107421","-1360.9049072265625","-614.9264526367188","-944.9356435139974","-1302.0980224609375","-739.9938354492188"
"1357","-923.3880502801193","-1540.857177734375","-508.8140563964844","-836.8074508666992","-1153.281494140625","-396.8063049316406","-856.8860321044922","-1226.086181640625","-516.4740600585938"
"1359","-943.5390849866366","-1626.2611083984375","-642.2186889648438","-909.485823059082","-1349.65625","-401.9936218261719","-1054.8626047770183","-1860.9141845703125","-635.24169921875"
"1361","-938.3414595754523","-1310.1251220703125","-618.01904296875","-958.3846374511719","-1300.44140625","-629.4269409179688","-879.5987548828125","-1294.5758056640625","-721.93212890625"
"1362","-868.471350418894","-1093.247314453125","-493.2213439941406","-918.1889923095703","-1410.220458984375","-528.723876953125","-898.2096099853516","-1129.761962890625","-642.2611083984375"
"1364","-934.0882214997944","-1370.7252197265625","-627.3139038085938","-911.9423583984375","-1196.1097412109375","-510.2401123046875","-935.4013977050781","-1408.8521728515625","-632.3614501953125"
"1366","-907.2223237690173","-1516.1607666015625","-505.0362854003906","-848.855860900879","-1083.87353515625","-495.31170654296875","-939.9853566487631","-1743.0333251953125","-622.2808837890625"
"1368","-939.963712993421","-1404.974853515625","-537.1322021484375","-888.5925994873047","-1257.2010498046875","-397.33642578125","-903.6608632405599","-1181.6939697265625","-734.10107421875"
"1370","-871.0061597322162","-1161.96435546875","-510.0346984863281","-878.3009048461914","-1231.237548828125","-476.1994934082031","-842.6280110677084","-1294.2913818359375","-575.7081909179688"
"1371","-880.9893541837994","-1238.9915771484375","-513.8303833007812","-896.2296508789062","-1143.8504638671875","-635.4934692382812","-865.6923166910807","-1141.9288330078125","-618.13916015625"
"1373","-892.3526771946957","-1207.4801025390625","-627.6590576171875","-865.7200408935547","-1075.4512939453125","-562.8037719726562","-892.1409759521484","-1069.2933349609375","-621.0503540039062"
"1375","-881.3224712171053","-1246.3868408203125","-627.345458984375","-902.8541900634766","-1377.69970703125","-400.2803955078125","-934.5836791992188","-1744.430908203125","-619.77587890625"
"1377","-906.5054995888158","-1145.2225341796875","-518.9049682617188","-877.7699096679687","-1153.951416015625","-539.6943359375","-932.9825744628906","-1132.095458984375","-754.856201171875"
"1378","-918.1004285310444","-1261.429931640625","-639.614501953125","-933.5488830566406","-1218.23046875","-520.5179443359375","-1033.255106608073","-1738.0201416015625","-744.8438720703125"
"1380","-850.5936632658306","-1280.2784423828125","-512.3707275390625","-872.5643768310547","-1362.5784912109375","-645.4420166015625","-917.9465128580729","-1277.94921875","-662.0191650390625"
"1382","-951.8935803865131","-1292.4456787109375","-634.7144165039062","-867.880908203125","-1221.9105224609375","-526.2671508789062","-984.7951202392578","-1730.0819091796875","-614.654052734375"
"1384","-877.0422042043585","-1224.88525390625","-616.8416748046875","-933.3281829833984","-1318.771240234375","-656.7068481445312","-852.0266138712565","-1352.303466796875","-492.7535095214844"
"1386","-868.5303441097861","-1247.41455078125","-601.4732666015625","-882.121240234375","-1250.3807373046875","-522.4071655273438","-900.8673350016276","-1240.2752685546875","-615.7003784179688"
"1387","-907.1093926680716","-1500.711181640625","-511.8094177246094","-810.5159133911133","-1154.5430908203125","-403.3872985839844","-934.197265625","-1874.8582763671875","-511.4635009765625"
"1389","-924.2077058490954","-1481.764892578125","-629.9111328125","-839.3775390625","-1234.2247314453125","-388.13720703125","-869.6904602050781","-1151.54541015625","-540.5260009765625"
"1391","-872.1143975508841","-1369.253662109375","-412.7693786621094","-869.3758865356446","-1141.5242919921875","-399.3840026855469","-876.2149658203125","-1277.4151611328125","-527.3384399414062"
"1393","-899.0485775596217","-1288.63818359375","-633.2116088867188","-844.9801971435547","-1156.7373046875","-400.672119140625","-930.5376536051432","-1239.4554443359375","-733.1427612304688"
"1394","-884.243896484375","-1157.0997314453125","-565.2192993164062","-887.699365234375","-1106.9967041015625","-650.0394897460938","-846.7254892985026","-1167.876220703125","-631.5331420898438"
"1396","-881.4933921412418","-1223.0394287109375","-616.8106689453125","-901.7003051757813","-1285.3507080078125","-528.2835693359375","-862.2673695882162","-1081.9537353515625","-633.3167724609375"
"1398","-878.4370277806332","-1168.162109375","-628.699462890625","-903.7610076904297","-1153.506103515625","-646.3269653320312","-872.2099202473959","-1135.908447265625","-666.90185546875"
"1400","-906.0716906095806","-1263.5421142578125","-624.358642578125","-926.3530258178711","-1267.6380615234375","-402.0664367675781","-986.4041544596354","-1727.2431640625","-734.0604858398438"
"1402","-878.3431589226974","-1257.6326904296875","-611.6636962890625","-826.1668258666992","-1131.914794921875","-511.4981384277344","-875.6269226074219","-1334.3704833984375","-629.2418823242188"
"1403","-985.9360929790296","-1398.5277099609375","-632.9517211914062","-939.8423217773437","-1163.8145751953125","-527.2285766601562","-1002.0715840657552","-1719.8861083984375","-635.7626342773438"
"1405","-931.7767880088404","-1335.4029541015625","-611.21044921875","-927.3108581542969","-1249.218994140625","-516.3722534179688","-887.0399678548177","-1161.143310546875","-670.96044921875"
"1407","-890.3379966334293","-1217.6529541015625","-631.3905029296875","-901.7047836303711","-1207.223876953125","-406.3482971191406","-933.9036865234375","-1876.15576171875","-593.3052368164062"
"1409","-940.1918463456003","-1266.552001953125","-632.0140991210938","-960.6761810302735","-1256.71484375","-641.737060546875","-910.8964691162109","-1254.1201171875","-619.6708374023438"
"1410","-867.2572439093339","-1252.0543212890625","-631.5087890625","-818.9291732788085","-1079.4365234375","-399.5239562988281","-936.6175765991211","-1877.759033203125","-511.0595397949219"
"1411","-931.5092484323602","-1301.45166015625","-625.314208984375","-899.8970428466797","-1236.684326171875","-495.2359619140625","-890.4616394042969","-1269.5291748046875","-628.2950439453125"
"1413","-875.726233231394","-1321.9405517578125","-510.9023742675781","-923.968881225586","-1146.973388671875","-714.7505493164062","-964.0686264038086","-1723.537841796875","-506.8182067871094"
"1415","-912.6649041426809","-1344.2127685546875","-626.1106567382812","-855.0057800292968","-1321.365966796875","-398.22479248046875","-886.3338572184244","-1172.5584716796875","-626.2318725585938"
"1417","-863.5147319592928","-1292.672607421875","-627.9091796875","-833.190185546875","-1150.6875","-520.8392333984375","-849.1782887776693","-1075.0615234375","-640.048095703125"
"1418","-861.8052721525494","-1254.598388671875","-378.5120849609375","-886.9255889892578","-1145.8609619140625","-549.1033325195312","-846.7478739420573","-1074.6590576171875","-637.5518798828125"
"1420","-883.3082789370889","-1172.3349609375","-506.6025390625","-878.6225708007812","-1505.7159423828125","-528.3289184570312","-955.0911051432291","-1489.84521484375","-634.5110473632812"
"1422","-919.264449270148","-1307.236572265625","-512.9237670898438","-879.5644775390625","-1161.3197021484375","-516.4304809570312","-982.1907755533854","-1738.4530029296875","-634.9607543945312"
"1424","-865.4121447111431","-1332.9215087890625","-626.3931274414062","-866.7980941772461","-1078.0164794921875","-358.4596862792969","-886.3749389648438","-1147.5943603515625","-630.9957275390625"
"1426","-898.8059853001645","-1243.5709228515625","-625.90625","-928.2247924804688","-1237.7904052734375","-566.420166015625","-856.3471425374349","-1279.00048828125","-635.7041625976562"
"1427","-914.1837141248915","-1264.9227294921875","-510.0605163574219","-903.8811920166015","-1290.738525390625","-522.9161987304688","-901.7496439615885","-1719.5589599609375","-601.9334716796875"
"1428","-636.58447265625","-636.58447265625","-636.58447265625","","","","","",""
"1429","-932.8804050021702","-1348.267578125","-626.0884399414062","-930.0087524414063","-1191.4468994140625","-580.4298706054688","-906.6827697753906","-1737.2467041015625","-630.7757568359375"
"1431","-862.0117730034722","-1145.074951171875","-511.2926025390625","-825.2190887451172","-1077.3154296875","-612.8509521484375","-830.8345591227213","-1066.99658203125","-633.5728149414062"
"1433","-919.2650994194878","-1259.7484130859375","-631.2506103515625","-865.4736175537109","-1146.55126953125","-513.9680786132812","-918.9816182454427","-1078.525390625","-693.4470825195312"
"1434","-948.3633117675781","-1344.997802734375","-618.568115234375","-898.1235229492188","-1232.842529296875","-621.775390625","-857.187021891276","-1234.66064453125","-388.75103759765625"
"1436","-919.9386834038628","-1163.7362060546875","-719.9818115234375","-902.3845092773438","-1145.437255859375","-514.664794921875","-922.3871002197266","-1293.934326171875","-750.658447265625"
"1438","-849.5209537082249","-1135.34375","-508.0099792480469","-870.1962738037109","-1162.99853515625","-514.0142822265625","-853.5426534016927","-1079.426513671875","-631.7845458984375"
"1440","-898.298607720269","-1398.6934814453125","-511.2086181640625","-850.5881492213199","-1139.4295654296875","-402.4709167480469","-878.4992726643881","-1157.8101806640625","-622.04736328125"
"1441","","","","-1010.08056640625","-1010.08056640625","-1010.08056640625","","",""
"1442","-937.0750325520834","-1289.1832275390625","-632.080078125","-874.0447516190378","-1216.9638671875","-465.7341003417969","-878.3908081054688","-1235.08642578125","-499.2899169921875"
"1443","-915.5770874023438","-1526.9788818359375","-629.1263427734375","-900.4341623406661","-1150.6259765625","-655.6194458007812","-889.1156361897787","-1166.1165771484375","-649.6425170898438"
"1445","-892.4749382866753","-1359.87060546875","-620.3660888671875","-892.9507992393092","-1219.1597900390625","-536.5860595703125","-863.6564788818359","-1149.4041748046875","-627.7080078125"
"1447","-908.925303141276","-1330.4283447265625","-567.3856811523438","-849.1680908203125","-1275.1119384765625","-555.57763671875","-886.2118174235026","-1094.781005859375","-637.6063842773438"
"1449","-927.1332261827257","-1415.3017578125","-617.0681762695312","-881.3986720034951","-1259.896484375","-515.957763671875","-893.0062815348307","-1212.4345703125","-630.1288452148438"
"1450","-866.704830593533","-1151.9132080078125","-597.1793823242188","-893.7441582930716","-1229.9974365234375","-429.7118225097656","-891.8571268717448","-1243.4058837890625","-621.818603515625"
"1452","-877.8935207790798","-1158.6324462890625","-512.6700439453125","-868.3819821006373","-1324.2576904296875","-509.1827087402344","-1002.6349182128906","-1707.9830322265625","-738.0641479492188"
"1454","-963.4759216308594","-1158.49072265625","-703.5574951171875","-848.2084270276522","-1280.8837890625","-401.0871887207031","-940.0762379964193","-1261.4390869140625","-639.7274169921875"
"1456","-874.1474778917101","-1320.654541015625","-526.0189208984375","-834.9271111739309","-1072.85791015625","-428.58221435546875","-784.1287434895834","-1005.3623657226562","-616.3690185546875"
"1458","-887.3382670084635","-1243.718505859375","-527.8384399414062","-797.2693465383429","-1477.4561767578125","-403.3623046875","-1019.1968536376953","-1870.2523193359375","-634.22607421875"
"1459","-927.9369167751736","-1267.241455078125","-633.669677734375","-909.3408974095395","-1400.8546142578125","-659.7282104492188","-891.5407307942709","-1487.34716796875","-637.9403076171875"
"1461","-879.5226643880209","-1328.910888671875","-487.8736572265625","-909.1288484272204","-1144.4404296875","-525.5543823242188","-964.7092895507812","-1718.2327880859375","-708.8865966796875"
"1463","-903.8050265842014","-1225.371826171875","-519.914794921875","-841.1475653397409","-1098.9744873046875","-398.6692810058594","-967.7171783447266","-1849.3648681640625","-630.12353515625"
"1465","-913.8256530761719","-1251.1917724609375","-514.3054809570312","-886.9009560032895","-1285.91259765625","-412.48974609375","-866.2476094563802","-1130.5570068359375","-632.441162109375"
"1466","-982.3009779188368","-1529.86279296875","-635.0695190429688","-886.3559955797697","-1365.8975830078125","-507.7454833984375","-887.9235026041666","-1249.3726806640625","-636.182373046875"
"1467","-946.863525390625","-1338.774169921875","-639.162841796875","-881.7206260279605","-1159.8726806640625","-517.19970703125","-1055.1753590901692","-1725.9051513671875","-635.9295043945312"
"1469","-884.6966552734375","-1127.8572998046875","-634.8091430664062","-862.1133583470395","-1221.674072265625","-464.24957275390625","-858.8882141113281","-1213.5709228515625","-619.9592895507812"
"1471","-887.6097632514106","-1239.3719482421875","-383.8667297363281","-862.0166722347861","-1374.576904296875","-524.4600830078125","-853.6041259765625","-1301.547119140625","-564.801513671875"
"1473","-918.1597086588541","-1262.063232421875","-574.18505859375","-848.2504368832236","-1169.2064208984375","-508.3321533203125","-955.226064046224","-1875.119873046875","-511.81732177734375"
"1474","-927.8464016384548","-1387.759033203125","-615.27001953125","-926.2718537983142","-1283.31787109375","-626.4434814453125","-1004.9096346768466","-1274.4735107421875","-713.9036865234375"
"1475","","","","","","","-736.4389038085938","-736.4389038085938","-736.4389038085938"
"1476","-891.5077243381077","-1224.452392578125","-508.7047119140625","-885.1607376901727","-1240.6326904296875","-528.9609985351562","-928.3027954101562","-1313.771728515625","-396.019287109375"
"1478","-921.2510511610243","-1250.3917236328125","-637.974365234375","-883.3024741724918","-1142.2607421875","-677.1603393554688","-967.6203002929688","-1874.1983642578125","-634.5852661132812"
"1480","-926.0329250759548","-1257.752685546875","-631.7301025390625","-901.840910259046","-1180.4200439453125","-633.188720703125","-860.2759787819602","-1147.6688232421875","-630.3037719726562"
"1482","-874.004403008355","-1266.744140625","-509.1941833496094","-852.1393850226151","-1215.1007080078125","-529.3678588867188","-870.0619839754971","-1226.784423828125","-632.0670776367188"
"1483","-921.3474494086372","-1328.84765625","-526.4091186523438","-895.6314054790296","-1237.3411865234375","-577.4834594726562","-936.0710282759233","-1519.4171142578125","-619.4871826171875"
"1485","-889.1262613932291","-1265.6160888671875","-607.9134521484375","-883.3577912983142","-1080.911376953125","-569.4609985351562","-983.462607643821","-1873.3795166015625","-638.3907470703125"
"1487","-888.461183336046","-1232.6663818359375","-496.2248229980469","-891.827726665296","-1324.74560546875","-627.7388305664062","-877.0697354403409","-1219.4217529296875","-736.424072265625"
"1489","-890.9989624023438","-1200.8084716796875","-630.5990600585938","-876.9591996042352","-1159.6839599609375","-405.86468505859375","-864.9323841441761","-1243.4495849609375","-636.1588134765625"
"1490","-926.714596218533","-1273.0140380859375","-623.231201171875","-899.4407509251645","-1155.2838134765625","-625.1140747070312","-908.8834922096946","-1870.119873046875","-416.4679260253906"
"1492","-876.3384772406685","-1222.29736328125","-516.95947265625","-881.9661736739309","-1245.4202880859375","-536.4111328125","-902.3207785866477","-1341.727294921875","-532.7906494140625"
"1494","-872.1297675238716","-1154.2236328125","-629.8587646484375","-836.5387123509457","-1063.232177734375","-610.416748046875","-835.3383234197444","-1158.995361328125","-633.6796875"
"1496","-898.5889739990234","-1512.559326171875","-508.3634948730469","-825.9663776598478","-1075.138916015625","-436.7344055175781","-902.1371792879971","-1290.6444091796875","-635.4974365234375"
"1498","-941.9670104980469","-1469.4927978515625","-634.2183837890625","-907.4612491005346","-1099.309326171875","-592.286376953125","-896.4350752397017","-1073.443359375","-625.919677734375"
"1499","-915.9544318704044","-1272.90576171875","-515.8206176757812","-925.4203908819901","-1231.318115234375","-650.7374267578125","-992.6552789861506","-1369.2254638671875","-616.955810546875"
"1500","-641.6693725585938","-641.6693725585938","-641.6693725585938","","","","","",""
"1501","-915.9577995749081","-1141.3134765625","-514.2588500976562","-856.2739129317434","-1169.938232421875","-521.738037109375","-896.888749556108","-1230.363037109375","-631.8016967773438"
"1503","-890.6629387350644","-1156.41650390625","-507.99267578125","-887.0245521946957","-1167.6839599609375","-518.4299926757812","-934.4933416193181","-1875.5784912109375","-632.9266967773438"
"1505","-929.4034926470588","-1219.4862060546875","-626.970703125","-868.6226999383224","-1167.2705078125","-524.424072265625","-1015.746659712358","-1710.8931884765625","-640.6200561523438"
"1506","-872.1930147058823","-1154.030029296875","-514.7730712890625","-829.0059766267475","-1075.8505859375","-402.6515808105469","-854.2723499644886","-1079.836181640625","-635.4437866210938"
"1508","-916.6863116096048","-1254.93603515625","-564.492919921875","-826.2755223324424","-1108.9656982421875","-504.00048828125","-827.4168867631392","-1059.2864990234375","-630.3001708984375"
"1510","-898.2979341394761","-1156.6287841796875","-637.8680419921875","-884.0469488846628","-1181.90185546875","-558.8033447265625","-881.2818991921165","-1323.5311279296875","-633.0385131835938"
"1512","-868.9127322926241","-1174.430419921875","-511.4665832519531","-865.2621492084704","-1235.9635009765625","-518.2276000976562","-876.0355113636364","-1214.2119140625","-633.0931396484375"
"1514","-904.2320807961856","-1248.83984375","-609.8057861328125","-868.8371405350534","-1091.5694580078125","-508.5679016113281","-865.99365234375","-1101.3642578125","-507.43804931640625"
"1515","-893.4029846191406","-1223.4298095703125","-385.2284240722656","-789.9381135639392","-1063.99462890625","-400.8083801269531","-872.1624755859375","-1162.4862060546875","-612.7117919921875"
"1517","-919.7891953412225","-1309.9794921875","-631.5962524414062","-871.6534343518709","-1149.49853515625","-503.3402404785156","-964.1170376864346","-1289.3304443359375","-734.47900390625"
"1519","-913.1698213465073","-1245.95458984375","-609.7156982421875","-859.8928543893915","-1263.151611328125","-616.265869140625","-880.891884543679","-1207.2034912109375","-636.6524047851562"
"1521","-864.6744277056525","-1154.9873046875","-396.66693115234375","-865.2573547363281","-1242.501953125","-402.0968017578125","-992.3627319335938","-1709.900634765625","-720.0859375"
"1522","-921.8460370232077","-1327.0869140625","-614.8484497070312","-879.8292139956826","-1091.9638671875","-602.3097534179688","-991.5641035600142","-1870.52783203125","-633.089599609375"
"1523","-930.533005658318","-1251.3153076171875","-731.5934448242188","-933.0195248252467","-1240.1544189453125","-628.4116821289062","-918.3682195490056","-1228.9849853515625","-647.65380859375"
"1525","-881.5864545036765","-1151.3187255859375","-601.7575073242188","-859.1194650750411","-1072.6505126953125","-453.11871337890625","-850.9896961558949","-1352.48486328125","-609.3577880859375"
"1527","-890.3464032341452","-1238.65283203125","-623.8676147460938","-814.064792030736","-1210.2286376953125","-504.4724426269531","-800.0493108575994","-1080.1414794921875","-515.935302734375"
"1529","-883.188372443704","-1079.5233154296875","-595.392333984375","-863.6777038574219","-1240.0196533203125","-396.2650451660156","-826.9673905806108","-1234.9522705078125","-630.6318359375"
"1530","-907.188185747932","-1199.8887939453125","-626.6031494140625","-847.3590762489721","-1159.7095947265625","-516.3587646484375","-911.2473976828835","-1335.625","-611.4700317382812"
"1532","-907.0432954676011","-1339.8665771484375","-516.156494140625","-852.03589349044","-1182.4173583984375","-389.939697265625","-972.1670227050781","-1895.1663818359375","-617.6124267578125"
"1533","","","","","","","-734.5359497070312","-734.5359497070312","-734.5359497070312"
"1534","-882.5072595932904","-1171.3387451171875","-513.1995239257812","-822.8643124229029","-1140.72021484375","-517.3449096679688","-858.1273132324219","-1073.401611328125","-512.7422485351562"
"1536","-903.7794045840992","-1135.819091796875","-627.36962890625","-924.9940635279605","-1208.4656982421875","-512.5227661132812","-974.3615478515625","-1709.1094970703125","-631.823486328125"
"1538","-860.791457232307","-1234.0281982421875","-521.3268432617188","-790.9693780196341","-1157.5189208984375","-393.80841064453125","-962.6653625488282","-1869.99853515625","-635.8600463867188"
"1539","-923.3162841796875","-1242.1865234375","-633.10986328125","-891.5128141704358","-1258.162109375","-405.81146240234375","-1134.5217346191407","-1835.2825927734375","-745.9132080078125"
"1541","-845.9100593118106","-1074.8736572265625","-523.7325439453125","-891.9590486225329","-1146.1060791015625","-533.7430419921875","-951.2148193359375","-1307.9005126953125","-748.326904296875"
"1543","-863.0540376551011","-1075.8458251953125","-555.5458374023438","-865.0935636821546","-1158.015869140625","-429.48529052734375","-1066.5537963867187","-1725.78173828125","-516.26708984375"
"1545","-867.0064506530762","-1159.5938720703125","-527.83544921875","-818.1686818976151","-1076.2313232421875","-518.277099609375","-866.4043579101562","-1249.6654052734375","-634.376708984375"
"1546","-924.2660486557904","-1415.59033203125","-554.76318359375","-809.0314973530017","-1134.9576416015625","-518.9508666992188","-842.9447204589844","-1134.023193359375","-474.93603515625"
"1548","-926.0133209228516","-1501.7215576171875","-629.8125","-893.3428826583059","-1309.7611083984375","-628.9649658203125","-862.9583862304687","-1156.1842041015625","-746.7328491210938"
"1550","-863.4154262542725","-1128.1361083984375","-510.4238586425781","-848.5446166992188","-1331.5882568359375","-393.29833984375","-956.1485229492188","-1525.8514404296875","-710.4983520507812"
"1552","-905.8380699157715","-1156.60107421875","-634.8488159179688","-880.5227821751645","-1326.1182861328125","-522.9707641601562","-965.7868713378906","-1334.037841796875","-723.0429077148438"
"1554","-910.8380088806152","-1160.2939453125","-631.6219482421875","-831.6351382606908","-1286.2841796875","-516.6839599609375","-901.5306945800781","-1149.1737060546875","-635.9317626953125"
"1555","-912.3257026672363","-1218.177978515625","-520.8567504882812","-897.7824610659951","-1212.2591552734375","-618.4081420898438","-962.4138366699219","-1160.143798828125","-515.7449951171875"
"1557","-897.6208915710449","-1269.5357666015625","-592.0397338867188","-892.4143484015214","-1168.3603515625","-515.3405151367188","-937.0355834960938","-1289.623046875","-637.4508056640625"
"1559","-919.6094703674316","-1322.0928955078125","-512.4337158203125","-885.7688164961966","-1154.5455322265625","-510.2904357910156","-890.0923004150391","-1293.53759765625","-506.6114196777344"
"1561","-870.1084632873535","-1144.6319580078125","-518.9107055664062","-847.314408151727","-1236.6617431640625","-512.2771606445312","-869.9225158691406","-1216.2381591796875","-628.9420166015625"
"1562","-842.8689079284668","-1094.829833984375","-510.60247802734375","-817.2959064684416","-1273.0963134765625","-414.4989929199219","-830.0473754882812","-1081.12109375","-609.8956909179688"
"1564","-838.602725982666","-1346","-574.709716796875","-860.5310572574014","-1141.837158203125","-641.706298828125","-883.3401489257812","-1196.94287109375","-643.8130493164062"
"1566","-888.7600364685059","-1241.2733154296875","-390.2951354980469","-835.7446321186267","-1320.5435791015625","-448.3477783203125","-898.9860778808594","-1074.991943359375","-727.949462890625"
"1568","-923.2509078979492","-1421.478759765625","-613.4122314453125","-981.1936613384046","-1493.565673828125","-724.3104858398438","-903.7491821289062","-1329.211181640625","-631.2494506835938"
"1570","-908.5464763641357","-1158.1575927734375","-511.6545715332031","-932.0735891241776","-1348.387451171875","-548.248779296875","-970.3694946289063","-1386.88134765625","-737.8973388671875"
"1571","-892.7287826538086","-1233.5675048828125","-522.1458129882812","-882.9180458470395","-1225.548828125","-521.5973510742188","-885.3959899902344","-1208.913330078125","-634.0493774414062"
"1573","-924.2548370361328","-1366.24951171875","-530.2540893554688","-901.0647936369244","-1154.2132568359375","-403.3944091796875","-1003.6008728027343","-1719.4757080078125","-701.0654296875"
"1575","-886.9262542724609","-1241.9715576171875","-574.6570434570312","-883.7502859015214","-1117.3240966796875","-613.6881713867188","-928.89931640625","-1522.9029541015625","-508.25189208984375"
"1577","-928.2236404418945","-1273.9307861328125","-628.8244018554688","-877.4586695620889","-1325.8541259765625","-645.5260009765625","-846.8037933349609","-1306.264404296875","-474.6053161621094"
"1578","-884.9174156188965","-1341.333984375","-625.0233764648438","-861.3062920821341","-1390.920654296875","-413.1340637207031","-880.9382629394531","-1125.3028564453125","-624.2896728515625"
"1579","-876.0498237609863","-1166.8494873046875","-627.9138793945312","-880.1461085269326","-1230.474609375","-520.9887084960938","-1007.3893371582031","-1872.0611572265625","-635.876708984375"
"1581","-838.5784587860107","-1196.3740234375","-508.3675231933594","-815.5214538574219","-1131.153564453125","-380.97088623046875","-806.8323852539063","-1078.6572265625","-522.889892578125"
"1583","-891.1686363220215","-1170.773681640625","-634.5391845703125","-786.7657053094161","-1284.03271484375","-528.8002319335938","-847.2103881835938","-1322.6959228515625","-611.3832397460938"
"1585","-902.5388984680176","-1406.046142578125","-596.859375","-834.6899494371916","-1185.5487060546875","-497.15887451171875","-898.9601257324218","-1153.6705322265625","-629.587158203125"
"1586","-880.0203475952148","-1088.0848388671875","-638.3204956054688","-929.7830521432977","-1151.173583984375","-527.1420288085938","-879.3285949707031","-1041.1685791015625","-738.4108276367188"
"1588","-906.410457611084","-1384.734619140625","-496.81988525390625","-856.2301732113486","-1064.3094482421875","-633.9284057617188","-950.2998107910156","-1155.3988037109375","-643.5003051757812"
"1590","-886.2870178222656","-1263.814453125","-583.4721069335938","-843.2063213147616","-1187.5770263671875","-511.39739990234375","-838.3053314208985","-1277.6077880859375","-511.4073791503906"
"1592","-905.3347320556641","-1212.42919921875","-386.1068115234375","-898.604935495477","-1264.810791015625","-529.6637573242188","-881.4599426269531","-1252.617431640625","-617.6493530273438"
"1594","-871.5779991149902","-1148.9049072265625","-552.13525390625","-911.627287212171","-1323.827880859375","-680.1126708984375","-971.9737060546875","-1221.3626708984375","-746.8007202148438"
"1595","-919.5539512634277","-1255.643310546875","-621.5739135742188","-802.9873866031045","-1110.909423828125","-505.7369079589844","-931.7463775634766","-1363.33203125","-508.0229187011719"
"1597","-900.5492248535156","-1219.3046875","-591.62255859375","-876.9799547697369","-1302.5040283203125","-623.5491333007812","-997.9544982910156","-1306.2130126953125","-731.3674926757812"
"1599","-932.8488159179688","-1242.272216796875","-619.2608642578125","-868.5936375668174","-1165.265380859375","-401.66082763671875","-910.1895324707032","-1247.5455322265625","-632.2659912109375"
"1601","-845.1581077575684","-1147.1029052734375","-513.3185424804688","-858.8489572625411","-1152.7403564453125","-596.451171875","-877.8126586914062","-1242.5565185546875","-526.2548828125"
"1602","-894.47971534729","-1200.2640380859375","-498.0936279296875","-861.6896795975534","-1289.49365234375","-399.7342224121094","-938.1232543945313","-1372.10986328125","-621.1663818359375"
"1604","-889.8639373779297","-1317.43505859375","-508.791015625","-889.8886943616366","-1100.2855224609375","-628.8961181640625","-884.4325469970703","-1262.5382080078125","-509.5476989746094"
"1606","-956.3675956726074","-1237.2200927734375","-513.6906127929688","-881.3840299907483","-1272.7191162109375","-518.1658325195312","-926.7825378417969","-1263.014404296875","-634.035400390625"
"1608","-875.8752034505209","-1227.8284912109375","-513.151611328125","-861.6909019068668","-1230.216796875","-523.9288940429688","-854.7072937011719","-1048.0377197265625","-726.7720336914062"
"1609","-845.545654296875","-845.545654296875","-845.545654296875","","","","","",""
"1610","-929.1965250651042","-1178.0902099609375","-587.3397827148438","-855.1902979800576","-1227.3076171875","-615.2019653320312","-899.2279296875","-1236.735107421875","-727.8265380859375"
"1611","-877.4745178222656","-1187.4337158203125","-511.8999938964844","-868.9872115285773","-1030.9495849609375","-635.4717407226562","-879.0781433105469","-1070.168701171875","-688.18701171875"
"1613","-893.2070678710937","-1496.9356689453125","-384.77545166015625","-819.6089349043997","-1158.181396484375","-492.98681640625","-948.9791015625","-1313.6546630859375","-637.8590087890625"
"1615","-893.0554809570312","-1235.9361572265625","-634.0475463867188","-893.2362462093955","-1234.06689453125","-408.8997497558594","-943.6775146484375","-1320.09912109375","-633.8493041992188"
"1617","-918.1220336914063","-1237.0755615234375","-635.0425415039062","-837.2386057000411","-1306.095703125","-410.21990966796875","-874.14736328125","-1291.078857421875","-601.6742553710938"
"1618","-916.6419921875","-1285.7437744140625","-522.88232421875","-906.7243748715049","-1241.0948486328125","-528.7520751953125","-896.3409729003906","-1247.1416015625","-513.0189819335938"
"1620","-917.9535013834635","-1330.5244140625","-510.3600769042969","-879.5006521124589","-1223.6868896484375","-408.0364990234375","-948.9954956054687","-1732.5892333984375","-627.4683837890625"
"1622","-812.8091674804688","-1143.05517578125","-424.8119812011719","-831.0858186420642","-1095.67236328125","-410.1171875","-861.6089660644532","-1264.65478515625","-552.6292724609375"
"1624","-899.3900756835938","-1251.189453125","-626.4615478515625","-844.7679828844572","-1152.0367431640625","-612.3858642578125","-843.3187652587891","-1137.8533935546875","-464.8835754394531"
"1626","-903.7768839518229","-1158.7747802734375","-644.91015625","-829.6040970651727","-1287.3466796875","-494.30963134765625","-883.6170715332031","-1207.4537353515625","-630.25390625"
"1627","-909.3869344075521","-1233.1737060546875","-626.6329956054688","-897.3481525621916","-1240.96044921875","-403.5086975097656","-1052.3883361816406","-1737.1800537109375","-632.4495239257812"
"1629","-880.8889363606771","-1317.1422119140625","-513.8184204101562","-842.7054346988076","-1218.695556640625","-548.1427612304688","-877.346484375","-1217.6678466796875","-727.0048828125"
"1631","-937.1983846028646","-1267.996337890625","-515.2144775390625","-863.8214657432154","-1170.6234130859375","-510.70330810546875","-869.5654968261719","-1240.9932861328125","-613.4420776367188"
"1633","-864.9862223307292","-1231.294921875","-542.189453125","-783.9221078973068","-1161.531494140625","-485.5726623535156","-963.1972869873047","-1879.2840576171875","-506.6491394042969"
"1634","-876.9291910807292","-1171.3289794921875","-560.6464233398438","-884.1044086657072","-1419.6583251953125","-594.9852294921875","-876.3293518066406","-1078.44970703125","-634.4378051757812"
"1635","-897.9785766601562","-1330.0521240234375","-623.3152465820312","-824.1707667300576","-1309.891845703125","-422.22186279296875","-849.2856628417969","-1182.1539306640625","-636.4157104492188"
"1637","-899.5672444661458","-1232.8773193359375","-634.0785522460938","-840.8563939144736","-1157.1365966796875","-519.8180541992188","-890.9455200195313","-1160.127685546875","-631.8466796875"
"1639","-911.2307779947917","-1163.230712890625","-618.8082885742188","-865.8034860711349","-1230.5244140625","-409.46051025390625","-924.3278137207031","-1291.9114990234375","-513.70556640625"
"1641","-923.7654134114583","-1161.317138671875","-651.1038208007812","-887.8405536852384","-1143.7706298828125","-458.5633544921875","-900.3876953125","-1083.0145263671875","-736.5684204101562"
"1642","-900.1585123697917","-1501.729736328125","-509.62042236328125","-841.7369738127056","-1127.933837890625","-529.311767578125","-901.1773315429688","-1139.073974609375","-602.62939453125"
"1644","-863.9727376302084","-1146.899658203125","-543.4263916015625","-842.7859143708881","-1186.2464599609375","-532.0057983398438","-873.8097595214844","-1153.4114990234375","-618.1068115234375"
"1646","-891.8016682942708","-1366.2716064453125","-513.7083740234375","-834.7693160207648","-1220.9979248046875","-525.3128051757812","-898.6268127441406","-1250.9879150390625","-635.6732177734375"
"1648","-899.5278116861979","-1331.2030029296875","-634.9606323242188","-829.1489354183799","-1148.9921875","-502.78216552734375","-911.5318237304688","-1143.456787109375","-722.8937377929688"
"1650","-883.8507853190105","-1267.009521484375","-617.1719360351562","-848.7523851896588","-1232.2264404296875","-436.4930725097656","-875.4938842773438","-1092.0224609375","-635.310546875"
"1651","-921.0513834635417","-1151.9376220703125","-616.401123046875","-894.0179154245477","-1062.0225830078125","-641.957763671875","-878.6642578125","-1154.16748046875","-622.2681274414062"
"1653","-878.0116882324219","-1287.96337890625","-504.9727478027344","-788.5844019839639","-1143.6387939453125","-429.50665283203125","-916.406689453125","-1272.329345703125","-646.1356201171875"
"1655","-871.910976155599","-1279.55810546875","-510.8179626464844","-832.6277770996094","-1146.7984619140625","-497.7012634277344","-1018.0939270019531","-1757.8226318359375","-735.049072265625"
"1657","-910.1459065755208","-1343.4052734375","-524.7900390625","-840.1653603001645","-1148.2779541015625","-403.5677795410156","-900.0201171875","-1145.2020263671875","-628.9087524414062"
"1658","-930.0641642252605","-1316.0260009765625","-632.2606811523438","-837.0307649311267","-1239.861572265625","-518.3949584960938","-904.4150268554688","-1257.3447265625","-587.3115844726562"
"1660","-856.8926798502604","-1078.6346435546875","-634.1610717773438","-865.6848530016447","-1088.4761962890625","-528.2528686523438","-917.3565856933594","-1150.5086669921875","-699.4619750976562"
"1662","-913.2929890950521","-1344.6363525390625","-470.8101806640625","-810.7841989617599","-1069.2762451171875","-408.4566650390625","-872.7880065917968","-1185.243896484375","-636.1346435546875"
"1664","-879.545340983073","-1321.590576171875","-631.30322265625","-847.1117617958471","-1076.829833984375","-515.671875","-926.6972595214844","-1076.5201416015625","-758.0723266601562"
"1666","-833.6993123372396","-1215.0863037109375","-511.69244384765625","-817.33228020919","-1104.0872802734375","-421.9753723144531","-917.8120300292969","-1510.4771728515625","-642.23583984375"
"1667","-904.0830830891927","-1280.5576171875","-400.8979187011719","-856.7979752390008","-1293.1658935546875","-408.1108703613281","-929.2703979492187","-1890.99853515625","-631.619140625"
"1669","-907.5062459309896","-1241.76904296875","-628.102783203125","-894.4010652240954","-1087.1776123046875","-628.3766479492188","-894.4342346191406","-1272.8282470703125","-515.6627197265625"
"1671","-888.1328287760417","-1359.99755859375","-511.247314453125","-825.9352754291735","-1096.178955078125","-406.0853576660156","-835.7345764160157","-1064.6243896484375","-633.3540649414062"
"1673","-852.22177734375","-1156.3902587890625","-512.0635986328125","-838.3785689504523","-1332.948974609375","-524.7490234375","-892.232080078125","-1157.0242919921875","-631.5806274414062"
"1674","-874.8804890950521","-1280.0965576171875","-611.1958618164062","-845.1586978310033","-1318.0140380859375","-475.5986328125","-865.9941528320312","-1164.41552734375","-664.4011840820312"
"1676","-879.8416341145834","-1241.2171630859375","-510.48876953125","-810.2480163574219","-1134.2515869140625","-507.30462646484375","-944.8141082763672","-1876.6146240234375","-506.3893127441406"
"1678","-855.3024536132813","-1229.663818359375","-494.5224609375","-818.0287170410156","-1149.0447998046875","-444.9701232910156","-838.0355163574219","-1078.7825927734375","-630.6949462890625"
"1680","-879.07783203125","-1127.137451171875","-617.4406127929688","-893.8551539370889","-1254.6715087890625","-392.84954833984375","-893.6997192382812","-1252.9510498046875","-629.6605224609375"
"1682","-905.2545369466146","-1174.9658203125","-615.2035522460938","-872.5994937294408","-1075.3201904296875","-636.4037475585938","-903.5016418457031","-1261.7056884765625","-630.9373168945312"
"1683","-899.0921793619792","-1209.855712890625","-531.9688110351562","-857.2461001747533","-1255.2296142578125","-508.62237548828125","-868.9146728515625","-1290.8951416015625","-635.2048950195312"
"1685","-864.876230875651","-1245.9967041015625","-510.1678161621094","-839.1172662032278","-1078.3541259765625","-425.6104431152344","-904.8469909667969","-1162.275634765625","-564.5077514648438"
"1687","-916.4387247721354","-1342.6451416015625","-620.416748046875","-865.9966446725946","-1099.844482421875","-408.1321716308594","-931.1724792480469","-1488.4415283203125","-640.4894409179688"
"1689","-961.6625366210938","-1307.1690673828125","-623.69091796875","-912.0826769377056","-1226.5506591796875","-538.4623413085938","-906.5154266357422","-1223.838623046875","-511.9072570800781"
"1690","-927.0809244791667","-1330.251953125","-632.2389526367188","-869.3445113332648","-1200.7421875","-514.3375244140625","-900.8705871582031","-1205.31103515625","-527.68310546875"
"1691","-895.8251953125","-1372.986328125","-612.3746337890625","-850.3572468004728","-1238.2724609375","-409.0485534667969","-887.1691345214844","-1518.07861328125","-511.5423583984375"
"1693","-907.4854777018229","-1457.542236328125","-506.63018798828125","-827.5964194849918","-1071.5938720703125","-517.3704833984375","-856.3011413574219","-1094.4014892578125","-624.8497314453125"
"1695","-854.5068481445312","-1167.5712890625","-523.1550903320312","-845.6986614026522","-1201.3731689453125","-507.9510803222656","-869.6371948242188","-1140.6959228515625","-631.844482421875"
"1697","-940.5512613932292","-1262.9591064453125","-610.6970825195312","-846.0402671412418","-1325.465087890625","-413.70574951171875","-982.8441345214844","-1840.959228515625","-639.6198120117188"
"1698","-840.9353149414062","-1087.466552734375","-513.9534912109375","-753.3655026084498","-1150.29345703125","-508.438232421875","-861.7672424316406","-1154.7548828125","-737.8484497070312"
"1700","-877.1260620117188","-1174.09521484375","-544.5313720703125","-891.2000314812911","-1255.3646240234375","-567.2564086914062","-945.7959899902344","-1324.7752685546875","-742.7982788085938"
"1702","-865.0677917480468","-1293.2315673828125","-510.5699157714844","-766.1846731085526","-1114.1597900390625","-412.2130126953125","-922.3615295410157","-1137.193359375","-637.5374145507812"
"1704","-913.9873657226562","-1166.0836181640625","-627.48828125","-838.1600598787006","-1328.6405029296875","-519.6521606445312","-896.3982727050782","-1228.3089599609375","-624.0762939453125"
"1706","-927.3785909016927","-1241.4986572265625","-510.3091125488281","-871.5796701531661","-1230.2713623046875","-634.4503173828125","-899.2865844726563","-1147.6248779296875","-686.59423828125"
"1707","-856.137040201823","-1153.9720458984375","-609.0789184570312","-811.0947394120066","-1155.0185546875","-518.8789672851562","-881.0354675292969","-1086.935302734375","-630.2742919921875"
"1709","-890.0340942382812","-1380.574951171875","-620.72607421875","-859.1951840049342","-1169.4332275390625","-637.8597412109375","-886.2078857421875","-1289.4447021484375","-529.8292846679688"
"1711","-904.8368530273438","-1126.1944580078125","-635.437255859375","-853.1667062859786","-1240.63720703125","-439.49505615234375","-862.6473571777344","-1070.9063720703125","-630.2023315429688"
"1713","-857.2118021647135","-1251.9747314453125","-508.6372985839844","-836.3295191714639","-1270.23388671875","-536.9100952148438","-907.8016326904296","-1877.53857421875","-509.4187927246094"
"1714","-875.9377685546875","-1245.2708740234375","-624.552490234375","-866.9204519171464","-1179.26416015625","-515.2422485351562","-851.7918640136719","-1082.0958251953125","-624.4962158203125"
"1716","-863.4262451171875","-1160.125732421875","-628.35888671875","-827.4177792197779","-1135.4278564453125","-505.665283203125","-831.5578247070313","-1150.2318115234375","-511.66363525390625"
"1718","-958.841650390625","-1324.595703125","-628.9322509765625","-882.6103836862665","-1076.7232666015625","-525.509521484375","-957.7250244140625","-1243.007568359375","-811.0460205078125"
"1720","-885.2303833007812","-1076.057861328125","-590.0538940429688","-853.3694875616776","-1158.675048828125","-524.3037109375","-851.1111877441406","-1054.6917724609375","-633.605224609375"
"1722","-934.0931518554687","-1208.9461669921875","-634.3230590820312","-850.2084543328536","-1063.669921875","-620.0643920898438","-929.7815063476562","-1151.006103515625","-589.29296875"
"1723","-880.8607381184896","-1296.1231689453125","-619.7407836914062","-889.6601883737665","-1243.1141357421875","-498.85174560546875","-952.2988098144531","-1406.88427734375","-618.7972412109375"
"1725","-876.0654825846354","-1164.388916015625","-535.8277587890625","-857.2431255139803","-1292.4193115234375","-516.7527465820312","-895.7041442871093","-1144.8662109375","-635.2395629882812"
"1727","-896.1784932454427","-1251.92431640625","-508.6125183105469","-820.4763215717517","-1088.9378662109375","-402.2817687988281","-955.5058959960937","-1282.350341796875","-661.8631591796875"
"1729","-975.7627970377604","-1348.4425048828125","-619.9862060546875","-869.0620791786596","-1278.7652587890625","-561.5975341796875","-940.7713012695312","-1361.2716064453125","-633.7811279296875"
"1730","-882.1402791341146","-1236.683349609375","-513.0810546875","-805.9328982704565","-1172.2589111328125","-494.8961486816406","-841.2691101074219","-1172.066162109375","-619.3775024414062"
"1732","-910.7648071289062","-1156.467529296875","-633.397216796875","-870.8437981856497","-1309.1826171875","-529.1343383789062","-986.5603942871094","-1303.7427978515625","-752.9517211914062"
"1734","-889.5815022786459","-1216.150634765625","-615.7144165039062","-827.2498168945312","-1080.0379638671875","-406.43524169921875","-802.5614624023438","-1080.5545654296875","-573.6168823242188"
"1736","-909.6533365885417","-1240.77197265625","-629.7799072265625","-858.5850958573191","-1145.513427734375","-517.6490478515625","-849.8718505859375","-1076.4581298828125","-614.9320678710938"
"1738","-868.7916300455729","-1079.548828125","-508.0760498046875","-787.0796332108347","-1077.229248046875","-503.6407775878906","-857.8772277832031","-1152.271728515625","-619.9364624023438"
"1739","-852.2160319010417","-1155.706298828125","-439.30303955078125","-854.6137149208471","-1106.8380126953125","-402.139892578125","-894.1714660644532","-1140.28759765625","-510.51446533203125"
"1741","-923.8472941080729","-1149.0228271484375","-613.1217041015625","-899.0342118112665","-1146.1488037109375","-634.7638549804688","-874.9292419433593","-1147.77392578125","-624.2268676757812"
"1743","-951.7051839192708","-1407.005126953125","-591.0143432617188","-787.5301979466489","-1156.326416015625","-406.60760498046875","-881.1363067626953","-1146.525146484375","-492.2136535644531"
"1745","-926.0677571614583","-1504.6558837890625","-549.1513061523438","-849.6176083213404","-1268.7716064453125","-532.2378540039062","-826.5665710449218","-1132.05419921875","-509.93505859375"
"1746","-915.126778157552","-1239.2159423828125","-621.3014526367188","-848.9646301269531","-1241.31396484375","-407.6584167480469","-927.9046447753906","-1219.3111572265625","-725.5740966796875"
"1747","-882.9156575520833","-1148.83251953125","-632.3187866210938","-800.0481519197162","-1164.3204345703125","-454.3162536621094","-849.1353515625","-1221.2196044921875","-629.85693359375"
"1749","-913.5249593098958","-1206.1485595703125","-633.6082153320312","-904.8024099249589","-1155.11083984375","-527.129638671875","-928.6337219238281","-1319.4622802734375","-634.1209716796875"
"1751","-906.3024576822917","-1190.789794921875","-543.6421508789062","-823.4838851125617","-1150.2508544921875","-411.9211120605469","-890.9299926757812","-1230.3819580078125","-578.18994140625"
"1753","-893.489326985677","-1253.739990234375","-632.8826904296875","-829.6286717465049","-1146.401123046875","-484.4787902832031","-878.1503845214844","-1069.358642578125","-609.4266967773438"
"1754","-903.2848958333333","-1107.51318359375","-509.926025390625","-900.8818070261102","-1275.7025146484375","-622.4280395507812","-868.193212890625","-1167.745361328125","-515.958251953125"
"1756","-887.1341552734375","-1245.38623046875","-511.0974426269531","-874.339509662829","-1106.273193359375","-513.29150390625","-814.2657836914062","-1240.6627197265625","-634.47265625"
"1758","-897.990283203125","-1159.4166259765625","-515.534423828125","-781.4713777240954","-1284.7281494140625","-398.5184020996094","-837.7423461914062","-1074.2510986328125","-626.428955078125"
"1760","-833.3795708550347","-1103.2374267578125","-634.17724609375","-852.3276533647017","-1143.3095703125","-688.6099243164062","-731.9984130859375","-965.32275390625","-578.2754516601562"
"1761","-1003.9289245605469","-1173.168212890625","-726.01171875","-770.049488067627","-1200.01611328125","-477.2784729003906","-923.0469563802084","-1143.15283203125","-733.8761596679688"
"1763","-905.707596842448","-1249.751220703125","-521.0537719726562","-830.7429327713816","-1166.290283203125","-516.5641479492188","-875.466650390625","-1243.235595703125","-624.0657958984375"
"1764","-935.769453938802","-1220.4556884765625","-650.9639892578125","-852.1259058902139","-1073.3511962890625","-524.1885375976562","-830.3939453125","-1054.5692138671875","-517.1884155273438"
"1766","-863.7691446940104","-1119.306396484375","-434.48822021484375","-780.0491188450864","-1199.930419921875","-398.29559326171875","-846.6043548583984","-1077.480712890625","-509.6809997558594"
"1768","-912.675223795573","-1099.076416015625","-506.3482666015625","-844.3557707134046","-1270.1702880859375","-410.96533203125","-911.2000549316406","-1171.28369140625","-655.1547241210938"
"1770","-960.7140096028646","-1457.1063232421875","-632.1873779296875","-896.6119962993421","-1292.57275390625","-518.5372314453125","-899.2267822265625","-1288.959716796875","-719.1829223632812"
"1771","-956.6141398111979","-1318.7108154296875","-649.78662109375","-883.8892774079975","-1334.6541748046875","-403.0023498535156","-942.9593444824219","-1386.186767578125","-739.1177368164062"
"1773","-890.8311645507813","-1268.162353515625","-516.195068359375","-848.2246029502467","-1378.138916015625","-529.2897338867188","-817.6797607421875","-1070.058837890625","-613.4180297851562"
"1775","-876.2641764322917","-1171.9178466796875","-608.4531860351562","-824.371537057977","-1157.077880859375","-528.3828735351562","-876.9195129394532","-1116.5247802734375","-634.7493896484375"
"1777","-958.5434122721355","-1161.34912109375","-643.5975341796875","-923.1484921104029","-1348.992431640625","-476.6134033203125","-881.7557312011719","-1393.781494140625","-567.65478515625"
"1779","-888.3661946614583","-1175.517333984375","-607.0470581054688","-895.0507684004934","-1235.4718017578125","-527.9880981445312","-850.0200439453125","-1145.5513916015625","-638.3511962890625"
"1780","-921.3807657877604","-1338.8988037109375","-617.4855346679688","-810.8573688707853","-1125.8753662109375","-401.53240966796875","-888.9063293457032","-1174.678955078125","-632.7691650390625"
"1782","-892.8634887695313","-1160.58935546875","-633.1484375","-893.2280209189967","-1174.832275390625","-407.0516357421875","-888.5289611816406","-1151.269775390625","-633.4620971679688"
"1784","-872.0982706705729","-1224.2689208984375","-629.7736206054688","-865.1272549099392","-1106.6593017578125","-553.78759765625","-855.7494812011719","-1270.7183837890625","-506.666015625"
"1786","-907.0778238932292","-1239.7943115234375","-631.5750732421875","-822.1545817057291","-1072.280517578125","-587.1137084960938","-882.6654296875","-1071.7637939453125","-635.9050903320312"
"1787","-897.1177469889323","-1273.9237060546875","-507.1957092285156","-832.5458170572916","-1115.514404296875","-524.4322509765625","-956.0272216796875","-1326.1463623046875","-515.4253540039062"
"1789","-884.7048583984375","-1083.6551513671875","-636.1124877929688","-843.1166144476997","-1183.7843017578125","-518.1178588867188","-815.8495239257812","-1138.520263671875","-627.9262084960938"
"1791","-910.3740315755208","-1208.75732421875","-510.22869873046875","-833.6429663764106","-1161.8681640625","-432.8346862792969","-985.3198486328125","-1863.361572265625","-613.648681640625"
"1793","-900.3151896158854","-1226.3585205078125","-628.2669677734375","-850.4996914333767","-1160.447265625","-515.8462524414062","-899.6451782226562","-1323.75341796875","-627.4927978515625"
"1795","-867.6560221354167","-1211.9683837890625","-546.6353149414062","-808.6623229980469","-1153.2132568359375","-521.8330688476562","-866.99794921875","-1133.0933837890625","-631.7030639648438"
"1796","-960.7855387369792","-1253.7752685546875","-635.9395751953125","-904.2066243489584","-1496.341796875","-735.280029296875","-865.7004760742187","-1146.6260986328125","-635.5086059570312"
"1798","-934.761865234375","-1167.3587646484375","-621.4005126953125","-916.9170989990234","-1263.3699951171875","-507.0437927246094","-860.1302001953125","-1098.135986328125","-635.9976806640625"
"1800","-925.0003946940104","-1227.3623046875","-525.2047119140625","-837.0417107476128","-1262.71435546875","-509.83026123046875","-916.2749084472656","-1264.1641845703125","-629.8309326171875"
"1802","-863.490087890625","-1346.1387939453125","-611.8887329101562","-827.144310845269","-1475.2227783203125","-523.0397338867188","-867.5749084472657","-1149.282470703125","-601.361572265625"
"1803","-863.7663126627605","-1159.2301025390625","-515.911376953125","-875.6666242811415","-1078.1279296875","-403.6228332519531","-933.7663330078125","-1085.64599609375","-635.05517578125"
"1804","-945.8534627278646","-1262.28173828125","-623.8128662109375","-843.3678860134548","-1127.0645751953125","-630.9618530273438","-960.1522399902344","-1866.6669921875","-628.6398315429688"
"1806","-884.0455485026042","-1149.5374755859375","-515.321533203125","-891.2397901746962","-1145.4786376953125","-647.6840209960938","-842.6274780273437","-1053.880126953125","-671.5736694335938"
"1808","-912.2840087890625","-1156.5316162109375","-631.2349243164062","-807.3070831298828","-1232.9378662109375","-398.1256103515625","-852.3397888183594","-1242.324462890625","-544.8306884765625"
"1810","-862.0465209960937","-1148.795654296875","-622.0567016601562","-844.9309556749132","-1149.4195556640625","-512.7962646484375","-927.2517944335938","-1367.1256103515625","-634.3445434570312"
"1811","-945.294364420573","-1235.0321044921875","-667.4940185546875","-847.2269388834635","-1255.1903076171875","-519.6641235351562","-992.1154663085938","-1792.9599609375","-644.1791381835938"
"1813","-861.0927734375","-1231.61181640625","-543.0216064453125","-818.5093892415365","-1085.16259765625","-398.19189453125","-909.2263854980469","-1220.240478515625","-744.9005737304688"
"1815","-866.8270751953125","-1093.0745849609375","-589.5189819335938","-849.6576961941189","-1123.669921875","-381.3327941894531","-896.9909973144531","-1202.5167236328125","-633.8202514648438"
"1817","-862.8017252604167","-1184.730712890625","-624.8440551757812","-836.5594516330295","-1246.9124755859375","-519.9810791015625","-816.8124206542968","-1076.376708984375","-611.8510131835938"
"1819","-879.8604858398437","-1116.9302978515625","-635.3480834960938","-823.0722859700521","-1186.5731201171875","-523.4661865234375","-824.9239074707032","-1076.2965087890625","-634.462890625"
"1820","-883.5401570638021","-1203.483154296875","-302.465576171875","-848.2620646158854","-1285.96337890625","-400.34765625","-1057.8122985839843","-1878.591064453125","-628.673095703125"
"1822","-950.1781941731771","-1240.7647705078125","-508.1226806640625","-904.0450236002604","-1259.0699462890625","-545.46728515625","-883.8665588378906","-1201.1947021484375","-613.1434326171875"
"1824","-886.3143920898438","-1085.565185546875","-623.5009155273438","-877.3782077365452","-1310.44287109375","-405.592041015625","-924.9058410644532","-1121.6776123046875","-640.6610717773438"
"1826","-957.6731486002604","-1312.2564697265625","-621.9662475585938","-857.759289211697","-1162.5750732421875","-490.2701721191406","-952.3199829101562","-1251.970703125","-734.72509765625"
"1827","-857.1759765625","-1156.798095703125","-510.23944091796875","-891.3214111328125","-1160.6534423828125","-520.8405151367188","-901.3811096191406","-1141.60693359375","-633.9421997070312"
"1829","-903.2158162434896","-1252.6036376953125","-513.5388793945312","-853.6453603108724","-1182.9412841796875","-398.4173278808594","-891.9511840820312","-1158.29638671875","-634.7422485351562"
"1831","-899.4058553059896","-1256.70703125","-512.9459228515625","-839.826427883572","-1249.744873046875","-443.3110046386719","-873.4429260253906","-1134.147216796875","-510.3736572265625"
"1833","-886.8382161458334","-1226.508544921875","-508.27557373046875","-878.4780205620659","-1297.2041015625","-521.7955322265625","-856.6378601074218","-1067.6650390625","-634.9705200195312"
"1835","-888.0965596516927","-1236.14453125","-509.5828552246094","-848.4666849772135","-1286.194091796875","-527.2034301757812","-894.2581420898438","-1328.834228515625","-692.736328125"
"1836","-880.3360514322917","-1290.7987060546875","-525.7142333984375","-832.3906606038412","-1112.634033203125","-482.1583557128906","-857.7339538574219","-1143.666748046875","-620.148193359375"
"1838","-920.1750447591146","-1235.82421875","-620.5908203125","-830.8353949652778","-1251.5872802734375","-619.6549072265625","-952.0911071777343","-1371.4638671875","-671.47705078125"
"1840","-905.9917236328125","-1245.0360107421875","-617.3991088867188","-873.903099907769","-1227.4688720703125","-521.2545776367188","-844.0982666015625","-1080.0382080078125","-651.3751831054688"
"1842","-921.592118326823","-1338.6552734375","-512.9833374023438","-865.3604159884983","-1264.0816650390625","-523.3615112304688","-881.416552734375","-1238.564208984375","-510.89837646484375"
"1843","-957.8588338216146","-1330.09814453125","-501.8670654296875","-835.3006591796875","-1256.69384765625","-519.1209106445312","-959.939453125","-1866.2752685546875","-633.541259765625"
"1845","-849.9173909505208","-1272.102783203125","-623.900146484375","-838.8157009548611","-1332.33056640625","-518.5778198242188","-822.0442138671875","-1147.822998046875","-627.76416015625"
"1847","-864.9788716634115","-1115.1666259765625","-511.8659973144531","-852.2060767279731","-1238.9339599609375","-417.7681884765625","-881.8852661132812","-1153.2528076171875","-524.8775024414062"
"1849","-866.538163248698","-1163.78369140625","-515.400146484375","-846.4507870144314","-1253.2469482421875","-398.1553039550781","-917.7853454589844","-1248.6622314453125","-637.2694091796875"
"1851","-906.6509033203125","-1347.010498046875","-406.80279541015625","-794.9952392578125","-1071.8751220703125","-398.14337158203125","-850.3376281738281","-1140.133544921875","-631.131591796875"
"1852","-905.4696004231771","-1164.234619140625","-632.6771850585938","-859.1838751898872","-1164.072998046875","-521.6395874023438","-875.0672973632812","-1117.517333984375","-610.9425659179688"
"1854","-903.9427490234375","-1264.5986328125","-576.0511474609375","-867.5042673746744","-1442.2264404296875","-441.9493713378906","-949.3291320800781","-1147.669189453125","-738.4017333984375"
"1856","-881.8779866536458","-1168.0262451171875","-554.3412475585938","-862.3662787543403","-1214.3212890625","-615.2232666015625","-848.9430419921875","-1142.76611328125","-628.3779296875"
"1858","-942.503955078125","-1532.4920654296875","-704.2550048828125","-855.7231716579861","-1229.5435791015625","-511.10369873046875","-833.6539855957031","-1079.8885498046875","-386.69757080078125"
"1859","-867.7783487955729","-1244.3497314453125","-540.99560546875","-893.3363342285156","-1246.3175048828125","-636.7433471679688","-807.9409484863281","-1143.156982421875","-594.2787475585938"
"1860","-952.6264973958333","-1310.91845703125","-729.9219970703125","-873.6152547200521","-1253.1512451171875","-525.4365234375","-865.6984924316406","-1191.63671875","-612.2841796875"
"1862","-914.4447794596355","-1160.90673828125","-632.7083129882812","-833.1223653157552","-1186.8419189453125","-513.7349243164062","-896.909619140625","-1156.002197265625","-636.8749389648438"
"1864","-891.4097493489584","-1383.047119140625","-612.1476440429688","-831.0933210584852","-1117.607177734375","-469.14727783203125","-821.4683349609375","-1155.294189453125","-515.94580078125"
"1866","-895.8480305989583","-1331.98095703125","-520.7680053710938","-772.3744371202257","-1079.13330078125","-377.63323974609375","-829.0933441162109","-1077.8992919921875","-511.1394348144531"
"1867","-896.8966552734375","-1217.48388671875","-629.1396484375","-826.0015038384331","-1147.5521240234375","-391.6671447753906","-834.3250427246094","-1121.097412109375","-633.89990234375"
"1869","-880.6460815429688","-1368.286865234375","-509.49176025390625","-854.7724609375","-1138.4769287109375","-504.28375244140625","-884.6280029296875","-1073.6043701171875","-393.35247802734375"
"1871","-869.5375406901042","-1244.00537109375","-581.7821655273438","-857.1342434353298","-1157.5675048828125","-535.21728515625","-844.70322265625","-1315.9495849609375","-621.4666748046875"
"1873","-892.3606323242187","-1178.9176025390625","-552.5758056640625","-865.1380886501736","-1315.770263671875","-543.4115600585938","-876.2859069824219","-1304.570068359375","-637.0074462890625"
"1875","-895.8805074055989","-1191.943115234375","-499.3230895996094","-851.162097507053","-1289.2659912109375","-440.0471496582031","-876.3926574707032","-1167.4600830078125","-608.1074829101562"
"1876","-911.0546468098959","-1267.3638916015625","-513.2454833984375","-858.0517255995009","-1254.450439453125","-510.7456359863281","-981.643994140625","-1869.91455078125","-734.2574462890625"
"1878","-885.1011189778645","-1235.417724609375","-631.8521728515625","-832.9689551459419","-1166.3795166015625","-509.2066955566406","-949.5031127929688","-1747.0489501953125","-567.9985961914062"
"1880","-846.2577880859375","-1249.596923828125","-513.8010864257812","-829.2635481092665","-1061.2957763671875","-407.2123718261719","-818.2678894042969","-1043.846435546875","-631.2870483398438"
"1882","-948.4976888020833","-1372.4754638671875","-511.7213134765625","-882.3632609049479","-1327.5252685546875","-590.37939453125","-982.61328125","-1691.349853515625","-647.2861328125"
"1883","-901.5723510742188","-1080.09130859375","-633.5350952148438","-806.1012776692709","-1138.751953125","-518.4525146484375","-860.6572204589844","-1075.2725830078125","-510.08062744140625"
"1885","-883.3761311848958","-1217.254150390625","-516.7771606445312","-850.9095764160156","-1152.9755859375","-520.22607421875","-868.1925598144531","-1073.3646240234375","-502.26068115234375"
"1887","-871.0652404785156","-1172.38037109375","-502.65203857421875","-840.5070868598091","-1137.071533203125","-488.1817626953125","-868.0891357421875","-1074.2703857421875","-628.3742065429688"
"1889","-887.9018330891927","-1151.5037841796875","-508.7092590332031","-873.3288370768229","-1283.160888671875","-407.45281982421875","-876.2081359863281","-1384.974609375","-629.8355712890625"
"1891","-893.4448120117188","-1138.7955322265625","-600.5703735351562","-875.3629387749565","-1274.5374755859375","-521.88818359375","-891.0052795410156","-1262.22021484375","-714.2424926757812"
"1892","-880.0426147460937","-1167.2860107421875","-632.2484130859375","-795.7276967366537","-1069.9111328125","-502.7503662109375","-834.0411987304688","-1077.96826171875","-506.1190185546875"
"1894","-909.1636108398437","-1083.404296875","-630.68310546875","-817.022447374132","-1148.08837890625","-407.501220703125","-829.812646484375","-1146.4320068359375","-599.1240844726562"
"1896","-937.6496622721354","-1473.816650390625","-511.24078369140625","-868.8402336968315","-1155.85595703125","-506.90301513671875","-893.9669128417969","-1272.97998046875","-632.3424682617188"
"1898","-903.8680158342634","-1350.6513671875","-507.2713623046875","-825.5914238823784","-1123.9525146484375","-520.073974609375","-857.3602661132812","-1049.933349609375","-637.056640625"
"1899","-952.4693995884487","-1349.0067138671875","-632.22705078125","-892.0315246582031","-1343.769287109375","-640.2537231445312","-986.4437438964844","-1864.142578125","-635.638916015625"
"1901","-952.8538556780134","-1305.41552734375","-628.782470703125","-878.6500413682726","-1248.524658203125","-519.7431640625","-905.3409851074218","-1168.9320068359375","-634.8109741210938"
"1903","-884.6586347307477","-1152.0848388671875","-621.099365234375","-859.6065317789713","-1160.4005126953125","-452.6347351074219","-933.17783203125","-1459.8836669921875","-729.2982788085938"
"1905","-890.4973754882812","-1160.6287841796875","-615.4065551757812","-866.8192613389757","-1058.436279296875","-626.3216552734375","-828.9589660644531","-1085.60107421875","-626.3673095703125"
"1907","-901.0516967773438","-1351.7852783203125","-517.0864868164062","-850.3958197699653","-1218.188232421875","-520.0001220703125","-927.2039428710938","-1224.9007568359375","-721.60400390625"
"1908","-942.153564453125","-1248.536376953125","-546.2575073242188","-852.6021372477213","-1152.4554443359375","-504.9512023925781","-872.9265991210938","-1162.3477783203125","-630.0908813476562"
"1910","-904.4585963657925","-1154.7733154296875","-518.6958618164062","-826.0041995578342","-1134.62841796875","-406.1109313964844","-902.962841796875","-1222.6309814453125","-719.839599609375"
"1912","-890.8888615199497","-1160.0843505859375","-510.9660949707031","-834.1172519259983","-1279.4368896484375","-521.8195190429688","-857.2862121582032","-1122.5718994140625","-591.6345825195312"
"1914","-933.4797450474331","-1279.6202392578125","-519.8880615234375","-884.9099527994791","-1212.894775390625","-529.1326904296875","-941.375244140625","-1283.3905029296875","-632.859375"
"1915","-932.0243835449219","-1322.404296875","-633.5604858398438","-849.113755967882","-1153.2784423828125","-580.5379028320312","-856.0551452636719","-1145.39697265625","-633.6940307617188"
"1916","-874.8877846854074","-1194.10595703125","-385.0550231933594","-833.647464328342","-1097.0645751953125","-411.1846618652344","-915.3940124511719","-1278.55029296875","-633.0519409179688"
"1918","-904.1573660714286","-1237.187255859375","-628.1464233398438","-849.0459645589193","-1283.662109375","-503.2679138183594","-874.0018432617187","-1285.494140625","-623.80810546875"
"1920","-876.2774832589286","-1230.1014404296875","-544.0330200195312","-845.6962941487631","-1078.7037353515625","-409.3337707519531","-928.8077575683594","-1157.6934814453125","-634.0014038085938"
"1922","-888.0476880754743","-1069.4178466796875","-505.0421447753906","-822.0528157552084","-1318.5487060546875","-401.000732421875","-818.0917053222656","-1079.7158203125","-635.701904296875"
"1923","-927.6822466169085","-1242.0596923828125","-629.2659301757812","-834.7678968641493","-1188.3670654296875","-521.79345703125","-915.0145660400391","-1666.4100341796875","-483.88665771484375"
"1925","-901.0493076869419","-1266.1845703125","-511.95928955078125","-855.3684624565972","-1156.2589111328125","-525.5977783203125","-847.1921142578125","-1113.8853759765625","-608.339111328125"
"1927","-867.601324898856","-1149.2618408203125","-384.61395263671875","-806.3557467990452","-1236.78515625","-407.82080078125","-845.0108215332032","-1147.93505859375","-514.5623168945312"
"1929","-905.0247323172433","-1157.180908203125","-637.9602661132812","-833.0089009602865","-1446.15576171875","-514.6744995117188","-862.3322448730469","-1091.9188232421875","-542.163330078125"
"1931","-899.5979527064732","-1249.51904296875","-476.6593017578125","-823.5418260362413","-1145.015380859375","-489.43475341796875","-841.2881591796875","-1106.3878173828125","-613.0286865234375"
"1932","-887.8373600886418","-1081.22021484375","-635.5604248046875","-829.0998263888889","-1139.830322265625","-512.4108276367188","-952.1113159179688","-1795.2041015625","-511.2547607421875"
"1934","-847.9189077524038","-1182.0328369140625","-515.6116333007812","-827.664282904731","-1107.1324462890625","-478.8756408691406","-863.3036743164063","-1099.8209228515625","-638.2457885742188"
"1936","-920.745375413161","-1163.626953125","-597.6324462890625","-832.4757758246528","-1100.692138671875","-528.1746826171875","-934.9439880371094","-1366.2734375","-630.0440063476562"
"1938","-938.5172119140625","-1219.111083984375","-595.6835327148438","-798.1377156575521","-1066.314208984375","-515.5188598632812","-983.0686401367187","-1370.80224609375","-626.7015991210938"
"1939","-937.5257239708534","-1507.17138671875","-635.0088500976562","-881.0565304226345","-1277.85205078125","-438.2402648925781","-885.29013671875","-1072.4642333984375","-635.9539184570312"
"1941","-896.385019155649","-1159.931884765625","-721.5101928710938","-809.1531372070312","-1079.2325439453125","-618.6576538085938","-841.2011413574219","-1072.5921630859375","-621.705810546875"
"1943","-873.7378117487981","-1241.0469970703125","-628.0867919921875","-827.4359588623047","-1329.50830078125","-504.5299987792969","-946.4463745117188","-1864.96728515625","-616.6743774414062"
"1945","-871.1853449894832","-1162.1942138671875","-596.77001953125","-807.8086378309462","-1106.137451171875","-410.85400390625","-848.977587890625","-1151.3045654296875","-633.9641723632812"
"1947","-888.0250244140625","-1121.9906005859375","-596.573974609375","-874.7825181749132","-1151.20947265625","-528.3059692382812","-892.2002563476562","-1148.0115966796875","-635.1941528320312"
"1948","-936.6776310847356","-1153.5352783203125","-641.391845703125","-911.3438415527344","-1263.1861572265625","-564.8734741210938","-921.8655883789063","-1222.3687744140625","-734.5321655273438"
"1950","-896.5013873760516","-1181.4461669921875","-506.6590881347656","-892.6481628417969","-1277.12158203125","-613.4484252929688","-881.2237487792969","-1323.751708984375","-506.3349914550781"
"1952","-911.0648052509015","-1262.0185546875","-635.5132446289062","-826.0360446506077","-1206.6016845703125","-526.365966796875","-903.6894226074219","-1367.8033447265625","-636.1019287109375"
"1954","-846.8607130784255","-1250.6304931640625","-526.8983154296875","-804.7249688042534","-1133.6103515625","-525.54345703125","-851.2153503417969","-1315.67919921875","-466.3203125"
"1955","-886.853529710036","-1219.0687255859375","-632.6945190429688","-813.603771633572","-1098.3768310546875","-491.3223571777344","-845.9956481933593","-1083.761962890625","-530.1261596679688"
"1957","-919.1515737680288","-1158.814697265625","-637.821533203125","-895.4310217963325","-1283.37939453125","-425.9122619628906","-890.0390563964844","-1259.4744873046875","-635.7694091796875"
"1959","-889.9755108173077","-1289.2198486328125","-636.2921142578125","-804.7768063015408","-1184.32470703125","-462.1784973144531","-833.9165588378906","-1436.14111328125","-510.3780517578125"
"1961","-884.3944420447716","-1220.752685546875","-596.3927001953125","-798.8579830593533","-1150.588134765625","-408.2913513183594","-875.750341796875","-1474.8973388671875","-521.2794189453125"
"1963","-887.6234036959135","-1257.2567138671875","-586.239990234375","-843.4146813286675","-1151.0565185546875","-420.58306884765625","-926.5923217773437","-1222.2691650390625","-631.2402954101562"
"1964","-894.0601947490985","-1153.840576171875","-619.0498046875","-837.9890543619791","-1249.08349609375","-614.052490234375","-883.4720520019531","-1031.9317626953125","-696.5050048828125"
"1966","-910.3668306790865","-1207.2894287109375","-633.6875","-917.6539679633247","-1290.765869140625","-628.85400390625","-892.8419860839844","-1146.7825927734375","-627.244873046875"
"1968","-904.8817420372596","-1150.4942626953125","-636.1782836914062","-854.935082329644","-1217.061279296875","-506.91998291015625","-938.4456481933594","-1240.4627685546875","-715.5767211914062"
"1970","-816.1806077223557","-1338.5206298828125","-295.17401123046875","-802.8416086832682","-1067.6873779296875","-503.9096984863281","-798.4524475097656","-1146.5269775390625","-619.0799560546875"
"1971","-883.473891038161","-1151.3553466796875","-440.869384765625","-819.6121487087673","-1148.25927734375","-534.2861938476562","-865.2728973388672","-1064.1519775390625","-507.4797058105469"
"1972","-899.2145244891827","-1245.9241943359375","-567.73681640625","-819.2267642550999","-1167.350830078125","-407.9380798339844","-821.4824829101562","-1157.9151611328125","-638.2769775390625"
"1974","-929.5731670673077","-1203.9381103515625","-627.78466796875","-884.2770250108507","-1144.43896484375","-406.75537109375","-926.8684875488282","-1262.005126953125","-625.24267578125"
"1976","-925.1587430513822","-1237.20947265625","-627.9442138671875","-795.5488450792101","-1237.474609375","-509.6763000488281","-857.6337890625","-1143.8486328125","-632.9231567382812"
"1978","-862.7459693321815","-1237.122802734375","-390.8878479003906","-852.8063151041666","-1224.2191162109375","-527.2055053710938","-825.3667419433593","-1028.2724609375","-517.4612426757812"
"1979","-938.6769643930288","-1269.8526611328125","-632.8189697265625","-881.5216098361545","-1106.1962890625","-519.9446411132812","-855.6372161865235","-1083.7889404296875","-510.3632507324219"
"1981","-935.9129920372596","-1245.318603515625","-735.732666015625","-864.359622531467","-1163.420654296875","-627.0546264648438","-933.0923767089844","-1158.233154296875","-644.8739624023438"
"1983","-843.1531559870793","-1153.2440185546875","-392.17144775390625","-857.3172336154514","-1151.5037841796875","-407.10723876953125","-844.0575500488281","-1077.582763671875","-580.09716796875"
"1985","-876.3976041353666","-1210.256103515625","-506.8229675292969","-863.922373453776","-1227.39013671875","-512.44873046875","-902.401904296875","-1158.5008544921875","-719.29931640625"
"1987","-921.8699904221755","-1338.443115234375","-615.0147705078125","-877.3677842881945","-1285.6793212890625","-406.5311279296875","-887.7302062988281","-1275.5699462890625","-536.0180053710938"
"1988","-898.037851186899","-1082.7099609375","-572.020263671875","-851.6218210856119","-1190.5185546875","-408.5834045410156","-858.6595092773438","-1143.7113037109375","-641.9991455078125"
"1990","-883.5016244741587","-1223.603515625","-554.1202392578125","-821.1264817979601","-1254.259521484375","-389.7532653808594","-880.7524505615235","-1241.67138671875","-509.4386291503906"
"1992","-898.0480299729568","-1224.498779296875","-506.575927734375","-787.5689578586155","-1144.119873046875","-407.9621887207031","-850.7190490722656","-1156.626953125","-511.55621337890625"
"1994","-918.1325120192307","-1240.371826171875","-611.1359252929688","-843.6448092990452","-1157.0020751953125","-523.449951171875","-845.1373107910156","-1151.3358154296875","-627.2559814453125"
"1995","-984.4382981520432","-1305.1275634765625","-718.3689575195312","-816.0732014973959","-1130.860595703125","-408.3801574707031","-969.6803771972657","-1388.98583984375","-632.69970703125"
"1997","-889.5657019981971","-1222.448974609375","-546.7428588867188","-869.7971564398872","-1075.1796875","-409.7159423828125","-904.7901916503906","-1305.99462890625","-635.6038208007812"
"1999","-845.9981266902043","-1238.39404296875","-511.52655029296875","-817.1467861599392","-1226.119140625","-540.8588256835938","-791.65791015625","-1089.239501953125","-524.819580078125"
"2001","-889.776620718149","-1160.61376953125","-510.9652099609375","-824.2649993896484","-1072.7940673828125","-403.7998962402344","-900.5172607421875","-1279.8829345703125","-503.8131103515625"
"2003","-869.9775461050181","-1274.6014404296875","-509.6439514160156","-803.8163655598959","-1145.686767578125","-489.8912353515625","-892.0255676269531","-1236.7283935546875","-638.7540893554688"
"2004","-881.665757399339","-1212.446533203125","-508.5601806640625","-874.6291978624132","-1094.735107421875","-623.2697143554688","-930.9201293945313","-1345.612548828125","-613.7463989257812"
"2006","-918.1936551607572","-1243.2088623046875","-616.2186279296875","-901.1823154025608","-1239.7926025390625","-520.3094482421875","-908.584814453125","-1219.7366943359375","-639.4974975585938"
"2008","-898.9386033278245","-1152.9197998046875","-631.2677001953125","-793.8126966688368","-1091.000732421875","-406.29052734375","-814.3761779785157","-1076.5185546875","-611.72412109375"
"2010","-920.8873713566707","-1258.2681884765625","-630.132568359375","-831.4151407877604","-1181.110107421875","-460.761962890625","-833.6461364746094","-1143.18115234375","-613.78125"
"2011","-919.9608858548678","-1136.2183837890625","-634.5501098632812","-830.4522196451823","-1147.340087890625","-409.9337158203125","-860.3234130859375","-1082.167236328125","-599.6181030273438"
"2013","-878.5800194373497","-1165.4847412109375","-505.9217224121094","-838.2598402235243","-1279.230224609375","-408.22821044921875","-937.2136901855469","-1272.875","-629.9310913085938"
"2015","-923.8052274263822","-1136.253173828125","-640.8167114257812","-828.7980431450737","-1241.1680908203125","-410.10467529296875","-856.7775085449218","-1203.443115234375","-507.63311767578125"
"2017","-894.2664560171274","-1260.6856689453125","-620.169677734375","-846.451170179579","-1075.0389404296875","-483.5261535644531","-944.3652465820312","-1869.03466796875","-631.5473022460938"
"2019","-898.5530583308293","-1158.151123046875","-613.4951171875","-874.0966593424479","-1073.5091552734375","-405.16644287109375","-901.2546997070312","-1072.152587890625","-627.1414794921875"
"2020","-872.3065115121694","-1261.1328125","-509.0694274902344","-872.4295162624783","-1074.430908203125","-506.5173645019531","-953.0163940429687","-1192.1182861328125","-633.4718017578125"
"2022","-964.3836294320913","-1479.7525634765625","-628.7774047851562","-825.4184299045139","-1088.2861328125","-634.29296875","-828.7157104492187","-1250.5875244140625","-507.8135986328125"
"2024","-925.3497361403245","-1439.0908203125","-632.5137939453125","-829.8522321912977","-1236.8123779296875","-505.0952453613281","-939.0186706542969","-1326.79296875","-634.5631713867188"
"2026","-906.3699434720553","-1226.0462646484375","-636.1332397460938","-831.5570170084635","-1243.343505859375","-404.92889404296875","-1002.4040771484375","-1878.9713134765625","-642.0140380859375"
"2027","-936.376708984375","-1228.7994384765625","-634.6192626953125","-818.2971038818359","-1233.08251953125","-498.74078369140625","-956.469677734375","-1869.716552734375","-621.0050048828125"
"2028","-846.5975388746995","-1160.4881591796875","-511.78533935546875","-829.343982272678","-1216.56201171875","-404.4620056152344","-975.7312683105469","-1334.177490234375","-704.2243041992188"
"2030","-996.0875056340144","-1283.9498291015625","-635.0560302734375","-865.9239942762587","-1074.9305419921875","-559.6475219726562","-909.61591796875","-1225.090087890625","-693.74462890625"
"2032","-869.8384915865385","-1069.512451171875","-636.3569946289062","-861.4097340901693","-1323.664794921875","-403.5265197753906","-947.4844055175781","-1266.423828125","-713.0831298828125"
"2034","-879.6374981219952","-1150.2568359375","-503.74346923828125","-845.0687967936198","-1087.578857421875","-513.3754272460938","-850.8541076660156","-1071.1932373046875","-626.9551391601562"
"2035","-881.5784630408654","-1240.2371826171875","-631.5416259765625","-789.7286665174696","-1155.9805908203125","-408.2272033691406","-938.7603088378906","-1884.6859130859375","-634.9992065429688"
"2037","-891.9332369290865","-1241.000732421875","-631.60546875","-850.1726226806641","-1221.3975830078125","-485.3224792480469","-832.5645690917969","-1090.8671875","-597.0714721679688"
"2039","-874.1182063176082","-1185.4515380859375","-635.0833129882812","-825.3038753933376","-1100.702880859375","-407.8876037597656","-904.6177795410156","-1111.8857421875","-632.95556640625"
"2041","-873.7730102539062","-1157.0435791015625","-511.3115234375","-791.0809665256077","-1097.535888671875","-448.6660461425781","-893.113720703125","-1160.9737548828125","-625.0575561523438"
"2043","-923.020249586839","-1230.74072265625","-640.2908935546875","-789.637683444553","-1071.9554443359375","-506.8796691894531","-982.2465481228298","-1876.940185546875","-627.6522827148438"
"2044","-914.855703500601","-1226.458984375","-634.8389282226562","-796.2419230143229","-1245.1636962890625","-525.06884765625","-925.7576429578993","-1263.5548095703125","-643.7969970703125"
"2046","-875.1451885516827","-1140.58203125","-538.7061157226562","-840.1588168674045","-1189.154296875","-519.20166015625","-893.0398423936632","-1268.5262451171875","-625.3121948242188"
"2048","-880.6356107271635","-1154.0992431640625","-626.8682861328125","-888.0735744900173","-1133.9195556640625","-510.91961669921875","-931.24462890625","-1157.5958251953125","-729.9507446289062"
"2050","-879.3286508413462","-1243.2725830078125","-612.0614624023438","-825.2399681939019","-1078.7421875","-403.43475341796875","-831.0068359375","-1093.7479248046875","-639.0069580078125"
"2051","-885.4929786095253","-1150.19384765625","-508.4050598144531","-921.0646786159939","-1248.343994140625","-405.9707336425781","-882.2406616210938","-1257.0855712890625","-532.2395629882812"
"2053","-879.5474524864784","-1111.0721435546875","-601.5245361328125","-835.939673529731","-1154.471923828125","-424.80926513671875","-877.4576585557726","-1148.781982421875","-502.6590881347656"
"2055","-872.7495492788462","-1220.6668701171875","-621.4644775390625","-836.210218641493","-1238.7576904296875","-627.3534545898438","-837.203382703993","-1160.57080078125","-633.412353515625"
"2057","-908.8857187124399","-1140.730224609375","-633.5577392578125","-825.8816867404514","-1418.80615234375","-518.956787109375","-850.8681301540798","-1084.514892578125","-506.0225830078125"
"2059","-886.94677734375","-1082.27734375","-631.273681640625","-864.9534369574653","-1227.6898193359375","-631.9618530273438","-883.2846204969618","-1147.30908203125","-633.6298828125"
"2060","-944.5515794020432","-1336.243408203125","-623.8443603515625","-843.8489396837023","-1245.170166015625","-412.1473693847656","-927.4486897786459","-1248.0350341796875","-639.5142211914062"