"global_step","wandb_run_name: dart_humanoid_sparse - charts/episodic_return","wandb_run_name: dart_humanoid_sparse - charts/episodic_return__MIN","wandb_run_name: dart_humanoid_sparse - charts/episodic_return__MAX","wandb_run_name: dart_humanoid_sparse - _step","wandb_run_name: dart_humanoid_sparse - _step__MIN","wandb_run_name: dart_humanoid_sparse - _step__MAX","wandb_run_name: ppo_humanoid_sparse - charts/episodic_return","wandb_run_name: ppo_humanoid_sparse - charts/episodic_return__MIN","wandb_run_name: ppo_humanoid_sparse - charts/episodic_return__MAX","wandb_run_name: ppo_humanoid_sparse - _step","wandb_run_name: ppo_humanoid_sparse - _step__MIN","wandb_run_name: ppo_humanoid_sparse - _step__MAX"
"65536","1.112499937415123","0.8000001311302185","1.7999993562698364","4","4","4","1.0312500149011612","0.8000001311302185","1.4499996900558472","4","4","4"
"131072","1.0624999776482582","0.7500001192092896","1.4999996423721313","6","6","6","1.0250000357627869","0.8000001311302185","1.4999996423721313","6","6","6"
"196608","1.2124998718500137","0.8000001311302185","2.2499990463256836","7","7","7","1.3437497317790985","0.7500001192092896","2.399998903274536","7","7","7"
"262144","1.2874998226761818","0.8000001311302185","1.8499993085861206","8","8","8","1.212499886751175","0.8000001311302185","2.049999237060547","8","8","8"
"327680","1.5312496200203896","0.8000001311302185","2.7999985218048096","9","9","9","1.4374996945261955","0.8500001430511475","2.349998950958252","9","9","9"
"393216","1.7937494069337845","1.149999976158142","2.4999988079071045","10.375","10","11","2.299998953938484","1.4999996423721313","2.899998426437378","10.25","10","11"
"458752","2.5749987214803696","1.4499996900558472","4.099997520446777","11.75","11","12","2.668748617172241","1.5499995946884155","3.5999977588653564","11.75","11","12"
"524288","2.6687487065792084","1.2999998331069946","4.199997901916504","13","13","13","2.4812487810850143","1.6499994993209839","2.9999983310699463","12.875","12","13"
"589824","3.2749990820884705","1.7999993562698364","5.2000017166137695","14","14","14","3.1437485367059708","1.5999995470046997","4.649999618530273","14","14","14"
"655360","3.2749984562397003","2.4999988079071045","4.44999885559082","15","15","15","3.4687483608722687","2.399998903274536","4.850000381469727","15","15","15"
"720896","3.643749415874481","2.349998950958252","6.650007247924805","16","16","16","3.43124920129776","2.1999990940093994","5.500002861022949","16","16","16"
"786432","4.474999626477559","3.249998092651367","5.750003814697266","17","17","17","3.743748366832733","2.699998617172241","4.800000190734863","17","17","17"
"851968","4.191665212313334","3.5499978065490723","5.000000953674316","18","18","18","3.556247800588608","2.7999985218048096","3.99999737739563","18","18","18"
"917504","4.212498247623444","3.749997615814209","4.950000762939453","19","19","19","3.824998587369919","2.7499985694885254","5.650003433227539","19","19","19"
"983040","3.9687483310699463","2.7499985694885254","4.59999942779541","20","20","20","4.431250274181366","2.7499985694885254","6.650007247924805","20","20","20"
"1048576","4.600000113248825","3.499997854232788","6.250005722045898","21","21","21","4.331249505281448","2.349998950958252","5.350002288818359","21","21","21"
"1114112","4.549999415874481","3.749997615814209","5.400002479553223","22","22","22","4.643750041723251","3.5999977588653564","6.600007057189941","22","22","22"
"1179648","4.693750560283661","3.0999982357025146","9.350017547607422","23","23","23","4.0687485337257385","2.699998617172241","5.9000043869018555","23","23","23"
"1245184","4.399999788829258","3.3999979496002197","5.750003814697266","24","24","24","4.225000202655792","2.9999983310699463","5.950004577636719","24","24","24"
"1310720","4.671428578240531","3.5999977588653564","6.050004959106445","25","25","25","4.2749989330768585","3.499997854232788","6.100005149841309","25","25","25"
"1376256","4.862500756978989","3.5499978065490723","6.050004959106445","26","26","26","4.368749797344208","3.249998092651367","7.200009346008301","26","26","26"
"1441792","4.850001037120819","2.949998378753662","6.500006675720215","27","27","27","4.743750661611557","3.249998092651367","6.900008201599121","27","27","27"
"1507328","5.391669114430745","4.349998474121094","6.350006103515625","28","28","28","4.393749177455902","3.449997901916504","5.300002098083496","28","28","28"
"1572864","4.65714304787772","3.5499978065490723","7.100008964538574","29","29","29","4.93125107884407","3.3999979496002197","6.750007629394531","29","29","29"
"1638400","4.608332991600037","3.799997568130493","5.800004005432129","30.5","30","31","5.878575801849365","3.9499974250793457","8.950016021728516","30","30","30"
"1703936","5.057144335338047","3.5999977588653564","6.050004959106445","31.428571428571427","31","32","4.681250154972076","3.6499977111816406","7.1500091552734375","31.375","31","32"
"1769472","5.375002384185791","4.649999618530273","6.250005722045898","32.833333333333336","32","33","5.057144062859671","3.99999737739563","6.200005531311035","32.57142857142857","32","33"
"1835008","5.264288084847586","3.449997901916504","7.200009346008301","33.857142857142854","33","34","5.181251645088196","4.149997711181641","7.250009536743164","33.75","33","34"
"1900544","5.587503254413605","3.9499974250793457","11.700026512145996","34.75","34","35","4.791667024294536","3.799997568130493","6.100005149841309","34.833333333333336","34","35"
"1966080","4.743750303983688","3.5999977588653564","6.500006675720215","36","36","36","4.821428843906948","4.099997520446777","5.9000043869018555","36","36","36"
"2031616","5.6142890112740655","4.850000381469727","6.750007629394531","37","37","37","4.641666690508525","3.499997854232788","5.350002288818359","37","37","37"
"2097152","5.0900012969970705","4.44999885559082","6.150005340576172","38","38","38","5.364288057599749","4.249998092651367","7.700011253356934","38","38","38"
"2162688","4.758333722750346","3.699997663497925","5.700003623962402","39","39","39","5.293752074241638","4.149997711181641","9.100016593933105","39","39","39"
"2228224","6.428577831813267","4.099997520446777","8.950016021728516","40","40","40","5.0642869131905695","4.049997329711914","6.600007057189941","40","40","40"
"2293760","5.650003612041473","3.749997615814209","7.1500091552734375","41","41","41","6.637507617473602","3.3499979972839355","11.200024604797363","41","41","41"
"2359296","5.118751734495163","3.6499977111816406","6.850008010864258","42","42","42","5.450002670288086","4.099997520446777","6.700007438659668","42","42","42"
"2424832","5.358335653940837","4.099997520446777","6.550006866455078","43","43","43","5.435716901506696","4.2999982833862305","8.7000150680542","43","43","43"
"2490368","6.193755567073822","3.9499974250793457","10.100020408630371","44","44","44","5.164287294660296","4.049997329711914","6.550006866455078","44","44","44"
"2555904","6.1062551736831665","4.549999237060547","8.600014686584473","45","45","45","6.925008296966553","4.800000190734863","9.100016593933105","45","45","45"
"2621440","7.0071514674595425","4.399998664855957","11.100024223327637","46","46","46","6.907151426587786","3.5499978065490723","8.7000150680542","46","46","46"
"2686976","7.378581455775669","4.499999046325684","12.000027656555176","47","47","47","5.578574589320591","4.549999237060547","6.950008392333984","47","47","47"
"2752512","6.740007591247559","5.9000043869018555","8.40001392364502","48","48","48","6.22143418448312","4.44999885559082","8.900015830993652","48","48","48"
"2818048","5.43750262260437","4.59999942779541","6.150005340576172","49","49","49","5.92143304007394","4.349998474121094","8.200013160705566","49","49","49"
"2883584","6.441673119862874","4.249998092651367","9.700018882751465","50","50","50","7.30001037461417","3.0999982357025146","10.050020217895508","50","50","50"
"2949120","5.566670258839925","3.449997901916504","8.7000150680542","51","51","51","6.528578417641776","3.749997615814209","8.55001449584961","51","51","51"
"3014656","7.14375913143158","4.499999046325684","12.600029945373535","52","52","52","6.043754935264587","4.2999982833862305","8.850015640258789","52","52","52"
"3080192","6.3812562227249146","4.850000381469727","8.150012969970703","53","53","53","5.592860358101981","4.549999237060547","7.850011825561523","53","53","53"
"3145728","7.275009632110596","4.850000381469727","11.650026321411133","54","54","54","6.356256365776062","3.6499977111816406","8.500014305114746","54","54","54"
"3211264","5.116668065388997","4.44999885559082","7.050008773803711","55","55","55","6.183338801066081","4.699999809265137","7.400010108947754","55","55","55"
"3276800","8.768765330314636","5.400002479553223","14.400036811828613","56","56","56","6.635721479143415","4.90000057220459","8.10001277923584","56","56","56"
"3342336","6.557149750845773","5.300002098083496","9.050016403198242","57","57","57","8.950016021728516","5.250001907348633","13.650033950805664","57","57","57"
"3407872","7.000008583068848","5.450002670288086","9.800019264221191","58","58","58","8.464299883161273","4.90000057220459","14.80003833770752","58","58","58"
"3473408","7.408343474070231","4.549999237060547","10.450021743774414","59","59","59","5.6142890112740655","4.049997329711914","7.400010108947754","59","59","59"
"3538944","7.5000104904174805","4.75","9.350017547607422","60","60","60","8.250012715657553","4.850000381469727","15.80003833770752","60","60","60"
"3604480","6.607149941580636","5.150001525878906","8.55001449584961","61","61","61","8.066679318745932","5.05000114440918","10.950023651123047","61","61","61"
"3670016","7.540010643005371","5.350002288818359","11.45002555847168","62","62","62","7.178580692836216","4.499999046325684","9.250017166137695","62","62","62"
"3735552","7.900012016296387","6.200005531311035","12.350028991699219","63","63","63","8.950016021728516","7.300009727478027","11.30002498626709","63","63","63"
"3801088","6.918758273124695","5.5500030517578125","8.750015258789062","64","64","64","9.366684277852377","4.850000381469727","13.90003490447998","64","64","64"
"3866624","7.133342425028483","5.850004196166992","8.40001392364502","65","65","65","8.800015449523926","6.350006103515625","10.250020980834961","65","65","65"
"3932160","10.300014768327985","5.400002479553223","18.100006103515625","66","66","66","7.807154519217355","5.400002479553223","9.550018310546875","66","66","66"
"3997696","8.093762755393982","5.350002288818359","12.050027847290039","67","67","67","10.891671816507975","5.350002288818359","19.44998550415039","67","67","67"
"4063232","5.9200044631958","4.349998474121094","7.80001163482666","68","68","68","9.750019073486328","5.100001335144043","15.900042533874512","68","68","68"
"4128768","8.393763422966003","5.250001907348633","12.050027847290039","69","69","69","7.206259369850159","5.300002098083496","11.050024032592773","69","69","69"
"4194304","7.008341948191325","5.000000953674316","12.500029563903809","70","70","70","10.100020408630371","6.050004959106445","15.200039863586426","70","70","70"
"4259840","8.328585079738072","6.300005912780762","12.500029563903809","71","71","71","11.233333428700766","5.9000043869018555","23.2999267578125","71","71","71"
"4325376","8.26429912022182","5.950004577636719","13.050031661987305","72","72","72","9.085730825151716","5.450002670288086","12.100028038024902","72","72","72"
"4390912","8.93334929148356","7.000008583068848","10.600022315979004","73.16666666666667","73","74","8.987516164779663","4.699999809265137","15.250040054321289","73","73","73"
"4456448","12.381262183189392","6.750007629394531","22.09994888305664","74.125","74","75","10.133353233337402","6.200005531311035","13.300028800964355","74","74","74"
"4521984","9.370016860961915","5.950004577636719","15.250036239624023","75.2","75","76","11.135723114013672","5.400002479553223","19.599990844726562","75","75","75"
"4587520","8.55001449584961","4.90000057220459","11.800026893615723","76.33333333333333","76","77","7.583344141642253","4.049997329711914","10.050020217895508","76","76","76"
"4653056","14.839930725097656","4.59999942779541","44.99961471557617","77.2","77","78","13.235703604561943","5.650003433227539","31.5498046875","77.14285714285714","77","78"
"4718592","19.583289464314777","13.050031661987305","32.34980773925781","78.66666666666667","78","79","12.591691017150879","6.450006484985352","17.300018310546875","78.16666666666667","78","79"
"4784128","9.458351294199625","6.650007247924805","15.750041961669922","79.33333333333333","79","80","12.471441541399274","7.400010108947754","21.79995346069336","79.28571428571429","79","80"
"4849664","13.733326435089111","4.649999618530273","29.699848175048828","80.33333333333333","80","81","10.928576605660576","4.549999237060547","22.549942016601562","80.28571428571429","80","81"
"4915200","8.11429854801723","4.850000381469727","13.500033378601074","81.42857142857143","81","82","8.956266045570374","4.099997520446777","12.100028038024902","81.375","81","82"
"4980736","10.708348433176676","7.5000104904174805","18.350006103515625","82.66666666666667","82","83","12.93334674835205","7.350009918212891","20.399974822998047","82.5","82","83"
"5046272","10.34168799718221","6.900008201599121","14.700037956237793","83.66666666666667","83","84","12.550008773803711","7.750011444091797","22.949947357177734","83.66666666666667","83","84"
"5111808","12.028567722865514","6.450006484985352","27.499866485595703","84.57142857142857","84","85","9.092865535191127","4.950000762939453","18.749996185302734","84.57142857142857","84","85"
"5177344","19.187450647354126","8.300013542175293","29.199840545654297","85.5","85","86","12.341646512349447","5.700003623962402","32.79981231689453","85.66666666666667","85","86"
"5242880","9.41251277923584","5.500002861022949","17.00002670288086","86.5","86","87","7.916678746541341","4.800000190734863","11.400025367736816","87","87","87"
"5308416","9.450017293294271","6.050004959106445","14.850038528442383","87.83333333333333","87","88","7.858345190684001","4.699999809265137","12.300028800964355","87.66666666666667","87","88"
"5373952","10.875023365020752","7.80001163482666","13.950035095214844","89","89","89","10.991676052411398","3.5999977588653564","20.299976348876953","88.66666666666667","88","89"
"5439488","11.191689173380533","6.8000078201293945","16.400035858154297","89.66666666666667","89","90","14.371413912091937","6.700007438659668","27.79987335205078","89.57142857142857","89","90"
"5505024","12.514310428074428","8.900015830993652","17.750015258789062","90.85714285714286","90","91","12.22000470161438","3.799997568130493","21.64995574951172","90.6","90","91"
"5570560","9.560018348693848","7.450010299682617","12.700030326843262","91.8","91","92","12.741667111714682","7.900012016296387","25.399898529052734","91.66666666666667","91","92"
"5636096","8.837514638900757","7.300009727478027","12.30002498626709","92.75","92","93","18.33743953704834","8.40001392364502","41.09968948364258","92.75","92","93"
"5701632","11.42002468109131","7.350009918212891","15.300040245056152","94","94","94","12.614288466317314","6.350006103515625","25.549896240234375","93.57142857142857","93","94"
"5767168","12.06429740360805","6.550006866455078","22.299957275390625","94.85714285714286","94","95","24.91236901283264","6.600007057189941","44.499637603759766","94.5","94","95"
"5832704","10.37502145767212","8.300013542175293","11.90002727508545","96","96","96","18.83330249786377","7.350009918212891","30.949840545654297","95.83333333333333","95","96"
"5898240","15.164253098624092","6.550006866455078","43.09964370727539","96.85714285714286","96","97","13.03000087738037","7.65001106262207","20.699970245361328","96.8","96","97"
"5963776","11.375014305114746","4.699999809265137","19.199989318847656","97.83333333333333","97","98","17.249938011169434","6.600007057189941","45.9497184753418","98","98","98"
"6029312","11.337525129318237","8.150012969970703","15.750041961669922","99","99","99","15.8833220799764","9.250017166137695","24.199913024902344","98.33333333333333","98","99"
"6094848","17.399989318847656","10.250017166137695","26.099899291992188","100","100","100","9.98335075378418","5.100001335144043","16.550033569335938","99.66666666666667","99","100"
"6160384","30.883123715718586","12.100028038024902","49.9995231628418","101","101","101","17.925003051757812","14.350032806396484","21.49997329711914","101","101","101"
"6225920","10.900017929077148","6.000004768371582","17.200023651123047","101.8","101","102","11.850015640258789","6.850008010864258","18.200008392333984","101.6","101","102"
"6291456","16.274980862935383","9.050016403198242","35.39974594116211","102.83333333333333","102","103","17.08744525909424","6.100005149841309","38.3497314453125","102.5","102","103"
"6356992","15.441656271616617","8.10001277923584","30.74985694885254","104","104","104","22.049935340881348","12.350028991699219","35.849754333496094","103.75","103","104"
"6422528","13.500011126200357","7.700011253356934","19.24999237060547","105","105","105","29.433153470357258","9.800019264221191","52.9995231628418","104.66666666666667","104","105"
"6488064","10.750021362304688","9.250017166137695","11.75002670288086","106","106","106","16.20001220703125","11.950027465820312","19.499984741210938","105.66666666666667","105","106"
"6553600","13.580018615722656","8.850015640258789","20.099990844726562","107","107","107","16.537501573562622","10.600022315979004","24.399925231933594","107","107","107"
"6619136","16.637434720993042","5.000000953674316","40.5496940612793","108","108","108","17.24280575343541","8.200013160705566","44.899600982666016","107.57142857142857","107","108"
"6684672","10.560005569458008","4.649999618530273","19.899978637695312","109","109","109","14.21670150756836","13.200032234191895","15.500041007995605","108.66666666666667","108","109"
"6750208","16.769954872131347","6.850008010864258","40.59968185424805","110","110","110","14.575004816055298","8.650014877319336","22.599937438964844","110","110","110"
"6815744","13.800021171569824","10.450021743774414","17.150020599365234","111","111","111","22.21865701675415","7.000008583068848","51.9995231628418","110.625","110","111"
"6881280","12.966665307680765","3.799997568130493","23.099933624267578","112","112","112","9.462517976760864","6.700007438659668","14.65003776550293","112","112","112"
"6946816","12.589986228942871","4.2999982833862305","27.799877166748047","113","113","113","23.074941635131836","18.60000228881836","27.549880981445312","112.5","112","113"
"7012352","11.35002326965332","5.000000953674316","15.450037002563477","114","114","114","16.966674486796062","12.500025749206543","22.399959564208984","114","114","114"
"7077888","21.874871253967285","6.350006103515625","44.349609375","115","115","115","10.800021807352701","6.050004959106445","14.150032043457031","115","115","115"
"7143424","17.54997380574544","6.150005340576172","30.199851989746094","116","116","116","11.833354314168295","5.450002670288086","16.700027465820312","115.66666666666667","115","116"
"7208960","23.439940643310546","17.250022888183594","33.89979553222656","117","117","117","13.875015258789062","9.750019073486328","18.000011444091797","117","117","117"
"7274496","10.433353741963705","8.000012397766113","11.750022888183594","118","118","118","19.199925899505615","8.300013542175293","30.099838256835938","118","118","118"
"7340032","25.962390184402466","13.800034523010254","41.399654388427734","119","119","119","17.34998957316081","10.55002212524414","24.099933624267578","119","119","119"
"7405568","34.549797693888344","14.250036239624023","57.24956512451172","120","120","120","35.449769020080566","16.900033950805664","53.99950408935547","119.5","119","120"
"7471104","16.58995876312256","7.900012016296387","30.099853515625","121","121","121","28.474851608276367","18.100006103515625","38.84969711303711","121","121","121"
"7536640","19.683289527893066","13.200032234191895","32.399803161621094","122","122","122","9.1750168800354","8.200013160705566","10.150020599365234","122","122","122"
"7602176","16.30002498626709","13.600029945373535","18.900009155273438","123","123","123","21.11242699623108","10.850019454956055","34.59977340698242","122.5","122","123"
"7667712","24.84990930557251","14.850038528442383","37.69972610473633","124","124","124","18.13330141703288","9.600018501281738","30.199851989746094","124","124","124"
"7733248","14.474997997283936","8.900015830993652","20.04998016357422","125","125","125","21.983191172281902","7.850011825561523","48.64954376220703","124.66666666666667","124","125"
"7798784","18.350008010864258","16.10003662109375","20.599979400634766","126","126","126","22.57491620381673","9.55001449584961","51.9995231628418","126","126","126"
"7864320","8.7000150680542","8.40001392364502","9.000016212463379","127","127","127","21.758254686991375","7.750011444091797","59.99950408935547","126.83333333333333","126","127"
"7929856","16.533315658569336","10.950023651123047","26.39989471435547","128","128","128","38.24974664052328","14.300036430358887","59.149532318115234","128","128","128"
"7995392","24.633189519246418","6.650007247924805","50.9995231628418","129","129","129","15.266628901163736","7.850011825561523","28.19985580444336","128.66666666666666","128","129"
"8060928","31.3497797648112","7.95001220703125","53.999515533447266","130","130","130","46.41626993815104","34.24976348876953","52.9995231628418","129.66666666666666","129","130"
"8126464","26.637375831604004","14.950031280517578","49.9995231628418","131","131","131","40.53713893890381","6.150005340576172","53.99950408935547","130.75","130","131"
"8192000","18.266613642374676","5.850004196166992","27.19988250732422","132","132","132","","","","","",""
"8257536","15.100019454956055","9.750019073486328","20.14999008178711","133","133","133","14.100006341934204","9.000012397766113","22.29995346069336","133","133","133"
"8323072","25.259867668151855","9.150016784667969","49.9995231628418","134","134","134","39.08304341634115","16.700031280517578","52.9995231628418","134","134","134"
"8388608","28.75979862213135","8.050012588500977","53.99950408935547","135","135","135","9.950017929077148","9.700018882751465","10.200016975402832","135","135","135"
"8454144","31.21645673116048","12.050027847290039","49.9995231628418","136","136","136","24.112394332885742","10.100020408630371","60.99950408935547","136","136","136"
"8519680","15.1750009059906","7.400010108947754","23.69992446899414","137","137","137","28.19983367919922","7.600010871887207","51.9995231628418","136.8","136","137"
"8585216","15.924998760223389","11.900023460388184","19.949974060058594","138","138","138","13.774969100952148","6.000004768371582","29.64983367919922","137.75","137","138"
"8650752","13.350028991699219","13.350028991699219","13.350028991699219","139","139","139","23.299930572509766","17.45001983642578","29.14984130859375","138.5","138","139"
"8716288","22.579920768737793","12.500029563903809","50.9995231628418","140","140","140","14.500033378601074","14.500033378601074","14.500033378601074","140","140","140"
"8781824","36.84972381591797","36.84972381591797","36.84972381591797","141","141","141","20.583273887634277","10.550018310546875","36.599769592285156","141","141","141"
"8847360","32.18727445602417","11.85002326965332","49.9995231628418","142","142","142","32.174809217453","8.900015830993652","52.89961242675781","142","142","142"
"8912896","29.949754238128662","5.9000043869018555","53.99950408935547","143","143","143","31.72981071472168","7.050008773803711","61.99950408935547","143","143","143"
"8978432","27.349833297729493","5.600003242492676","53.99950408935547","144","144","144","","","","","",""
"9043968","26.949835538864136","6.400006294250488","60.99950408935547","145","145","145","20.774928092956543","11.650026321411133","29.899829864501953","145","145","145"
"9109504","39.96218204498291","29.849853515625","49.9995231628418","146","146","146","18.624937534332275","8.35000991821289","41.94968795776367","146","146","146"
"9175040","33.19985008239746","24.2999267578125","42.09977340698242","147","147","147","34.44981384277344","15.950042724609375","61.99950408935547","147","147","147"
"9240576","32.83725732564926","3.0999982357025146","59.99950408935547","148","148","148","24.21652062733968","6.350006103515625","51.9995231628418","147.66666666666666","147","148"
"9306112","24.849869966506958","6.000004768371582","39.999717712402344","149","149","149","27.59985637664795","10.750019073486328","53.99950408935547","149","149","149"
"9371648","44.51214647293091","14.05003547668457","59.99950408935547","150","150","150","19.787442445755005","11.500025749206543","31.04981231689453","149.75","149","150"
"9437184","39.81637748082479","12.300028800964355","59.899532318115234","151","151","151","46.149620819091794","37.59971237182617","52.99951171875","150.8","150","151"
"9502720","34.549758195877075","9.000016212463379","49.9995231628418","152","152","152","29.009819793701173","9.800019264221191","60.99950408935547","151.8","151","152"
"9568256","59.99950408935547","59.99950408935547","59.99950408935547","153","153","153","30.074769973754883","10.150016784667969","49.9995231628418","153","153","153"
"9633792","22.38324491182963","2.9999983310699463","41.399784088134766","154","154","154","22.74989891052246","10.050016403198242","42.54966354370117","154","154","154"
"9699328","29.949803352355957","5.400002479553223","61.99950408935547","155","155","155","23.92489528656006","13.250032424926758","34.59975814819336","155","155","155"
"9764864","51.54957389831543","42.09964370727539","60.99950408935547","156","156","156","37.537195920944214","11.70002269744873","49.9995231628418","156","156","156"
"9830400","41.1496639251709","32.2998046875","49.9995231628418","157","157","157","9.662517786026001","7.000008583068848","11.500025749206543","157","157","157"
"9895936","39.98302205403646","16.95001983642578","52.9995231628418","158","158","158","10.833355267842611","10.250017166137695","11.650026321411133","158","158","158"
"9961472","30.87480354309082","15.150032043457031","46.59957504272461","159","159","159","16.975025177001953","15.750041961669922","18.200008392333984","159","159","159"
"10027008","16.83333905537923","14.250036239624023","21.899951934814453","160","160","160","12.150028228759766","12.150028228759766","12.150028228759766","160","160","160"
"10092544","47.56629435221354","39.24972915649414","53.44963073730469","161","161","161","25.012385606765747","12.500025749206543","50.9995231628418","161","161","161"
"10158080","25.49986801147461","5.300002098083496","49.9995231628418","162","162","162","16.300005674362183","11.350025177001953","22.749948501586914","162","162","162"
"10223616","24.649863243103027","4.349998474121094","41.599666595458984","163","163","163","20.3332732518514","10.000020027160645","36.7497673034668","163","163","163"
"10289152","19.624954223632812","11.350025177001953","27.899883270263672","164","164","164","43.228237697056365","11.00002384185791","62.99950408935547","164","164","164"
"10354688","16.237459659576416","7.050008773803711","33.399776458740234","165","165","165","50.9995231628418","49.9995231628418","51.9995231628418","165","165","165"
"10420224","11.550023396809896","5.9000043869018555","16.150035858154297","166","166","166","24.612382411956787","5.100001335144043","39.649696350097656","166","166","166"
"10485760","38.666428883870445","23.94994354248047","63.99948501586914","167","167","167","31.89979226248605","7.5000104904174805","53.69960021972656","167","167","167"
"10551296","47.68710708618164","26.7498779296875","60.99950408935547","168","168","168","24.1165189743042","7.850011825561523","52.9995231628418","168","168","168"
"10616832","9.725018978118896","5.5500030517578125","13.90003490447998","169","169","169","59.99950408935547","59.99950408935547","59.99950408935547","169","169","169"
"10682368","36.12476444244385","11.250024795532227","60.99950408935547","170","170","170","33.98977966308594","18.000011444091797","53.99950408935547","170","170","170"
"10747904","20.891587734222412","5.700003623962402","46.899715423583984","171.16666666666666","171","172","18.962430000305176","7.100008964538574","31.799823760986328","171","171","171"
"10813440","32.474795977274574","9.050012588500977","53.29962158203125","172.16666666666666","172","173","49.9995231628418","49.9995231628418","49.9995231628418","172","172","172"
"10878976","9.866683642069498","6.050004959106445","15.050031661987305","173","173","173","9.766683260599772","7.100008964538574","11.600022315979004","173","173","173"
"10944512","29.539835739135743","13.650033950805664","50.9995231628418","174.2","174","175","11.60002613067627","11.60002613067627","11.60002613067627","174","174","174"
"11010048","36.2497124671936","10.250020980834961","50.9995231628418","175","175","175","30.299822489420574","19.349987030029297","48.69954299926758","175","175","175"
"11075584","45.53715920448303","14.600037574768066","59.99950408935547","176","176","176","28.337336778640747","9.200016975402832","55.449588775634766","176","176","176"
"11141120","35.54976224899292","11.100020408630371","59.99950408935547","177","177","177","34.04978008270264","9.700018882751465","53.99950408935547","177","177","177"
"11206656","10.850019454956055","10.650018692016602","11.050020217895508","178","178","178","27.939826011657715","9.400017738342285","52.9995231628418","178","178","178"
"11272192","27.974831581115723","9.900015830993652","49.9995231628418","179.16666666666666","179","180","15.87503957748413","15.500041007995605","16.250038146972656","179","179","179"
"11337728","20.329881858825683","5.150001525878906","53.99950408935547","180.2","180","181","18.749998092651367","16.75002670288086","20.749969482421875","180","180","180"
"11403264","14.733321825663248","8.600014686584473","24.949928283691406","181.33333333333334","181","182","30.449830055236816","10.000016212463379","60.99950408935547","181","181","181"
"11468800","7.700007438659668","7.700007438659668","7.700007438659668","182","182","182","36.64972805976868","8.600010871887207","54.69960021972656","182","182","182"
"11534336","35.48976135253906","24.649917602539062","50.9995231628418","183","183","183","55.79955768585205","50.9995231628418","61.99950408935547","183","183","183"
"11599872","37.34971618652344","34.999752044677734","39.69968032836914","184.5","184","185","","","","","",""
"11665408","16.974976062774658","8.900015830993652","25.199901580810547","185.25","185","186","11.1500244140625","9.150016784667969","13.150032043457031","185","185","185"
"11730944","20.04998016357422","20.04998016357422","20.04998016357422","186","186","186","22.989937782287598","9.400017738342285","47.89970016479492","186","186","186"
"11796480","27.92476177215576","4.850000381469727","50.9995231628418","187","187","187","10.437519788742065","4.2999982833862305","13.200032234191895","187","187","187"
"11862016","35.11229419708252","20.499969482421875","60.99950408935547","188.25","188","189","18.10000991821289","18.10000991821289","18.10000991821289","188","188","188"
"11927552","17.983313242594402","10.55002212524414","27.24988555908203","189","189","189","16.97991523742676","5.250001907348633","49.9995231628418","189.2","189","190"
"11993088","18.633289019266766","11.100020408630371","32.249820709228516","190","190","190","14.037499904632568","5.5500030517578125","20.14999008178711","190.25","190","191"
"12058624","2.049999237060547","2.049999237060547","2.049999237060547","191","191","191","23.899925231933594","23.899925231933594","23.899925231933594","191","191","191"
"12124160","29.491477489471436","6.900008201599121","59.99950408935547","192","192","192","41.03970947265625","7.750011444091797","65.9994888305664","192","192","192"
"12189696","24.17989158630371","11.00002384185791","49.9995231628418","193.2","193","194","28.116498311360676","11.550025939941406","49.9995231628418","193","193","193"
"12255232","30.89984130859375","30.89984130859375","30.89984130859375","194","194","194","20.037392377853394","5.750003814697266","51.7495231628418","194","194","194"
"12320768","27.016573905944824","13.6000337600708","48.799686431884766","195","195","195","20.64997100830078","20.64997100830078","20.64997100830078","195","195","195"
"12386304","14.750018119812012","10.900019645690918","18.89999771118164","196","196","196","27.399850845336914","13.550029754638672","41.249671936035156","196.5","196","197"
"12451840","44.019674682617186","27.649864196777344","53.99950408935547","197","197","197","31.149837493896484","31.149837493896484","31.149837493896484","198","198","198"
"12517376","12.400025367736816","12.400025367736816","12.400025367736816","198","198","198","56.62453269958496","50.24956130981445","62.99950408935547","198.5","198","199"
"12582912","24.266515731811523","10.250020980834961","51.99950408935547","199.33333333333334","199","200","26.789893913269044","10.150020599365234","65.9994888305664","199","199","199"
"12648448","6.0833384195963545","4.699999809265137","8.300013542175293","200.33333333333334","200","201","59.99950408935547","59.99950408935547","59.99950408935547","200","200","200"
"12713984","46.71630986531576","23.149940490722656","62.99948501586914","201","201","201","2.9999983310699463","2.9999983310699463","2.9999983310699463","201","201","201"
"12779520","35.71224546432495","15.050031661987305","51.9995231628418","202.25","202","203","26.13318093617757","10.100020408630371","49.9995231628418","202","202","202"
"12845056","20.87492847442627","11.850027084350586","29.899829864501953","203.5","203","204","44.624677658081055","29.24985122680664","59.99950408935547","203.5","203","204"
"12910592","39.39975929260254","17.80001449584961","60.99950408935547","204.5","204","205","27.512322902679443","4.950000762939453","53.99950408935547","204.25","204","205"
"12976128","42.72968444824219","8.550010681152344","62.9995002746582","205","205","205","49.9995231628418","49.9995231628418","49.9995231628418","205","205","205"
"13041664","34.34974765777588","3.8499975204467773","53.99950408935547","206","206","206","27.709839630126954","8.750015258789062","52.99950408935547","206.2","206","207"
"13107200","47.89957046508789","43.799617767333984","51.9995231628418","207.5","207","208","","","","","",""
"13172736","49.57468795776367","35.79985046386719","63.349525451660156","208","208","208","33.4331324895223","11.800026893615723","60.99950408935547","208","208","208"
"13238272","40.1330680847168","29.149852752685547","60.99950408935547","209","209","209","16.274988174438477","10.900019645690918","27.649871826171875","209.25","209","210"
"13303808","17.649974822998047","9.150016784667969","33.64988708496094","210","210","210","10.350017547607422","10.350017547607422","10.350017547607422","210","210","210"
"13369344","16.89994716644287","4.2999982833862305","33.749813079833984","211.33333333333334","211","212","19.18332004547119","14.200032234191895","27.599885940551758","211","211","211"
"13434880","19.724889993667603","6.350006103515625","53.99951934814453","212.25","212","213","29.349828720092773","6.750007629394531","49.9995231628418","212.25","212","213"
"13500416","","","","","","","38.58302402496338","5.9000043869018555","56.849552154541016","213","213","213"
"13565952","27.49984868367513","10.100020408630371","59.99950408935547","214.33333333333334","214","215","15.924996376037598","10.650018692016602","21.199974060058594","214","214","214"
"13631488","37.83305422465006","5.250001907348633","65.9994888305664","215","215","215","30.68316713968913","11.250017166137695","60.9995002746582","215","215","215"
"13697024","52.699562072753906","50.9995231628418","54.399600982666016","216","216","216","20.283247470855713","5.600003242492676","61.99950408935547","216","216","216"
"13762560","18.916643778483074","12.350025177001953","23.249942779541016","217","217","217","33.71644846598307","15.950042724609375","50.9995231628418","217.33333333333334","217","218"
"13828096","15.579951095581055","6.500006675720215","36.249759674072266","218.2","218","219","31.58980484008789","16.10003662109375","50.9995231628418","218.2","218","219"
"13893632","32.319794464111325","10.750019073486328","49.9995231628418","219.4","219","220","34.0697998046875","11.55002212524414","61.19951248168945","219.2","219","220"
"13959168","42.44965362548828","42.44965362548828","42.44965362548828","220","220","220","37.41639836629232","23.74993133544922","53.99950408935547","220","220","220"
"14024704","39.799736658732094","19.949995040893555","52.99950408935547","221","221","221","36.38725233078003","12.250020980834961","61.99950408935547","221","221","221"
"14090240","49.9995231628418","49.9995231628418","49.9995231628418","223","223","223","49.9995231628418","49.9995231628418","49.9995231628418","222","222","222"
"14155776","17.250019073486328","17.250019073486328","17.250019073486328","223","223","223","29.362338066101074","7.850011825561523","64.9994888305664","223","223","223"
"14221312","46.149681091308594","16.450035095214844","60.99950408935547","224","224","224","","","","","",""
"14286848","27.512396097183228","14.600037574768066","38.89980697631836","225.5","225","226","11.10001802444458","6.000004768371582","16.200031280517578","225","225","225"
"14352384","21.887382745742798","7.80001163482666","51.9995231628418","226.25","226","227","29.366498629252117","5.800004005432129","63.99948501586914","226","226","226"
"14417920","43.38719654083252","27.399864196777344","59.99950408935547","227.25","227","228","59.99950408935547","59.99950408935547","59.99950408935547","227","227","227"
"14483456","52.66618092854818","49.9995231628418","53.999515533447266","228.33333333333334","228","229","42.68721532821655","13.650033950805664","63.99948501586914","228.25","228","229"
"14548992","24.229821729660035","3.699997663497925","52.9995231628418","229.2","229","230","17.56661828358968","7.700011253356934","37.24983215332031","229.33333333333334","229","230"
"14614528","40.54974174499512","20.099979400634766","60.99950408935547","230","230","230","31.949848175048828","13.75003433227539","63.99949264526367","230","230","230"
"14680064","35.79973030090332","7.450010299682617","60.999488830566406","231","231","231","","","","","",""
"14745600","24.11652151743571","8.900012016296387","49.9995231628418","232.33333333333334","232","233","3.9499974250793457","3.9499974250793457","3.9499974250793457","232","232","232"
"14811136","22.049850940704346","3.149998188018799","49.9995231628418","233.33333333333334","233","234","12.750024795532227","11.300021171569824","14.200028419494629","233.5","233","234"
"14876672","13.537513494491577","10.150020599365234","19.749980926513672","234.25","234","235","31.133142471313477","8.650014877319336","50.04965591430664","234","234","234"
"14942208","38.089715576171876","12.550029754638672","50.9995231628418","235.4","235","236","22.14995765686035","20.24997329711914","24.049942016601562","235","235","235"
"15007744","27.249825954437256","4.499999046325684","49.99965286254883","236","236","236","24.59985415140788","6.250005722045898","50.9995231628418","236.33333333333334","236","237"
"15073280","18.816635767618816","9.650014877319336","25.34992218017578","237","237","237","32.033145904541016","17.100025177001953","52.9995231628418","237.33333333333334","237","238"
"15138816","61.66616566975912","59.99950408935547","64.9994888305664","238","238","238","27.399876185825892","12.100028038024902","50.9995231628418","238.14285714285714","238","239"
"15204352","13.01247650384903","2.9999983310699463","22.49993896484375","239.25","239","240","40.84970531463623","11.200020790100098","64.9994888305664","239","239","239"
"15269888","23.309896850585936","5.350002288818359","58.849578857421875","240.2","240","241","15.43336041768392","13.700026512145996","18.500019073486328","240","240","240"
"15335424","39.649710496266685","9.850019454956055","60.99950408935547","241.33333333333334","241","242","50.72459411621094","41.449684143066406","59.99950408935547","241","241","241"
"15400960","14.433353900909424","9.000016212463379","20.749982833862305","242.33333333333334","242","243","19.374948263168335","7.1500091552734375","35.6497688293457","242.25","242","243"
"15466496","32.933133125305176","9.500018119812012","60.99950408935547","243.33333333333334","243","244","27.49981098175049","4.549999237060547","53.99950408935547","243.2","243","244"
"15532032","43.91213822364807","10.200016975402832","63.99948501586914","244.5","244","245","29.349853515625","29.349853515625","29.349853515625","244","244","244"
"15597568","25.05984878540039","6.250005722045898","49.9995231628418","245.4","245","246","25.699920654296875","25.699920654296875","25.699920654296875","245","245","245"
"15663104","29.724809169769287","5.700003623962402","53.74961471557617","246","246","246","45.42465782165527","40.84979248046875","49.9995231628418","246","246","246"
"15728640","23.84981644153595","2.9999983310699463","44.69963455200195","247","247","247","55.67454147338867","46.34959411621094","64.9994888305664","247","247","247"
"15794176","13.187526226043701","11.600022315979004","16.400028228759766","248.25","248","249","20.969939994812012","8.200013160705566","30.94985580444336","248.2","248","249"
"15859712","20.212390065193176","2.349998950958252","53.99950408935547","249.5","249","250","32.39982843399048","13.250032424926758","57.699581146240234","249.25","249","250"
"15925248","39.659685897827146","14.450033187866211","53.99950408935547","250.6","250","251","","","","","",""
"15990784","50.83958053588867","29.399837493896484","63.99948501586914","251.4","251","252","38.18724250793457","12.550029754638672","63.99950408935547","251.25","251","252"
"16056320","13.11250901222229","6.500006675720215","20.14997100830078","252.5","252","253","25.524866104125977","12.350021362304688","38.699710845947266","252","252","252"
"16121856","20.04998016357422","20.04998016357422","20.04998016357422","254","254","254","41.633036295572914","12.75002670288086","63.99948501586914","253.33333333333334","253","254"
"16187392","28.612366199493408","10.000020027160645","64.9994888305664","254.25","254","255","29.26654593149821","14.20003604888916","41.6497802734375","254","254","254"
"16252928","29.98314158121745","4.349998474121094","60.99950408935547","255.33333333333334","255","256","26.93317675590515","3.5999977588653564","62.99950408935547","255","255","255"
"16318464","16.162470817565918","7.700011253356934","32.19982147216797","256.5","256","257","48.487135887145996","12.950027465820312","66.9994888305664","256.25","256","257"
"16384000","20.333274205525715","10.050016403198242","33.79978561401367","257.3333333333333","257","258","33.49982833862305","17.950027465820312","51.44964599609375","257","257","257"
"16449536","24.429920387268066","10.100020408630371","55.99960708618164","258.4","258","259","64.9994888305664","64.9994888305664","64.9994888305664","258","258","258"
"16515072","27.23318926493327","7.650007247924805","61.99950408935547","259.5","259","260","38.24975840250651","9.55001449584961","61.99950408935547","259","259","259"
"16580608","14.999979972839355","5.400002479553223","31.249923706054688","260.6666666666667","260","261","27.799750924110413","3.5999977588653564","51.99950408935547","260","260","260"
"16646144","26.69990348815918","25.249927520751953","28.149879455566406","261","261","261","37.14977216720581","10.70002269744873","63.59952163696289","261.5","261","262"
"16711680","29.88733172416687","10.500021934509277","49.9995231628418","262.25","262","263","31.133177757263184","9.600014686584473","66.9994888305664","262.3333333333333","262","263"
"16777216","49.9995231628418","49.9995231628418","49.9995231628418","264","264","264","49.9995231628418","49.9995231628418","49.9995231628418","263","263","263"
"16842752","9.650018692016602","9.650018692016602","9.650018692016602","265","265","265","30.04984712600708","11.85002326965332","61.99948501586914","264","264","264"
"16908288","14.374965190887451","4.699999809265137","24.049930572509766","265","265","265","29.37486457824707","26.549903869628906","32.199825286865234","265","265","265"
"16973824","14.550004959106445","9.150012969970703","19.949996948242188","266.5","266","267","40.31218433380127","29.649860382080078","48.099552154541016","266.5","266","267"
"17039360","42.43301486968994","12.300021171569824","60.99950408935547","267","267","267","25.36659812927246","13.050031661987305","37.29984664916992","267","267","267"
"17104896","11.375023365020752","10.300017356872559","12.450029373168945","268","268","268","13.6000337600708","13.6000337600708","13.6000337600708","269","269","269"
"17170432","32.099825859069824","11.60002613067627","63.99948501586914","269.3333333333333","269","270","23.049883604049683","4.44999885559082","65.9994888305664","269.5","269","270"
"17235968","44.94963836669922","37.94982147216797","49.9995231628418","270.3333333333333","270","271","35.15976543426514","6.850008010864258","62.99948501586914","270","270","270"
"17301504","5.600003242492676","5.600003242492676","5.600003242492676","271","271","271","40.98302952448527","8.50001049041748","63.99948501586914","271.1666666666667","271","272"
"17367040","20.366509755452473","5.300002098083496","49.9995231628418","272.3333333333333","272","273","62.999494552612305","62.99948501586914","62.99950408935547","272","272","272"
"17432576","37.03974857330322","6.8000078201293945","58.299530029296875","273","273","273","38.68310515085856","11.30002498626709","62.99950408935547","273.3333333333333","273","274"
"17498112","12.899993896484375","5.750003814697266","20.049983978271484","275","275","275","38.54975771903992","15.100031852722168","52.9995231628418","274.25","274","275"
"17563648","36.28727650642395","7.600007057189941","60.99950408935547","275.5","275","276","20.649949073791504","6.400006294250488","30.79983139038086","275.25","275","276"
"17629184","10.600020408630371","8.750011444091797","12.450029373168945","276.5","276","277","36.424742698669434","21.84996223449707","50.9995231628418","276.5","276","277"
"17694720","33.324777603149414","16.65003204345703","49.9995231628418","277.5","277","278","28.424866676330566","16.650028228759766","51.9995231628418","277.25","277","278"
"17760256","27.649892616271973","13.800034523010254","61.9995002746582","278.4","278","279","13.800034523010254","13.800034523010254","13.800034523010254","278","278","278"
"17825792","15.289988136291504","6.400002479553223","28.799846649169922","279.4","279","280","30.49977159500122","11.000020027160645","49.9995231628418","279.5","279","280"
"17891328","28.389862632751466","9.900015830993652","59.99950408935547","280.4","280","281","24.159896469116212","9.800015449523926","51.9995231628418","280","280","280"
"17956864","7.5000104904174805","7.5000104904174805","7.5000104904174805","281","281","281","63.99948501586914","63.99948501586914","63.99948501586914","281","281","281"
"18022400","29.04984140396118","5.150001525878906","64.9994888305664","282.75","282","283","20.474987506866455","14.650030136108398","31.999900817871094","282","282","282"
"18087936","8.200011253356934","5.000000953674316","13.400029182434082","283.5","283","284","59.99950408935547","59.99950408935547","59.99950408935547","284","284","284"
"18153472","13.866645495096842","5.150001525878906","25.549911499023438","284.3333333333333","284","285","52.82459831237793","40.64970779418945","64.9994888305664","284","284","284"
"18219008","26.62485933303833","5.850004196166992","41.9996452331543","285.5","285","286","24.233222007751465","12.40002155303955","42.59963607788086","285","285","285"
"18284544","21.437395095825195","8.650014877319336","49.9995231628418","286.5","286","287","20.883288701375324","11.550025939941406","38.44981384277344","286.3333333333333","286","287"
"18350080","","","","","","","19.383254686991375","4.90000057220459","31.499805450439453","287","287","287"
"18415616","9.650016784667969","6.350006103515625","12.950027465820312","288","288","288","23.54985523223877","8.950016021728516","49.9995231628418","288.3333333333333","288","289"
"18481152","30.029844284057617","15.95003890991211","53.99950408935547","289.6","289","290","34.98975467681885","5.400002479553223","49.9995231628418","289.4","289","290"
"18546688","22.34994061787923","16.500028610229492","26.849872589111328","290.3333333333333","290","291","24.687384843826294","11.800019264221191","50.9995231628418","290.25","290","291"
"18612224","29.81232762336731","5.700003623962402","61.99950408935547","291.5","291","292","59.332838694254555","49.9995231628418","67.9994888305664","291.6666666666667","291","292"
"18677760","22.579937744140626","14.350032806396484","33.79978561401367","292.4","292","293","33.62476825714111","15.250032424926758","51.99950408935547","292","292","292"
"18743296","30.037346839904785","3.449997901916504","64.79949951171875","293.5","293","294","50.04960536956787","31.199905395507812","64.9994888305664","293.25","293","294"
"18808832","40.97473907470703","19.349987030029297","62.799503326416016","294.25","294","295","20.783237139383953","4.2999982833862305","49.09969711303711","294.6666666666667","294","295"
"18874368","36.39976167678833","10.800019264221191","61.99950408935547","295","295","295","20.66246461868286","13.800034523010254","33.899784088134766","295.25","295","296"
"18939904","14.366640090942383","8.750011444091797","25.299896240234375","296.6666666666667","296","297","48.13296254475912","26.399883270263672","67.99948120117188","296.6666666666667","296","297"
"19005440","26.683250109354656","13.700030326843262","45.449737548828125","297.3333333333333","297","298","37.52472686767578","25.049930572509766","49.9995231628418","297.5","297","298"
"19070976","32.73308022816976","7.300009727478027","49.9995231628418","298.6666666666667","298","299","39.74978510538737","21.549964904785156","64.9994888305664","298","298","298"
"19136512","12.275004386901855","5.5500030517578125","19.299999237060547","299.75","299","300","31.3498592376709","15.050031661987305","58.69956970214844","299","299","299"
"19202048","32.024858474731445","25.39989471435547","38.64982223510742","301","301","301","36.824761152267456","12.000027656555176","67.99947357177734","300.25","300","301"
"19267584","13.950031280517578","13.950031280517578","13.950031280517578","301","301","301","31.574771881103516","11.150020599365234","51.9995231628418","301.5","301","302"
"19333120","23.75988414287567","1.949999213218689","47.74959945678711","302.4","302","303","19.933292706807453","11.100020408630371","36.84983825683594","302.3333333333333","302","303"
"19398656","20.849917352199554","3.8999974727630615","28.4998779296875","303.25","303","304","49.9995231628418","49.9995231628418","49.9995231628418","304","304","304"
"19464192","64.9994888305664","64.9994888305664","64.9994888305664","305","305","305","35.233093897501625","8.650014877319336","50.9995231628418","304.3333333333333","304","305"
"19529728","13.399988412857056","8.050012588500977","24.899906158447266","305.75","305","306","16.524999618530273","12.950023651123047","20.0999755859375","305","305","305"
"19595264","43.924739837646484","19.849998474121094","67.99948120117188","307","307","307","19.939911913871764","1.7499994039535522","62.349510192871094","306.2","306","307"
"19660800","22.09157880147298","4.349998474121094","44.349735260009766","307.5","307","308","32.4497953414917","7.900012016296387","49.9995231628418","307.4","307","308"
"19726336","15.662494421005249","5.150001525878906","30.099929809570312","308.25","308","309","20.849971771240234","20.849971771240234","20.849971771240234","308","308","308"
"19791872","20.283176104227703","5.300002098083496","49.9995231628418","309.3333333333333","309","310","15.850019931793213","13.800030708312988","17.900009155273438","309.5","309","310"
"19857408","9.32501745223999","5.450002670288086","13.200032234191895","310.5","310","311","20.91663710276286","15.900042533874512","30.249847412109375","310","310","310"
"19922944","40.864023617335725","15.600037574768066","61.049530029296875","311.57142857142856","311","312","52.99950408935547","52.99950408935547","52.99950408935547","312","312","312"
"19988480","2.8499984741210938","2.8499984741210938","2.8499984741210938","312","312","312","46.512168884277344","18.250015258789062","62.99948501586914","312.25","312","313"
"20054016","5.350002288818359","5.350002288818359","5.350002288818359","313","313","313","37.89970779418945","37.89970779418945","37.89970779418945","313","313","313"
"20119552","49.9995231628418","49.9995231628418","49.9995231628418","315","315","315","26.29983647664388","4.649999618530273","63.999488830566406","314.3333333333333","314","315"
"20185088","53.93705081939697","41.8996467590332","61.84952926635742","315.5","315","316","29.73315143585205","14.300028800964355","50.99950408935547","315.3333333333333","315","316"
"20250624","41.89969992637634","13.100024223327637","59.99950408935547","316.5","316","317","33.08979091644287","9.750015258789062","66.9994888305664","316.2","316","317"
"20316160","35.56224870681763","8.65001106262207","60.99950408935547","317.5","317","318","23.07992630004883","6.850008010864258","53.64961624145508","317.2","317","318"
"20381696","22.18740677833557","6.8000078201293945","40.49968338012695","318.5","318","319","11.599989255269369","4.499999046325684","21.349956512451172","318.6666666666667","318","319"
"20447232","29.249935150146484","29.249935150146484","29.249935150146484","320","320","320","20.01659043629964","9.850015640258789","36.49972915649414","319.3333333333333","319","320"
"20512768","32.287343978881836","16.90003204345703","56.94957733154297","320.5","320","321","","","","","",""
"20578304","26.19985008239746","11.600018501281738","52.99950408935547","321.6666666666667","321","322","14.500002384185791","9.400017738342285","19.599987030029297","321.5","321","322"
"20643840","31.99977731704712","13.000031471252441","50.9995231628418","322.5","322","323","47.8663330078125","21.549964904785156","62.049530029296875","322.3333333333333","322","323"
"20709376","21.36657206217448","10.800023078918457","40.79966354370117","323.3333333333333","323","324","26.62492537498474","13.90002727508545","38.09981918334961","323.25","323","324"
"20774912","26.924760341644287","3.8499975204467773","49.9995231628418","324.5","324","325","25.212390899658203","9.250017166137695","65.9994888305664","324.5","324","325"
"20840448","45.80965690612793","14.450037002563477","64.9994888305664","325.8","325","326","30.533138910929363","11.250024795532227","52.9995231628418","325.3333333333333","325","326"
"20905984","11.083342552185059","6.900008201599121","18.300006866455078","326.3333333333333","326","327","41.64965057373047","41.64965057373047","41.64965057373047","327","327","327"
"20971520","30.016512552897137","11.950019836425781","60.99950408935547","327.3333333333333","327","328","22.199957847595215","15.750041961669922","27.94988250732422","327.25","327","328"
"21037056","36.89978790283203","16.100040435791016","62.99949264526367","328.6666666666667","328","329","36.99980545043945","12.350028991699219","65.9994888305664","328","328","328"
"21102592","29.51650396982829","7.400010108947754","51.949668884277344","329.3333333333333","329","330","65.9994888305664","65.9994888305664","65.9994888305664","329","329","329"
"21168128","22.41661326090495","14.90002727508545","36.54977035522461","330.6666666666667","330","331","18.14996401468913","9.10001277923584","35.24985885620117","330","330","330"
"21233664","26.237389087677002","9.050012588500977","48.64967346191406","331.5","331","332","22.46239995956421","11.850027084350586","49.9995231628418","331.25","331","332"
"21299200","32.93975365161896","1.4999996423721313","52.9995231628418","332.4","332","333","27.149860382080078","14.750038146972656","39.5496826171875","332.5","332","333"
"21364736","41.97472381591797","30.94992446899414","52.9995231628418","333","333","333","30.349820613861084","15.050027847290039","51.9995231628418","333.25","333","334"
"21430272","31.959762573242188","6.250005722045898","62.99948501586914","334.4","334","335","27.124870777130127","11.350025177001953","52.99950408935547","334.25","334","335"
"21495808","31.024771690368652","10.050020217895508","51.9995231628418","335.5","335","336","32.98315302530924","31.549915313720703","35.39974594116211","335.3333333333333","335","336"
"21561344","36.516419410705566","8.7000150680542","65.9994888305664","336.6666666666667","336","337","39.9097240447998","24.599916458129883","49.9995231628418","336.4","336","337"
"21626880","31.937310457229614","11.200024604797363","43.4996223449707","337.75","337","338","37.899759928385414","19.04999542236328","49.9995231628418","337.6666666666667","337","338"
"21692416","18.749979972839355","13.200024604797363","26.7498779296875","338.3333333333333","338","339","13.300032615661621","13.300032615661621","13.300032615661621","339","339","339"
"21757952","17.083300590515137","5.700003623962402","24.04993438720703","339.6666666666667","339","340","39.48301124572754","11.45002555847168","53.99950408935547","339.3333333333333","339","340"
"21823488","24.57492160797119","21.749954223632812","27.39988899230957","340.5","340","341","","","","","",""
"21889024","31.37477119763692","2.5499987602233887","67.99948120117188","341.6666666666667","341","342","13.90003490447998","13.90003490447998","13.90003490447998","342","342","342"
"21954560","14.699979464213053","6.950008392333984","25.949905395507812","342.3333333333333","342","343","39.21640268961588","11.150020599365234","67.99947357177734","342.3333333333333","342","343"
"22020096","43.5830332438151","19.949981689453125","64.9994888305664","343.3333333333333","343","344","18.329974746704103","8.700011253356934","31.149810791015625","343.4","343","344"
"22085632","56.99950408935547","50.9995231628418","62.99948501586914","345","345","345","6.8000078201293945","6.8000078201293945","6.8000078201293945","344","344","344"
"22151168","27.059908294677733","16.200031280517578","64.9994888305664","345.4","345","346","52.99950408935547","52.99950408935547","52.99950408935547","345","345","345"
"22216704","21.949880361557007","4.800000190734863","64.9994888305664","346.5","346","347","37.51978187561035","12.850030899047852","50.9995231628418","346.2","346","347"
"22282240","24.249850273132324","6.250005722045898","53.9995231628418","347.3333333333333","347","348","46.38301308949789","9.500018119812012","67.99947357177734","347.3333333333333","347","348"
"22347776","39.39970588684082","24.799907684326172","53.99950408935547","348.5","348","349","35.78729820251465","15.550037384033203","59.99950408935547","348.5","348","349"
"22413312","44.54975128173828","44.54975128173828","44.54975128173828","350","350","350","59.99950408935547","59.99950408935547","59.99950408935547","350","350","350"
"22478848","27.41647434234619","6.500006675720215","39.19968795776367","350.6666666666667","350","351","44.18300755818685","18.89999771118164","60.64952087402344","350","350","350"
"22544384","35.31226325035095","6.8000078201293945","59.99950408935547","351.75","351","352","35.274802684783936","17.050024032592773","66.9994888305664","351","351","351"
"22609920","24.94987964630127","12.500021934509277","44.69960403442383","353.3333333333333","353","354","38.22471410036087","3.5999977588653564","60.99950408935547","352.5","352","353"
"22675456","33.97481870651245","10.250020980834961","64.9994888305664","353.75","353","355","50.9995231628418","50.9995231628418","50.9995231628418","353","353","353"
"22740992","39.74975323677063","12.000020027160645","66.9994888305664","355","354","356","13.75002670288086","13.75002670288086","13.75002670288086","354","354","354"
"22806528","42.26632563273112","25.74990463256836","50.9995231628418","356","355","357","33.937307834625244","23.74993324279785","53.99950408935547","355.25","355","356"
"22872064","26.509847497940065","2.9999983310699463","53.99950408935547","357","356","358","41.77472281455994","5.700003623962402","64.9994888305664","356","356","356"
"22937600","37.349727630615234","24.699932098388672","49.9995231628418","357.5","357","358","49.57468795776367","33.14988708496094","65.9994888305664","357","357","357"
"23003136","23.887386322021484","9.800015449523926","46.399593353271484","358.75","358","359","38.049758434295654","11.300021171569824","68.9994888305664","358.25","358","359"
"23068672","28.78317419687907","9.750015258789062","63.99948501586914","359.6666666666667","359","360","17.483297030131023","7.600010871887207","35.09986114501953","359","359","359"
"23134208","51.99950408935547","51.99950408935547","51.99950408935547","360","360","360","43.54973316192627","21.099977493286133","65.9994888305664","360","360","360"
"23199744","40.2797176361084","17.25002098083496","63.99948501586914","361.6","361","363","26.17487072944641","9.40001392364502","53.99950408935547","361.5","361","362"
"23265280","27.983140627543133","6.600007057189941","49.9995231628418","363","362","364","22.033289591471355","17.600017547607422","26.39989471435547","362.3333333333333","362","363"
"23330816","32.549861907958984","18.200008392333984","46.899715423583984","364","364","364","19.324959754943848","12.650030136108398","25.999889373779297","363.5","363","364"
"23396352","44.79967498779297","18.400012969970703","65.9994888305664","365","364","366","11.96247935295105","3.0499982833862305","26.29989242553711","364.25","364","365"
"23461888","54.5595588684082","43.799774169921875","65.9994888305664","365.6","365","366","27.716512044270832","12.55002212524414","52.99950408935547","365","365","365"
"23527424","41.16975479125976","21.049972534179688","64.9994888305664","366.8","366","368","31.449896494547527","21.64997100830078","42.29979705810547","366","366","366"
"23592960","35.8997483253479","6.8000078201293945","64.9994888305664","368","368","368","28.649842739105225","9.7000150680542","64.9994888305664","367.25","367","368"
"23658496","10.433341781298319","1.949999213218689","18.350006103515625","369","368","370","44.93716907501221","28.299877166748047","66.9994888305664","368.25","368","369"
"23724032","38.441433588663735","16.90003204345703","65.9994888305664","369.8333333333333","369","371","26.616509437561035","6.700003623962402","62.99950408935547","369.3333333333333","369","370"
"23789568","19.883307456970215","10.70002269744873","34.699867248535156","371","370","372","7.950008392333984","7.950008392333984","7.950008392333984","370","370","370"
"23855104","37.73313967386881","14.450033187866211","56.34960174560547","371.3333333333333","371","372","50.2496083577474","32.749813079833984","66.9994888305664","371.6666666666667","371","372"
"23920640","43.88303279876709","10.800015449523926","60.99950408935547","372.6666666666667","372","373","9.25001335144043","9.25001335144043","9.25001335144043","372","372","372"
"23986176","28.199893951416016","12.150020599365234","44.2497673034668","373.5","373","374","31.716482798258465","16.20003890991211","53.99950408935547","373.3333333333333","373","374"
"24051712","25.349842607975006","3.199998140335083","65.9994888305664","375","374","376","50.416316986083984","19.25","67.99946594238281","374","374","374"
"24117248","15.599975109100342","3.0499982833862305","28.149951934814453","376","376","376","19.54991388320923","8.600010871887207","30.49981689453125","375.5","375","376"
"24182784","41.97472381591797","35.14986038208008","48.79958724975586","376.5","376","377","59.22455978393555","51.44963073730469","66.9994888305664","376","376","376"
"24248320","35.116502126057945","18.45001220703125","67.9994888305664","378","378","378","51.99951362609863","49.9995231628418","53.99950408935547","377.5","377","378"
"24313856","32.69983744621277","7.700011253356934","68.99947357177734","378.75","378","379","12.974968910217285","3.249998092651367","22.699939727783203","378.5","378","379"
"24379392","14.587488174438477","7.65001106262207","25.39990997314453","380","379","381","31.783182779947918","16.55002212524414","40.39970016479492","379","379","379"
"24444928","44.69969940185547","20.049983978271484","59.99950408935547","381","380","382","41.38304646809896","19.749977111816406","58.999542236328125","380.3333333333333","380","381"
"24510464","23.04994010925293","20.949970245361328","25.14990997314453","382","382","382","26.59983507792155","5.500002861022949","65.9994888305664","381.3333333333333","381","382"
"24576000","23.057041576930455","8.7000150680542","60.99950408935547","382.7142857142857","382","383","46.474687576293945","34.14976501464844","58.79961013793945","382.5","382","383"
"24641536","34.649801890055336","17.450008392333984","59.99950408935547","383.6666666666667","383","384","23.149887720743816","8.050008773803711","45.04962921142578","383.3333333333333","383","384"
"24707072","","","","","","","38.17475128173828","9.350013732910156","66.9994888305664","384","384","384"
"24772608","44.716321309407554","4.149997711181641","67.99947357177734","385.6666666666667","385","386","43.54962158203125","43.54962158203125","43.54962158203125","386","386","386"
"24838144","36.26229214668274","13.200028419494629","59.99950408935547","387","386","388","18.487447500228882","7.750011444091797","36.29973220825195","386.5","386","387"
"24903680","35.41650803883871","14.400029182434082","58.39961242675781","388","388","388","33.93316141764323","18.300006866455078","63.99948501586914","387.3333333333333","387","388"
"24969216","23.324880123138428","4.800000190734863","60.99950408935547","388.75","388","389","61.29954147338867","61.29954147338867","61.29954147338867","388","388","388"
"25034752","49.9995231628418","49.9995231628418","49.9995231628418","390","390","390","29.524881839752197","12.200020790100098","46.8497428894043","389","389","389"
"25100288","12.04999589920044","4.59999942779541","19.49999237060547","390.5","390","391","30.81650225321452","7.250009536743164","65.9994888305664","390.3333333333333","390","391"
"25165824","32.03317133585612","11.150020599365234","66.99948120117188","392","391","393","38.437254428863525","14.250036239624023","69.99947357177734","391.5","391","392"
"25231360","36.39985656738281","36.39985656738281","36.39985656738281","393","393","393","31.224836111068726","14.100028038024902","61.9995002746582","392.25","392","393"
"25296896","63.99948501586914","63.99948501586914","63.99948501586914","394","394","394","44.883018493652344","28.299854278564453","68.99947357177734","393.6666666666667","393","394"
"25362432","26.44988250732422","26.44988250732422","26.44988250732422","395","395","395","53.99950408935547","53.99950408935547","53.99950408935547","394","394","394"
"25427968","32.79975366592407","5.600003242492676","59.99950408935547","396","395","397","24.24990685780843","8.700011253356934","33.549774169921875","395.3333333333333","395","396"
"25493504","23.212380170822144","4.75","57.09955978393555","396.5","396","397","31.97486972808838","17.950023651123047","44.54976272583008","396.25","396","397"
"25559040","52.562100410461426","34.54987335205078","60.99950408935547","398.25","398","399","51.9995231628418","51.9995231628418","51.9995231628418","397","397","397"
"25624576","21.187452793121338","15.450029373168945","31.04981231689453","398.75","398","399","","","","","",""
"25690112","40.683082262674965","12.100028038024902","61.99950408935547","400","400","400","17.69995427131653","3.5499978065490723","31.849910736083984","399.5","399","400"
"25755648","22.337387561798096","4.499999046325684","61.99950408935547","401.25","401","402","46.14970016479492","26.299911499023438","65.9994888305664","400.5","400","401"
"25821184","46.7829844156901","45.79963302612305","47.399723052978516","402","402","402","24.23326237996419","19.999984741210938","27.74988555908203","401.3333333333333","401","402"
"25886720","27.074888229370117","9.55001449584961","44.599761962890625","403","403","403","33.92982215881348","8.800015449523926","65.69953155517578","402.4","402","403"
"25952256","50.04962412516276","37.59982681274414","58.54954147338867","403.6666666666667","403","404","3.449997901916504","3.449997901916504","3.449997901916504","403","403","403"
"26017792","45.96631368001302","23.749919891357422","60.14951705932617","404.6666666666667","404","405","18.67500400543213","17.650014877319336","19.699993133544922","404.5","404","405"
"26083328","20.27986876964569","1.4499996900558472","53.999515533447266","405.8","405","406","39.22475337982178","11.450017929077148","66.9994888305664","405","405","405"
"26148864","","","","","","","49.02963008880615","15.300036430358887","67.9994888305664","406.6","406","407"
"26214400","32.99986267089844","15.550037384033203","50.44968795776367","407.5","407","408","59.499494552612305","49.9995231628418","68.99946594238281","407.5","407","408"
"26279936","30.749803161621095","7.050008773803711","66.99946594238281","409","408","410","39.11644490559896","23.699920654296875","63.99948501586914","408.3333333333333","408","409"
"26345472","32.749820709228516","16.150028228759766","45.549591064453125","410","410","410","30.139819717407228","8.200013160705566","50.9995231628418","409.4","409","410"
"26411008","27.29984442392985","5.000000953674316","59.99950408935547","410.6666666666667","410","411","35.91233253479004","19.64999008178711","70.99954223632812","410.5","410","411"
"26476544","32.33727049827576","6.900008201599121","58.09954833984375","411.75","411","412","49.94964472452799","25.849903106689453","69.99952697753906","411.3333333333333","411","412"
"26542080","28.221303394862584","9.500018119812012","69.99954223632812","413","412","414","61.4995059967041","53.9995231628418","68.9994888305664","412.5","412","413"
"26607616","33.433165868123375","18.150007247924805","62.99949264526367","414","414","414","24.312379360198975","7.200009346008301","42.24965286254883","413.5","413","414"
"26673152","19.69998550415039","19.69998550415039","19.69998550415039","415","415","415","","","","","",""
"26738688","46.11218452453613","21.39995574951172","66.8494873046875","415.75","415","416","19.962483406066895","11.250024795532227","33.04989242553711","415.5","415","416"
"26804224","32.949818229675294","9.300017356872559","60.99949645996094","417","416","418","32.68319447835287","12.150020599365234","45.499752044677734","416.3333333333333","416","417"
"26869760","22.59994125366211","22.59994125366211","22.59994125366211","418","418","418","12.175017833709717","7.700007438659668","16.650028228759766","417","417","417"
"26935296","33.112321853637695","19.249996185302734","52.99950408935547","419","419","419","39.133015950520836","5.750003814697266","62.99948501586914","419","418","420"
"27000832","27.466561953226726","12.600022315979004","48.949684143066406","419.6666666666667","419","420","35.71228814125061","7.000008583068848","64.9994888305664","419.5","419","420"
"27066368","23.899845123291016","9.000012397766113","52.99950408935547","421.3333333333333","421","422","36.76225662231445","10.55002212524414","63.99949264526367","420.5","420","421"
"27131904","46.59974670410156","46.59974670410156","46.59974670410156","422","422","422","53.649569511413574","47.39958953857422","62.99949264526367","421.25","421","422"
"27197440","12.633359591166178","7.350006103515625","15.80003833770752","423","423","423","33.449849128723145","15.300032615661621","67.9994888305664","422.3333333333333","422","423"
"27262976","32.589797782897946","3.0499982833862305","61.99950408935547","424","423","425","56.5829226175944","42.74977493286133","66.9994888305664","423.3333333333333","423","424"
"27328512","22.44998025894165","14.200032234191895","30.699928283691406","425.5","425","426","37.62975807189942","4.649999618530273","54.49961471557617","424.4","424","425"
"27394048","65.9994888305664","65.9994888305664","65.9994888305664","426","426","426","21.999950408935547","16.600021362304688","24.999916076660156","426","425","427"
"27459584","32.816493352254234","5.250001907348633","47.94972610473633","427","427","427","31.449854373931885","12.000027656555176","50.899681091308594","426","426","426"
"27525120","25.529903984069826","9.10001277923584","40.449710845947266","428.2","428","429","27.166505177815754","7.550010681152344","63.99948501586914","427.3333333333333","427","428"
"27590656","57.332838694254555","49.9995231628418","67.9994888305664","429","429","429","22.274892449378967","3.5999977588653564","40.94978713989258","429","429","429"
"27656192","27.09988784790039","27.09988784790039","27.09988784790039","430","430","430","29.709847450256348","8.400010108947754","66.9994888305664","429.8","429","431"
"27721728","34.24975016117096","1.9999991655349731","62.9995002746582","431.2","431","432","24.749919891357422","17.450031280517578","32.049808502197266","430.5","430","431"
"27787264","41.0663808186849","15.350040435791016","60.249515533447266","432.3333333333333","432","433","41.6497917175293","41.6497917175293","41.6497917175293","432","432","432"
"27852800","34.54987335205078","34.54987335205078","34.54987335205078","433","433","433","36.062244176864624","8.700011253356934","62.99948501586914","432.75","432","433"
"27918336","30.816539764404297","18.099998474121094","56.199615478515625","434.3333333333333","434","435","22.062375962734222","3.699997663497925","68.09947967529297","434","433","435"
"27983872","21.26656945546468","5.850004196166992","47.94968795776367","435","434","436","","","","","",""
"28049408","38.34983444213867","38.34983444213867","38.34983444213867","436","436","436","59.49949836730957","50.9995231628418","67.99947357177734","435.5","435","436"
"28114944","29.233208338419598","13.050024032592773","40.899803161621094","437.3333333333333","437","438","32.22476291656494","10.450021743774414","53.99950408935547","436","436","436"
"28180480","21.733289400736492","10.600022315979004","28.499862670898438","438","437","439","34.379768180847165","8.10001277923584","53.99950408935547","437.4","437","438"
"28246016","9.800006985664368","2.599998712539673","17.000015258789062","439","439","439","49.52465693155924","23.79991912841797","67.9994888305664","438.6666666666667","438","440"
"28311552","19.633289337158203","5.5500030517578125","35.24986267089844","439.6666666666667","439","440","28.999899864196777","12.850030899047852","45.1497688293457","439.5","439","440"
"28377088","56.816243489583336","43.449737548828125","66.9994888305664","440.6666666666667","440","441","21.199970245361328","21.199970245361328","21.199970245361328","441","441","441"
"28442624","11.300021171569824","11.300021171569824","11.300021171569824","442","442","442","39.34977149963379","9.050016403198242","60.649593353271484","441.3333333333333","441","442"
"28508160","61.19956970214844","61.19956970214844","61.19956970214844","443","443","443","38.52483940124512","29.799942016601562","47.24973678588867","442.5","442","443"
"28573696","16.80002212524414","16.80002212524414","16.80002212524414","444","444","444","36.54985427856445","36.54985427856445","36.54985427856445","443","443","443"
"28639232","34.874759674072266","9.750015258789062","59.99950408935547","445","445","445","11.950019836425781","9.25001335144043","14.650026321411133","444","444","444"
"28704768","12.500029563903809","12.500029563903809","12.500029563903809","446","446","446","25.81240963935852","10.750019073486328","42.89974594116211","445.75","445","447"
"28770304","53.99950408935547","53.99950408935547","53.99950408935547","447","447","447","67.99947357177734","67.99947357177734","67.99947357177734","446","446","446"
"28835840","47.34963417053223","41.699764251708984","52.99950408935547","448.5","448","449","37.81222891807556","7.900012016296387","67.99947357177734","448","447","449"
"28901376","38.19976997375488","10.450021743774414","52.3496208190918","448.6666666666667","448","449","36.039709615707395","3.499997854232788","60.99950408935547","448.8","448","450"
"28966912","36.13730192184448","18.300003051757812","67.49948120117188","450","449","451","36.174766540527344","12.350028991699219","59.99950408935547","450","449","451"
"29032448","28.649766445159912","7.300009727478027","49.9995231628418","451","450","452","28.112334489822388","4.549999237060547","47.89971160888672","450.5","450","451"
"29097984","43.97470664978027","24.94991683959961","62.99949645996094","452.5","452","453","67.9994888305664","67.9994888305664","67.9994888305664","452","452","452"
"29163520","26.08317732810974","3.5999977588653564","59.99950408935547","453","453","453","29.31982226371765","3.3499979972839355","60.39959716796875","453","452","454"
"29229056","50.21625010172526","47.64970397949219","52.9995231628418","454.3333333333333","454","455","52.21629333496094","35.34987258911133","61.299503326416016","453.6666666666667","453","455"
"29294592","58.9995059967041","51.9995231628418","65.9994888305664","455.5","455","456","30.066478729248047","11.950019836425781","53.99950408935547","454.6666666666667","454","455"
"29360128","42.037214279174805","11.250017166137695","65.99948120117188","455.75","455","456","63.99948501586914","63.99948501586914","63.99948501586914","456","456","456"
"29425664","23.824885725975037","3.149998188018799","65.9994888305664","457","457","457","34.3498109181722","13.650022506713867","63.99948501586914","457","456","458"
"29491200","15.574970245361328","6.550006866455078","24.599933624267578","457.5","457","458","44.2747106552124","26.999969482421875","59.99950408935547","457.5","457","458"
"29556736","22.23327382405599","14.550033569335938","29.74984359741211","459.6666666666667","459","460","32.19981702168783","6.650003433227539","56.449562072753906","458.6666666666667","458","460"
"29622272","14.200014591217041","11.000020027160645","17.400009155273438","460","460","460","26.083245277404785","6.500006675720215","37.149845123291016","459.6666666666667","459","460"
"29687808","38.77478790283203","20.84996795654297","56.699607849121094","461","461","461","34.716471354166664","16.750022888183594","53.99950408935547","461","461","461"
"29753344","25.083187421162922","7.400010108947754","46.74958801269531","462.3333333333333","462","463","31.27475929260254","8.55001449584961","53.99950408935547","461.5","461","462"
"29818880","54.569589614868164","5.850004196166992","69.99949645996094","463.2","463","464","36.74981117248535","19.599987030029297","53.899635314941406","463","463","463"
"29884416","27.34988021850586","27.34988021850586","27.34988021850586","465","465","465","47.366353352864586","26.249900817871094","63.99948501586914","464","464","464"
"29949952","68.99946594238281","68.99946594238281","68.99946594238281","465","465","465","52.574612299601235","21.749950408935547","64.04954528808594","465","464","466"
"30015488","45.1663490931193","12.200020790100098","61.99948501586914","465.6666666666667","465","466","32.64982636769613","12.500025749206543","62.99950408935547","466.3333333333333","466","467"
"30081024","41.48302427927653","5.500002861022949","62.99950408935547","466.6666666666667","466","467","8.550010681152344","8.550010681152344","8.550010681152344","466","466","466"
"30146560","29.52487015724182","11.40002155303955","57.54962158203125","468","467","469","37.24970499674479","11.950023651123047","49.9995231628418","468.3333333333333","468","469"
"30212096","50.249664306640625","50.249664306640625","50.249664306640625","469","469","469","45.182989279429115","3.5499978065490723","66.99948120117188","469","468","470"
"30277632","39.77479028701782","15.600037574768066","63.94954299926758","470","470","470","12.67501425743103","4.499999046325684","18.900001525878906","470","469","471"
"30343168","22.429907894134523","2.949998378753662","61.99950408935547","471.4","471","472","37.83722972869873","21.69995880126953","49.9995231628418","471","470","472"
"30408704","40.53721332550049","5.750003814697266","67.69947814941406","472","472","472","13.374998092651367","7.550006866455078","19.199989318847656","471.5","471","472"
"30474240","54.58296457926432","32.649898529052734","68.0995101928711","473","473","473","48.187132835388184","13.750030517578125","68.99947357177734","472.75","472","473"
"30539776","33.18314297993978","13.650030136108398","52.99950408935547","474.6666666666667","474","475","16.64994239807129","6.150001525878906","38.3497314453125","474","474","474"
"30605312","12.875027179718018","9.800015449523926","15.95003890991211","476","476","476","41.71640110015869","11.900023460388184","63.99948501586914","475.3333333333333","475","476"
"30670848","41.52970199584961","7.350009918212891","62.99950408935547","476.4","476","477","54.832960764567055","30.549922943115234","66.99946594238281","475.6666666666667","475","476"
"30736384","31.124858140945435","13.750030517578125","61.99949645996094","477.5","477","478","33.33317502339681","13.650033950805664","67.9994888305664","476.6666666666667","476","477"
"30801920","40.3122296333313","12.250028610229492","62.99950408935547","478.5","478","479","24.43317763010661","4.800000190734863","49.9995231628418","478","478","478"
"30867456","34.37475395202637","5.750003814697266","62.99950408935547","479","479","479","27.999954223632812","27.999954223632812","27.999954223632812","479","479","479"
"30932992","42.8697021484375","9.550018310546875","62.99950408935547","480.4","480","481","35.087300300598145","15.350028991699219","64.9994888305664","479.75","479","480"
"30998528","57.37460708618164","45.74974822998047","68.99946594238281","481","481","481","","","","","",""
"31064064","46.366336504618324","10.100016593933105","66.9994888305664","482","482","482","56.174583435058594","42.349639892578125","69.99952697753906","482","482","482"
"31129600","49.29961520433426","3.199998140335083","67.9994888305664","483.25","483","484","31.54975116252899","3.0999982357025146","59.99950408935547","483.5","483","484"
"31195136","10.925017833709717","6.900008201599121","14.950027465820312","484.5","484","485","46.67466449737549","18.60000228881836","67.99946594238281","483.75","483","484"
"31260672","35.77475833892822","9.600018501281738","65.9994888305664","485.25","485","486","43.899728775024414","27.79995346069336","59.99950408935547","484","484","484"
"31326208","43.8996467590332","25.84991455078125","52.99950408935547","486.6666666666667","486","487","60.26623026529948","47.799686431884766","69.99951934814453","486","485","487"
"31391744","37.72474956512451","8.450010299682617","66.9994888305664","487","487","487","42.23719501495361","24.09992218017578","64.9994888305664","486.75","486","487"
"31457280","17.916613896687824","4.44999885559082","39.54982376098633","488.6666666666667","488","489","24.23318894704183","4.399998664855957","47.69960021972656","488","487","489"
"31522816","55.21962413787842","4.099997520446777","71.99961853027344","489","489","489","37.7372932434082","16.450035095214844","63.999488830566406","488.75","488","489"
"31588352","6.050004959106445","6.050004959106445","6.050004959106445","491","491","491","42.92474150657654","13.90003490447998","67.9994888305664","489.75","489","490"
"31653888","14.97503137588501","14.100031852722168","15.850030899047852","491.5","491","492","45.74971961975098","22.499950408935547","68.9994888305664","491","490","492"
"31719424","23.88738489151001","7.550010681152344","59.99950408935547","492.25","492","493","26.749878644943237","4.099997520446777","67.9994888305664","492","491","493"
"31784960","9.750019073486328","9.750019073486328","9.750019073486328","493","493","493","30.749828656514484","4.399998664855957","68.9994888305664","493","492","494"
"31850496","20.299849796295167","3.5499978065490723","49.9995231628418","494.4","494","495","40.14968681335449","37.89973449707031","42.39963912963867","494","494","494"
"31916032","60.99950408935547","60.99950408935547","60.99950408935547","495","495","495","45.62970199584961","18.350006103515625","68.99946594238281","495","494","496"
"31981568","58.687015533447266","46.89957046508789","67.99948120117188","496.25","496","497","17.299951950709026","3.799997568130493","38.499839782714844","496","496","496"
"32047104","40.02470397949219","27.049884796142578","52.9995231628418","497.5","497","498","6.575005054473877","4.249998092651367","8.900012016296387","496.5","496","497"
"32112640","36.67480278015137","31.399917602539062","41.94968795776367","498.5","498","499","35.74976825714111","4.149997711181641","63.99950408935547","498","497","499"
"32178176","37.44977521896362","4.90000057220459","69.99954986572266","499","499","499","67.49951553344727","64.9994888305664","69.99954223632812","499","499","499"
"32243712","29.43318049112956","7.900012016296387","64.9994888305664","500.3333333333333","500","501","45.449758529663086","33.89988327026367","56.9996337890625","499.5","499","500"
"32309248","16.0499849319458","9.950016021728516","22.149953842163086","501","501","501","","","","","",""
"32374784","20.849937915802002","12.600022315979004","29.099853515625","502.5","502","503","39.53718355298042","1.9999991655349731","58.39961242675781","502","502","502"
"32440320","30.983159065246582","9.900015830993652","59.99950408935547","503","503","503","51.9995231628418","51.9995231628418","51.9995231628418","503","503","503"
"32505856","27.149887084960938","18.600006103515625","35.69976806640625","504","504","504","47.01213479042053","10.600018501281738","66.44949340820312","504.25","504","505"
"32571392","49.64966074625651","12.950027465820312","67.9994888305664","505","505","505","54.62454891204834","49.9995231628418","58.79957962036133","505.25","505","506"
"32636928","64.12458992004395","57.24961471557617","70.99956512451172","506","506","506","12.250000476837158","5.400002479553223","19.099998474121094","505.5","505","506"
"32702464","37.99975252151489","10.000016212463379","65.9994888305664","507","507","507","46.499755859375","42.09980010986328","50.89971160888672","506.5","506","507"
"32768000","18.716607729593914","10.450021743774414","33.19977951049805","508.3333333333333","508","509","42.02481937408447","12.050020217895508","71.99961853027344","508","508","508"
"32833536","47.07469439506531","8.700011253356934","69.99954223632812","509.25","509","510","62.49952793121338","49.9995231628418","70.99961853027344","508.5","508","509"
"32899072","33.2665049235026","13.350032806396484","67.99946594238281","510","510","510","26.683188756306965","13.050024032592773","49.9995231628418","509.6666666666667","509","510"
"32964608","64.49949645996094","60.99950408935547","67.9994888305664","511","511","511","14.500006675720215","9.950016021728516","20.349979400634766","510.6666666666667","510","511"
"33030144","34.37475776672363","8.750011444091797","59.99950408935547","512","512","512","27.849879646301268","13.00002384185791","43.19965362548828","511.8","511","512"
"33095680","38.80974864959717","5.9000043869018555","63.99948501586914","513.4","513","514","17.949945131937664","5.2000017166137695","29.999839782714844","513.3333333333334","513","514"
"33161216","10.22501516342163","5.850004196166992","14.60002613067627","514.5","514","515","30.92482042312622","8.40001392364502","62.99948501586914","514.25","514","515"
"33226752","33.07480049133301","31.19983673095703","34.949764251708984","515.5","515","516","68.9994888305664","68.9994888305664","68.9994888305664","515","515","515"
"33292288","40.819708251953124","7.950008392333984","63.999488830566406","516.2","516","517","10.487519025802612","5.150001525878906","15.850038528442383","516","515","517"
"33357824","20.949970245361328","20.949970245361328","20.949970245361328","517","517","517","48.41216468811035","29.449932098388672","64.9994888305664","516.75","516","517"
"33423360","35.96648915608724","11.150020599365234","69.99954223632812","518.3333333333334","518","519","28.79990577697754","20.199981689453125","37.39982986450195","518","518","518"
"33488896","67.99951934814453","64.9994888305664","70.99954986572266","519","519","519","43.40971736907959","8.100008964538574","71.99961853027344","519","518","520"
"33554432","45.774667739868164","43.04976272583008","48.49957275390625","520.5","520","521","32.087372064590454","12.200020790100098","51.94965362548828","520.25","520","521"
"33619968","28.216559410095215","13.400029182434082","52.04965591430664","521.3333333333334","521","522","55.11207580566406","40.499794006347656","64.9994888305664","521.25","521","522"
"33685504","72.99969482421875","72.99969482421875","72.99969482421875","522","522","522","50.924631118774414","33.84978103637695","67.99948120117188","522","522","522"
"33751040","12.30002498626709","12.30002498626709","12.30002498626709","524","524","524","36.47474670410156","18.949989318847656","53.99950408935547","523.5","523","524"
"33816576","25.13988666534424","4.75","68.9994888305664","524","524","524","48.574639081954956","14.30002498626709","69.99950408935547","523.75","523","524"
"33882112","31.049922943115234","31.049922943115234","31.049922943115234","525","525","525","38.959767532348636","9.650018692016602","69.99954223632812","525","524","526"
"33947648","38.74971707661947","11.450017929077148","61.999488830566406","526.3333333333334","526","527","50.73296229044596","39.29972839355469","60.99950408935547","526","525","527"
"34013184","49.562143325805664","19.449993133544922","67.9994888305664","527.25","527","528","33.06654453277588","9.300017356872559","70.99961853027344","526.6666666666666","526","527"
"34078720","34.99984995524088","18.649993896484375","43.74979019165039","528","528","528","60.449562072753906","56.89963912963867","63.99948501586914","528","528","528"
"34144256","41.03304545084635","15.550041198730469","59.99950408935547","529.3333333333334","529","530","31.587305545806885","13.750030517578125","50.9995231628418","528.75","528","529"
"34209792","14.850031852722168","13.650026321411133","16.050037384033203","530","530","530","37.21973433494568","2.4999988079071045","68.99946594238281","530","529","531"
"34275328","20.149967193603516","20.149967193603516","20.149967193603516","531","531","531","29.01240086555481","12.450021743774414","70.99954223632812","531","531","531"
"34340864","38.1164763768514","14.700034141540527","67.99948120117188","532.3333333333334","532","533","30.21650727589925","11.700018882751465","59.99950408935547","531.6666666666666","531","532"
"34406400","59.99950408935547","59.99950408935547","59.99950408935547","533","533","533","14.250028610229492","14.250028610229492","14.250028610229492","533","533","533"
"34471936","27.1873881816864","9.450014114379883","56.399559020996094","534.25","534","535","35.9497447013855","4.90000057220459","66.9994888305664","534","534","534"
"34537472","31.74991226196289","31.74991226196289","31.74991226196289","535","535","535","31.42481803894043","8.550010681152344","64.9994888305664","535.25","535","536"
"34603008","10.000018119812012","6.900008201599121","13.100028038024902","536.5","536","537","44.4996817111969","2.4999988079071045","70.99954223632812","535.6666666666666","535","536"
"34668544","45.10969619750976","18.750003814697266","65.99950408935547","537.2","537","538","53.99950408935547","53.99950408935547","53.99950408935547","537","537","537"
"34734080","43.84977340698242","43.84977340698242","43.84977340698242","538","538","538","34.4997615814209","9.500018119812012","66.6994857788086","538","538","538"
"34799616","6.850008010864258","6.850008010864258","6.850008010864258","540","540","540","47.137139320373535","14.550025939941406","69.99950408935547","539","539","539"
"34865152","37.199766635894775","14.400029182434082","59.99950408935547","540.5","540","541","41.01222610473633","5.150001525878906","64.9994888305664","540.25","540","541"
"34930688","43.94963479042053","7.8000078201293945","63.99950408935547","541.5","541","542","","","","","",""
"34996224","27.06655756632487","5.150001525878906","44.94974899291992","542.3333333333334","542","543","42.39973258972168","10.150020599365234","69.9995346069336","542.25","542","543"
"35061760","41.87472939491272","8.600014686584473","68.99947357177734","543.25","543","544","27.999950408935547","27.999950408935547","27.999950408935547","543","543","543"
"35127296","64.66618347167969","53.99950408935547","70.99958038330078","544.3333333333334","544","545","44.224775314331055","18.450008392333984","69.99954223632812","544","544","544"
"35192832","43.02470016479492","36.04987716674805","49.9995231628418","545.5","545","546","57.06627655029297","32.19982147216797","69.99954223632812","545","545","545"
"35258368","42.43723773956299","18.000015258789062","62.9995002746582","546.25","546","547","38.262290716171265","10.7000150680542","70.99961853027344","546","546","546"
"35323904","66.99947738647461","64.9994888305664","68.99946594238281","547","547","547","","","","","",""
"35389440","62.81202411651611","57.24954605102539","69.99954223632812","548.25","548","549","33.724797089894615","7.300009727478027","60.99948501586914","548.1666666666666","548","549"
"35454976","21.399959564208984","17.05001449584961","25.74990463256836","549","549","549","54.23294448852539","32.69978713989258","69.99954223632812","549.3333333333334","549","550"
"35520512","49.9995231628418","49.9995231628418","49.9995231628418","550","550","550","","","","","",""
"35586048","","","","","","","48.249643325805664","29.749937057495117","60.999488830566406","551","551","551"
"35651584","","","","","","","12.049994945526123","5.100001335144043","18.999988555908203","552.5","552","553"
"35717120","36.40982666015625","8.80001163482666","70.9996109008789","553.2","553","554","23.999940633773804","11.800026893615723","43.84977340698242","553","553","553"
"35782656","34.44978713989258","34.44978713989258","34.44978713989258","555","555","555","49.9995231628418","49.9995231628418","49.9995231628418","554","554","554"
"35848192","41.68972969055176","9.050016403198242","66.9994888305664","555.4","555","556","34.616475105285645","15.100035667419434","51.69954299926758","555","555","555"
"35913728","13.125024318695068","10.400017738342285","15.850030899047852","557","557","557","70.99961853027344","70.99961853027344","70.99961853027344","556","556","556"
"35979264","39.599730253219604","3.3999979496002197","70.99954223632812","557.3333333333334","557","558","","","","","",""
"36044800","47.52463412284851","13.100024223327637","62.99950408935547","558.25","558","559","8.550012032190958","3.199998140335083","12.250020980834961","558","558","558"
"36110336","16.283358573913574","15.400040626525879","17.900001525878906","559","559","559","37.94975471496582","8.050008773803711","65.9994888305664","559","559","559"
"36175872","60.99950408935547","60.99950408935547","60.99950408935547","561","561","561","46.44957733154297","46.44957733154297","46.44957733154297","560","560","560"
"36241408","44.41633160909017","12.250020980834961","66.9994888305664","561","561","561","15.749985694885254","10.000012397766113","24.999916076660156","561","561","561"
"36306944","64.49949264526367","62.99949645996094","65.9994888305664","562","562","562","","","","","",""
"36372480","31.84990882873535","31.84990882873535","31.84990882873535","564","564","564","58.4495964050293","58.4495964050293","58.4495964050293","563","563","563"
"36438016","35.94986152648926","28.89995002746582","46.44973373413086","564.3333333333334","564","565","16.975003242492676","14.050027847290039","19.899978637695312","564","564","564"
"36503552","52.69963073730469","41.349796295166016","62.99949645996094","565.3333333333334","565","566","30.63318411509196","10.200020790100098","56.24961853027344","565","565","565"
"36569088","22.449909734725953","3.0999982357025146","63.99948501586914","566.2","566","567","37.3331413269043","16.300025939941406","63.99948501586914","566.3333333333334","566","567"
"36634624","43.2997194925944","32.449790954589844","62.99948501586914","567.6666666666666","567","568","48.67463707923889","5.400002479553223","67.2995376586914","567","567","567"
"36700160","60.99950408935547","60.99950408935547","60.99950408935547","568","568","568","43.96221876144409","7.250009536743164","69.99949645996094","568.25","568","569"
"36765696","17.050020217895508","17.050018310546875","17.05002212524414","569.5","569","570","30.209860420227052","14.60002613067627","52.99950408935547","569.2","569","570"
"36831232","44.424774169921875","17.850006103515625","70.99954223632812","570.5","570","571","36.024746894836426","8.050008773803711","63.99948501586914","570.5","570","571"
"36896768","59.08292770385742","47.249576568603516","70.99960327148438","571.6666666666666","571","572","","","","","",""
"36962304","25.124911427497864","3.0999982357025146","36.49987030029297","572.3333333333334","572","573","9.450014114379883","6.8000078201293945","12.100020408630371","572","572","572"
"37027840","8.750011444091797","8.750011444091797","8.750011444091797","573","573","573","47.966339111328125","21.499958038330078","62.39955520629883","573.3333333333334","573","574"
"37093376","36.84980654716492","15.100028038024902","59.99950408935547","574.5","574","575","33.72488975524902","29.849925994873047","37.599853515625","574","574","574"
"37158912","23.733277320861816","8.10001277923584","34.149879455566406","575","575","575","34.83729076385498","18.999988555908203","49.9995231628418","575.25","575","576"
"37224448","38.67480134963989","29.799840927124023","48.39969253540039","576.25","576","577","31.38312021891276","5.350002288818359","49.9995231628418","576","576","576"
"37289984","54.7746696472168","39.54979705810547","69.99954223632812","577.5","577","578","35.64976215362549","12.750030517578125","61.99949264526367","577","577","577"
"37355520","44.949729919433594","28.89995574951172","60.99950408935547","578.5","578","579","45.54971059163412","23.29995346069336","59.99950408935547","578.3333333333334","578","579"
"37421056","61.14952723185221","57.44961166381836","63.99948501586914","579","579","579","14.400025367736816","14.400025367736816","14.400025367736816","579","579","579"
"37486592","40.45973587036133","6.150005340576172","70.99961853027344","580.6","580","581","50.099708557128906","50.099708557128906","50.099708557128906","580","580","580"
"37552128","40.22476100921631","17.45001792907715","62.99950408935547","581","581","581","17.83332697550456","7.65001106262207","27.24996566772461","581","581","581"
"37617664","64.99949264526367","60.99950408935547","68.99948120117188","582.5","582","583","40.36232042312622","15.250040054321289","71.9996566772461","582","582","582"
"37683200","45.249762535095215","13.200024604797363","70.99961853027344","583.3333333333334","583","584","5.750003814697266","5.750003814697266","5.750003814697266","583","583","583"
"37748736","40.649781227111816","27.149898529052734","61.99950408935547","584.25","584","585","22.483257293701172","14.250024795532227","37.549713134765625","584.3333333333334","584","585"
"37814272","65.99947547912598","62.99948501586914","68.99946594238281","585","585","585","52.96219825744629","27.999954223632812","72.99969482421875","585.25","585","586"
"37879808","48.54975509643555","27.09996795654297","69.99954223632812","586.5","586","587","63.016283671061196","48.04973602294922","70.99960327148438","586","586","586"
"37945344","37.29984259605408","13.900031089782715","70.99961853027344","587.25","587","588","60.49955940246582","49.9995231628418","70.99959564208984","587","587","587"
"38010880","59.99956130981445","49.39969253540039","68.5994873046875","588.3333333333334","588","589","49.05973587036133","17.200023651123047","71.99964141845703","588.2","588","589"
"38076416","40.4997444152832","19.999984741210938","60.99950408935547","589","589","589","46.0371618270874","20.04998779296875","61.99949645996094","589.25","589","590"
"38141952","64.49949645996094","60.99950408935547","67.9994888305664","591","591","591","63.99948501586914","63.99948501586914","63.99948501586914","591","591","591"
"38207488","32.116509755452476","16.050029754638672","60.99950408935547","591.6666666666666","591","592","19.849942684173584","12.100020408630371","27.599864959716797","591","591","591"
"38273024","45.483044942220054","28.199951171875","60.39959716796875","592.6666666666666","592","593","11.550012588500977","6.650007247924805","17.250015258789062","592.3333333333334","592","593"
"38338560","61.14962387084961","52.29969024658203","69.99955749511719","593.5","593","594","27.499897956848145","11.250020980834961","43.74977493286133","593.5","593","594"
"38404096","35.47474479675293","6.950004577636719","63.99948501586914","594","594","594","43.662177085876465","7.350006103515625","63.84955978393555","594","594","594"
"38469632","10.500021934509277","10.500021934509277","10.500021934509277","595","595","595","53.99950408935547","53.99950408935547","53.99950408935547","595","595","595"
"38535168","44.71968116760254","8.25001335144043","68.99946594238281","596.8","596","598","48.14967028299967","13.450033187866211","65.9994888305664","596","596","596"
"38600704","62.99948501586914","62.99948501586914","62.99948501586914","597","597","597","24.13738250732422","7.400006294250488","61.99949264526367","597","597","597"
"38666240","64.6495361328125","64.6495361328125","64.6495361328125","599","599","599","37.94980239868164","15.35003662109375","60.54956817626953","598","598","598"
"38731776","37.383169174194336","16.400028228759766","71.99962615966797","599.5","599","601","38.124754905700684","14.250024795532227","61.99948501586914","599.5","599","600"
"38797312","28.97987804412842","12.500018119812012","46.199703216552734","600.6","600","602","43.83300272623698","18.5","62.99948501586914","600","600","600"
"38862848","43.366406758626304","15.350028991699219","62.99948501586914","601.3333333333334","601","602","26.799939155578613","22.24995994567871","31.349918365478516","601","601","601"
"38928384","34.96235418319702","11.85002326965332","70.99954223632812","602.75","602","603","50.399662017822266","35.699851989746094","70.44959259033203","602.2","602","603"
"38993920","22.57496166229248","12.450021743774414","32.69990158081055","603.5","603","604","38.279809188842776","17.85001564025879","65.34954833984375","603","603","603"
"39059456","55.26627985636393","43.999786376953125","61.99950408935547","605","604","606","42.349764585494995","13.30002498626709","71.99961853027344","604.25","604","605"
"39124992","59.76622009277344","52.29967498779297","63.99948501586914","605","605","605","34.883179346720375","13.050027847290039","69.99954223632812","605.3333333333334","605","606"
"39190528","41.97485542297363","10.950016021728516","72.99969482421875","606.5","606","607","59.4995059967041","51.9995231628418","66.9994888305664","606.5","606","607"
"39256064","35.61648082733154","8.500014305114746","68.9994888305664","607.3333333333334","607","608","47.9163564046224","12.750022888183594","70.99954223632812","607.3333333333334","607","608"
"39321600","56.44966252644857","34.349788665771484","72.99969482421875","608.6666666666666","608","609","24.549911499023438","24.549911499023438","24.549911499023438","609","609","609"
"39387136","39.61976146697998","15.100028038024902","62.9995002746582","609.4","609","610","14.550005276997885","6.2000017166137695","25.599990844726562","609","609","609"
"39452672","31.649821281433105","5.2000017166137695","61.99950408935547","611","610","612","10.950016021728516","10.950016021728516","10.950016021728516","610","610","610"
"39518208","49.074750900268555","27.149883270263672","70.99961853027344","611.5","611","612","47.34967803955078","40.34969711303711","54.34965896606445","611","611","611"
"39583744","14.633269627888998","4.44999885559082","31.69980239868164","613","612","614","59.71623102823893","50.14970779418945","66.9994888305664","612","612","612"
"39649280","20.249971866607666","14.400029182434082","26.09991455078125","614","613","615","35.73730397224426","10.800019264221191","69.7495346069336","613.5","613","614"
"39714816","37.73308197657267","2.349998950958252","69.99954223632812","615","614","616","40.574698865413666","2.699998617172241","62.99948501586914","614.25","614","615"
"39780352","26.583177248636883","4.349998474121094","60.99950408935547","615.3333333333334","615","616","51.13300323486328","38.79983901977539","61.9995002746582","615","615","615"
"39845888","40.42478370666504","20.849964141845703","59.999603271484375","617","617","617","20.933229128519695","8.95001220703125","42.84965896606445","616","616","616"
"39911424","43.29980214436849","21.29996109008789","70.99961853027344","617.3333333333334","617","618","50.109658813476564","34.049766540527344","68.84950256347656","617.4","617","618"
"39976960","36.06651083628336","15.800030708312988","69.99954223632812","618.3333333333334","618","619","47.82466793060303","8.150009155273438","68.99946594238281","618.25","618","619"
"40042496","69.99954223632812","69.99954223632812","69.99954223632812","620","620","620","23.387381076812744","4.950000762939453","65.99948120117188","619.25","619","620"
"40108032","50.532997131347656","20.59996795654297","69.99951934814453","620.3333333333334","620","621","45.51639493306478","5.05000114440918","71.99961853027344","620.6666666666666","620","621"
"40173568","27.289932441711425","14.000031471252441","42.199798583984375","621.8","621","623","61.724578857421875","48.89972686767578","70.99959564208984","621","621","621"
"40239104","51.0745792388916","41.149654388427734","60.99950408935547","623.5","623","624","51.93292999267578","31.799800872802734","63.99948501586914","622.6666666666666","622","623"
"40304640","20.89994939168294","6.750007629394531","32.59989929199219","623","623","623","32.099807262420654","10.7000150680542","53.49959945678711","623","623","623"
"40370176","61.424509048461914","60.84952163696289","61.99949645996094","625","624","626","69.99958801269531","66.99948120117188","72.99969482421875","624","624","624"
"40435712","68.99946594238281","68.99946594238281","68.99946594238281","625","625","625","25.649906635284424","11.600018501281738","39.69979476928711","625.5","625","626"
"40501248","52.54962348937988","44.0997428894043","60.99950408935547","626.5","626","627","70.9996109008789","70.9996109008789","70.9996109008789","626","626","626"
"40566784","44.374704360961914","29.749847412109375","61.99950408935547","628","627","629","57.92454719543457","53.99950408935547","61.84959030151367","627","627","627"
"40632320","45.18967971801758","13.1500244140625","63.99949645996094","628.8","628","630","57.48703670501709","49.9995231628418","64.9994888305664","628.5","628","629"
"40697856","49.86630884806315","23.599937438964844","63.99948501586914","629.6666666666666","629","631","61.99948501586914","61.99948501586914","61.99948501586914","629","629","629"
"40763392","63.99948501586914","63.99948501586914","63.99948501586914","630","630","630","31.14990456899007","7.450010299682617","72.99967193603516","630.3333333333334","630","631"
"40828928","","","","","","","19.53329594930013","6.650003433227539","28.34994888305664","631","631","631"
"40894464","52.382965087890625","43.44977951049805","59.99950408935547","632.6666666666666","632","633","52.049704233805336","33.14989471435547","72.99969482421875","632.3333333333334","632","633"
"40960000","56.0495662689209","51.09962844848633","60.99950408935547","634.5","634","635","10.89999783039093","2.599998712539673","19.199996948242188","633","633","633"
"41025536","63.99948501586914","63.99948501586914","63.99948501586914","634","634","634","49.86635080973307","21.0999755859375","67.99947357177734","634","634","634"
"41091072","59.932857513427734","55.799583435058594","61.99950408935547","636","635","637","43.84976673126221","11.400017738342285","71.99961853027344","635.2","635","636"
"41156608","57.67462348937988","45.349727630615234","69.99951934814453","637.5","637","638","14.187508344650269","4.800000190734863","20.649974822998047","636.25","636","637"
"41222144","65.99956130981445","59.99950408935547","71.99961853027344","638","638","638","42.39985148111979","17.15001678466797","72.99969482421875","637.3333333333334","637","638"
"41287680","57.082942962646484","50.04970932006836","64.9994888305664","638.3333333333334","638","639","39.18316205342611","11.650018692016602","70.99958038330078","638.3333333333334","638","639"
"41353216","34.44978713989258","34.44978713989258","34.44978713989258","639","639","639","46.5097541809082","8.350013732910156","73.99970245361328","639.2","639","640"
"41418752","46.249709606170654","24.699926376342773","69.99954223632812","640.75","640","642","","","","","",""
"41484288","39.77481651306152","8.55001449584961","70.99961853027344","641.5","641","642","55.68290710449219","47.049713134765625","59.99950408935547","641","641","641"
"41549824","68.49955368041992","64.9994888305664","71.99961853027344","642.5","642","643","42.49976181983948","11.200016975402832","71.99961853027344","642.25","642","643"
"41615360","67.9994888305664","67.9994888305664","67.9994888305664","643","643","643","44.13302103678385","31.249832153320312","50.9995231628418","643.3333333333334","643","644"
"41680896","10.90001392364502","5.05000114440918","16.75002670288086","644.5","644","645","36.67477011680603","3.3499979972839355","69.99954223632812","644","644","644"
"41746432","67.99947357177734","67.99947357177734","67.99947357177734","646","646","646","15.183348655700684","11.000016212463379","18.150005340576172","645.3333333333334","645","646"
"41811968","65.99956130981445","60.99950408935547","70.99961853027344","647","647","647","65.049560546875","65.049560546875","65.049560546875","646","646","646"
"41877504","48.0830020904541","17.25001335144043","65.9994888305664","648","647","649","28.383161862691242","3.6499977111816406","68.99946594238281","647","647","647"
"41943040","63.99948692321777","62.99948501586914","64.9994888305664","648","648","648","32.68315855662028","6.9000043869018555","52.79964065551758","648.3333333333334","648","649"
"42008576","","","","","","","54.73289998372396","48.199710845947266","61.99948501586914","649","649","649"
"42074112","28.46655782063802","9.650018692016602","66.59951782226562","650.8333333333334","650","652","31.89977502822876","13.800026893615723","49.9995231628418","650.5","650","651"
"42139648","56.49961471557617","35.09977722167969","70.99958801269531","651.5","651","653","40.74972438812256","30.49992561340332","50.9995231628418","651.5","651","652"
"42205184","39.17475035786629","1.0000001192092896","71.24958801269531","652.5","652","653","43.56968402862549","6.200005531311035","60.99950408935547","652.4","652","653"
"42270720","43.86638593673706","7.400010108947754","63.99948501586914","653.3333333333334","653","654","32.77982177734375","17.950016021728516","61.99948501586914","653.2","653","654"
"42336256","36.0623140335083","12.150020599365234","62.99949645996094","654.25","654","655","32.09990692138672","32.09990692138672","32.09990692138672","654","654","654"
"42401792","24.499876976013184","6.250005722045898","42.74974822998047","655.5","655","656","30.209877586364748","8.40001392364502","64.9994888305664","655.2","655","656"
"42467328","21.624964237213135","15.600037574768066","27.649890899658203","657.5","657","658","48.8163636525472","9.450014114379883","70.99959564208984","656","656","656"
"42532864","36.249874114990234","36.249874114990234","36.249874114990234","658","658","658","46.79972839355469","46.79972839355469","46.79972839355469","657","657","657"
"42598400","17.950008392333984","17.950008392333984","17.950008392333984","659","659","659","24.666576703389484","8.2000093460083","39.99981689453125","658","658","658"
"42663936","39.274789810180664","6.350006103515625","70.99956512451172","659.5","659","660","48.399635553359985","14.60002613067627","66.9994888305664","659.5","659","660"
"42729472","54.899627685546875","43.399757385253906","65.9994888305664","660.5","660","661","59.399574279785156","46.19975280761719","66.99948120117188","660.3333333333334","660","661"
"42795008","59.99950408935547","59.99950408935547","59.99950408935547","662","662","662","72.17463684082031","70.99954223632812","73.3497314453125","661","661","661"
"42860544","54.48713970184326","31.949840545654297","73.99971008300781","663","662","664","54.23715877532959","38.849708557128906","71.99961853027344","662.5","662","663"
"42926080","49.03308232625326","36.8498649597168","70.99954223632812","663.6666666666666","663","664","32.27478885650635","13.250032424926758","51.29954528808594","663.5","663","664"
"42991616","40.77473258972168","19.54998016357422","61.99948501586914","665.5","665","666","59.5195930480957","43.649749755859375","71.99961853027344","664.4","664","665"
"43057152","65.99953715006511","60.99950408935547","71.99961853027344","665.6666666666666","665","666","26.966512044270832","5.2000017166137695","59.99950408935547","665","665","665"
"43122688","68.49955368041992","64.9994888305664","71.99961853027344","666","666","666","31.02475643157959","8.050008773803711","53.99950408935547","666","666","666"
"43188224","48.42465400695801","32.849822998046875","63.99948501586914","667","667","667","53.0745849609375","49.9995231628418","56.1496467590332","667.5","667","668"
"43253760","37.72475337982178","11.450021743774414","63.99948501586914","669","668","670","52.18305206298828","21.89997100830078","71.99961853027344","668","668","668"
"43319296","37.583106676737465","9.10001277923584","63.99948501586914","669.3333333333334","669","670","22.58317534128825","4.59999942779541","53.49951171875","669","669","669"
"43384832","31.769807624816895","7.900008201599121","61.99950408935547","670.8","670","672","55.24958038330078","55.24958038330078","55.24958038330078","670","670","670"
"43450368","13.80002212524414","10.150020599365234","17.450023651123047","671.5","671","672","60.49948501586914","53.99950408935547","66.99946594238281","671","671","671"
"43515904","71.49960327148438","70.99958801269531","71.99961853027344","672.5","672","673","52.76647663116455","11.300017356872559","73.99974060058594","672","672","672"
"43581440","24.999921798706055","21.849964141845703","28.149879455566406","674","673","675","39.03313318888346","28.399852752685547","59.89960479736328","673.3333333333334","673","674"
"43646976","69.99954986572266","69.99954986572266","69.99954986572266","674","674","674","19.949996948242188","19.949996948242188","19.949996948242188","675","675","675"
"43712512","53.1246223449707","43.24974060058594","62.99950408935547","675.5","675","676","33.499741196632385","3.99999737739563","62.99948501586914","675","675","675"
"43778048","39.299755573272705","13.600022315979004","64.9994888305664","676.5","676","677","32.82979369163513","3.699997663497925","52.99950408935547","676.2","676","677"
"43843584","63.99948501586914","63.99948501586914","63.99948501586914","677","677","677","","","","","",""
"43909120","53.89958572387695","53.79966735839844","53.99950408935547","679.5","679","680","22.08323097229004","6.650007247924805","42.94966125488281","678.3333333333334","678","679"
"43974656","36.88314310709635","26.899898529052734","53.49959945678711","679.6666666666666","679","680","","","","","",""
"44040192","59.9995002746582","49.9995231628418","64.9994888305664","680.3333333333334","680","681","39.63302707672119","5.500002861022949","59.399574279785156","680.6666666666666","680","681"
"44105728","65.07451248168945","61.99950408935547","68.14952087402344","682.5","682","683","","","","","",""
"44171264","55.36213779449463","24.999984741210938","70.99954223632812","682.5","682","683","61.499494552612305","59.99950408935547","62.99948501586914","682","682","682"
"44236800","58.649702072143555","44.29972457885742","72.99967956542969","683.5","683","684","49.149662017822266","30.299835205078125","67.9994888305664","683","683","683"
"44302336","28.574904441833496","13.85002326965332","43.29978561401367","684.5","684","685","28.009867668151855","4.950000762939453","64.9994888305664","684","684","684"
"44367872","34.933179219563804","13.550029754638672","62.74956130981445","685.3333333333334","685","686","47.07472610473633","27.14996337890625","66.9994888305664","685.5","685","686"
"44433408","48.499698638916016","31.999908447265625","64.9994888305664","686.5","686","687","20.474945545196533","13.800023078918457","27.14986801147461","686.5","686","687"
"44498944","","","","","","","44.04978561401367","44.04978561401367","44.04978561401367","687","687","687"
"44564480","22.316623051961262","17.500017166137695","28.049884796142578","689","688","690","38.3331044514974","17.949996948242188","64.9994888305664","688.6666666666666","688","689"
"44630016","38.32476329803467","14.650026321411133","61.9995002746582","690","689","691","31.32990379333496","15.950035095214844","70.99958801269531","689.2","689","690"
"44695552","57.449615478515625","44.949745178222656","69.9494857788086","690.5","690","691","40.76974105834961","11.700018882751465","67.99946594238281","690.2","690","691"
"44761088","29.649848302205402","8.450014114379883","56.6995849609375","692","691","693","37.08310349782308","7.400006294250488","62.99948501586914","691.3333333333334","691","692"
"44826624","67.6662114461263","60.99950408935547","70.99958801269531","693","692","694","34.44982051849365","12.950023651123047","52.799652099609375","692.25","692","693"
"44892160","36.23314062754313","13.90002727508545","62.99948501586914","694","693","695","39.5080893834432","5.05000114440918","70.84957885742188","693.3333333333334","693","694"
"44957696","51.27460861206055","37.54972839355469","64.9994888305664","694.5","694","695","64.49947547912598","62.99948501586914","65.99946594238281","694","694","694"
"45023232","16.274994373321533","11.000020027160645","21.549968719482422","695.5","695","696","73.99969482421875","73.99969482421875","73.99969482421875","695","695","695"
"45088768","62.999488830566406","62.999488830566406","62.999488830566406","696","696","696","67.99947357177734","67.99947357177734","67.99947357177734","696","696","696"
"45154304","42.60971641540527","13.050024032592773","64.9994888305664","697.4","697","698","46.683050791422524","31.949825286865234","57.7496223449707","697","697","697"
"45219840","41.88721776008606","12.000020027160645","65.9994888305664","698.5","698","700","28.858152508735657","3.699997663497925","63.99948501586914","698.1666666666666","698","699"
"45285376","62.99948501586914","61.99948501586914","63.99948501586914","700","699","701","30.94992446899414","30.94992446899414","30.94992446899414","699","699","699"
"45350912","45.649706522623696","16.30002212524414","60.649593353271484","701","700","702","28.69985604286194","4.59999942779541","60.99950408935547","700.25","700","701"
"45416448","61.99950408935547","61.99950408935547","61.99950408935547","701","701","701","9.750019073486328","9.750019073486328","9.750019073486328","702","702","702"
"45481984","34.674747467041016","7.350009918212891","61.99948501586914","703.5","703","704","41.81633186340332","7.450006484985352","67.99946594238281","702.3333333333334","702","703"
"45547520","65.33284505208333","60.99950408935547","69.99954223632812","703.3333333333334","703","704","45.56639917691549","2.699998617172241","72.99969482421875","703","703","703"
"45613056","62.99949645996094","60.99950408935547","64.9994888305664","705","704","706","48.169690704345705","17.000022888183594","67.44952392578125","704.4","704","705"
"45678592","22.562461376190186","11.45002555847168","36.399871826171875","705.25","705","706","53.199659983317055","41.49979782104492","65.9994888305664","705.3333333333334","705","706"
"45744128","73.99969482421875","73.99969482421875","73.99969482421875","707","707","707","30.78317864735921","8.300009727478027","58.2496223449707","706","706","706"
"45809664","32.116574923197426","8.150012969970703","72.99967193603516","707.6666666666666","707","708","26.04994297027588","22.399948120117188","29.69993782043457","707","707","707"
"45875200","47.24967861175537","8.7000150680542","70.99960327148438","708.4","708","709","55.61628723144531","32.84989929199219","67.99947357177734","708.3333333333334","708","709"
"45940736","44.437222480773926","18.54999542236328","64.9994888305664","710","709","711","40.23976593017578","17.75","66.99946594238281","709.2","709","710"
"46006272","54.13306681315104","27.39996337890625","73.9997329711914","711.3333333333334","711","712","48.71631304423014","30.149927139282227","65.9994888305664","710.6666666666666","710","711"
"46071808","44.41638056437174","21.249958038330078","63.99948501586914","711.6666666666666","711","713","30.39990234375","18.150020599365234","42.649784088134766","711.5","711","712"
"46137344","50.612128496170044","3.449997901916504","69.99954223632812","712.5","712","714","29.799838701883953","10.900015830993652","59.99950408935547","712","712","712"
"46202880","51.89961552619934","12.600022315979004","66.99946594238281","713.75","713","715","10.050020217895508","10.050020217895508","10.050020217895508","714","714","714"
"46268416","61.99948501586914","61.99948501586914","61.99948501586914","714","714","714","40.57476091384888","24.14992332458496","53.99950408935547","714.25","714","715"
"46333952","29.524890422821045","17.45001983642578","44.549720764160156","715.75","715","716","35.78981437683105","10.050020217895508","62.299495697021484","715.4","715","716"
"46399488","26.79984474182129","5.450002670288086","61.99950408935547","717","716","718","24.61662991841634","13.850027084350586","31.949909210205078","716.3333333333334","716","717"
"46465024","17.65001678466797","17.65001678466797","17.65001678466797","718","718","718","56.98713302612305","38.94984817504883","71.99967193603516","717.5","717","718"
"46530560","40.54982376098633","40.54982376098633","40.54982376098633","719","719","719","41.6497278213501","10.350013732910156","62.99948501586914","718.25","718","719"
"46596096","56.09957504272461","56.09957504272461","56.09957504272461","721","721","721","19.774980545043945","10.55001449584961","28.99994659423828","719","719","719"
"46661632","31.979920959472658","15.950035095214844","72.99968719482422","720.6","720","721","66.9994888305664","66.9994888305664","66.9994888305664","721","721","721"
"46727168","44.524813652038574","18.05000877380371","70.99961853027344","722","722","722","","","","","",""
"46792704","57.57456970214844","51.149654388427734","63.99948501586914","723","722","724","32.049848318099976","10.900015830993652","63.99948501586914","722.25","722","723"
"46858240","36.91651217142741","14.850030899047852","69.74952697753906","723.6666666666666","723","724","13.050024032592773","13.050024032592773","13.050024032592773","724","724","724"
"46923776","43.616408030192055","19.299999237060547","63.99948501586914","724.3333333333334","724","725","43.09971904754639","23.949928283691406","68.9994888305664","724.25","724","725"
"46989312","34.58980026245117","15.150028228759766","64.9994888305664","725.4","725","727","41.074756145477295","14.900031089782715","67.24948120117188","725.5","725","726"
"47054848","65.9994888305664","65.9994888305664","65.9994888305664","726","726","726","50.32965970039368","2.9999983310699463","70.99960327148438","726.2","726","727"
"47120384","63.99948692321777","62.99948501586914","64.9994888305664","728","727","729","19.799950122833252","7.600007057189941","31.999893188476562","727","727","727"
"47185920","48.04969278971354","17.30001449584961","63.99948501586914","728","728","728","45.44976043701172","32.59989929199219","65.44955444335938","728","728","728"
"47251456","26.274946212768555","22.799945831298828","29.74994659423828","730.5","730","731","47.34975051879883","27.299964904785156","67.3995361328125","729","729","729"
"47316992","30.374850273132324","8.450010299682617","52.29969024658203","730.5","730","731","","","","","",""
"47382528","31.624887466430664","23.449954986572266","39.79981994628906","731.5","731","732","7.0250067710876465","5.400002479553223","8.65001106262207","731","731","731"
"47448064","32.409873962402344","21.64996337890625","46.04975509643555","732.8","732","734","60.49957084655762","49.9995231628418","70.99961853027344","732.5","732","733"
"47513600","68.49953842163086","65.9994888305664","70.99958801269531","733","733","733","53.02462959289551","42.049774169921875","63.99948501586914","733.5","733","734"
"47579136","50.887152671813965","5.5500030517578125","71.99961853027344","734.75","734","736","31.899883270263672","23.79993438720703","39.99983215332031","734","734","734"
"47644672","17.150026321411133","17.150026321411133","17.150026321411133","736","736","736","32.6998176574707","4.75","65.9994888305664","735","735","735"
"47710208","14.6666472752889","5.350002288818359","24.949913024902344","736.6666666666666","736","738","58.19955317179362","49.3995475769043","67.99946594238281","736.3333333333334","736","737"
"47775744","38.82477855682373","17.55002212524414","52.99950408935547","737.75","737","738","65.99948120117188","65.99948120117188","65.99948120117188","738","738","738"
"47841280","50.174686431884766","35.349884033203125","64.9994888305664","738.5","738","739","49.5331167380015","2.599998712539673","73.9997329711914","738","738","738"
"47906816","48.112157106399536","5.800004005432129","64.9994888305664","739.5","739","740","35.48315747578939","22.74994468688965","53.99967956542969","739.3333333333334","739","740"
"47972352","32.66650581359863","15.250032424926758","62.99949645996094","740.3333333333334","740","741","46.862250328063965","9.950019836425781","74.999755859375","740.25","740","741"
"48037888","47.96631876627604","26.899967193603516","63.99948501586914","741.3333333333334","741","742","","","","","",""
"48103424","4.475003004074097","2.349998950958252","6.600007057189941","743","743","743","37.88728952407837","9.050012588500977","64.9994888305664","742","742","742"
"48168960","11.650018692016602","11.650018692016602","11.650018692016602","743","743","743","52.59968566894531","52.59968566894531","52.59968566894531","743","743","743"
"48234496","48.13303883870443","26.599960327148438","64.54950714111328","744.3333333333334","744","745","","","","","",""
"48300032","33.59974157810211","3.199998140335083","63.99948501586914","746","745","747","64.91625595092773","56.84965133666992","71.89962768554688","745.3333333333334","745","746"
"48365568","61.29952621459961","61.29952621459961","61.29952621459961","746","746","746","28.23324139912923","19.54998207092285","42.89978790283203","746.3333333333334","746","747"
"48431104","48.09964847564697","5.350002288818359","65.9994888305664","747.5","747","749","42.73304875691732","20.349979400634766","57.84964370727539","747.3333333333334","747","748"
"48496640","","","","","","","42.089730453491214","10.850015640258789","63.99948501586914","748.4","748","749"
"48562176","24.02492332458496","10.550018310546875","37.49982833862305","749.5","749","750","34.13316853841146","28.449951171875","38.44969940185547","749.6666666666666","749","750"
"48627712","61.53295135498047","47.59974670410156","71.99961853027344","750.3333333333334","750","751","41.5998158454895","7.550010681152344","73.99967956542969","750.25","750","751"
"48693248","68.99962043762207","63.99948501586914","73.999755859375","751.5","751","752","35.47482705116272","7.000008583068848","70.49957275390625","751.25","751","752"
"48758784","45.46966400146484","5.05000114440918","64.9994888305664","752.6","752","754","64.77453804016113","61.54959487915039","67.99948120117188","752","752","752"
"48824320","62.9662233988444","51.89962387084961","70.99955749511719","753.3333333333334","753","754","32.78314717610677","11.350017547607422","63.99948501586914","753","753","753"
"48889856","41.362189292907715","4.950000762939453","63.99948501586914","754.25","754","755","30.54993438720703","30.54993438720703","30.54993438720703","755","755","755"
"48955392","64.9994888305664","64.9994888305664","64.9994888305664","755","755","755","44.44975662231445","37.74985122680664","49.64967346191406","755","755","755"
"49020928","47.26635011037191","5.800004005432129","69.99955749511719","756.6666666666666","756","758","56.88719081878662","17.550006866455078","71.9996566772461","756","756","756"
"49086464","","","","","","","52.86215782165527","32.89989471435547","66.9994888305664","757.25","757","758"
"49152000","25.12493324279785","14.350028991699219","36.09986114501953","758.5","758","759","55.79963302612305","44.59977722167969","66.9994888305664","758.5","758","759"
"49217536","44.57474136352539","27.049896240234375","62.099586486816406","759.5","759","760","55.69970512390137","38.399715423583984","72.99969482421875","759.5","759","760"
"49283072","46.79969024658203","27.599891662597656","65.9994888305664","760.5","760","761","58.274728775024414","43.54976272583008","72.99969482421875","760","760","760"
"49348608","64.19967460632324","54.39963150024414","73.99971771240234","761.5","761","762","29.2798583984375","7.550010681152344","63.99948501586914","761","761","761"
"49414144","68.99960231781006","62.99948501586914","73.99976348876953","762.75","762","764","","","","","",""
"49479680","","","","","","","4.800000190734863","4.800000190734863","4.800000190734863","764","764","764"
"49545216","27.983171145121258","8.300009727478027","64.9994888305664","764.6666666666666","764","765","40.5998330116272","8.150012969970703","75.99982452392578","764.25","764","765"
"49610752","46.63972911834717","13.100028038024902","69.09954071044922","765.6","765","766","","","","","",""
"49676288","48.48310089111328","24.99991226196289","73.99969482421875","767.3333333333334","767","768","55.33711910247803","34.699790954589844","69.19952392578125","766","766","766"
"49741824","42.0247859954834","39.49983596801758","44.54973602294922","767.5","767","768","29.58321189880371","15.450029373168945","53.0996208190918","767","767","767"
"49807360","31.139869689941406","9.550018310546875","64.9994888305664","768.8","768","770","36.76233243942261","23.499935150146484","57.799591064453125","768","768","768"
"49872896","35.3747501373291","7.750007629394531","62.99949264526367","770.5","770","771","66.86212348937988","55.4495735168457","73.99974060058594","769","769","769"
"49938432","59.324668884277344","46.64971923828125","71.99961853027344","770","770","770","7.050007224082947","3.0999982357025146","11.000016212463379","770.5","770","771"
"50003968","50.04971122741699","33.699886322021484","66.3995361328125","771","771","771","65.9994888305664","65.9994888305664","65.9994888305664","772","772","772"
"50069504","49.31221961975098","5.150001525878906","72.99969482421875","772.5","772","773","37.074724197387695","24.149925231933594","49.9995231628418","772.5","772","773"
"50135040","11.40002155303955","11.40002155303955","11.40002155303955","774","774","774","41.849779764811196","27.999954223632812","63.99948501586914","773","773","773"
"50200576","43.41223955154419","15.450029373168945","64.99950408935547","774.5","774","775","51.24959182739258","38.499698638916016","63.99948501586914","774.5","774","775"
"50266112","72.9996821085612","71.9996337890625","73.99972534179688","775.6666666666666","775","776","49.59969139099121","32.19990158081055","66.99948120117188","775","775","775"
"50331648","62.74956130981445","62.74956130981445","62.74956130981445","776","776","776","","","","","",""
"50397184","58.29968007405599","35.899864196777344","72.99968719482422","777.6666666666666","777","778","25.474940299987793","13.650033950805664","37.29984664916992","778","778","778"
"50462720","44.04986333847046","15.100031852722168","72.99969482421875","778.5","778","779","19.51661427815755","2.049999237060547","38.299842834472656","778.3333333333334","778","779"
"50528256","70.66631444295247","63.99948501586914","75.99983978271484","779.3333333333334","779","780","","","","","",""
"50593792","24.174956798553467","13.900031089782715","34.44988250732422","781.5","781","782","61.99950408935547","61.99950408935547","61.99950408935547","780","780","780"
"50659328","63.99948501586914","63.99948501586914","63.99948501586914","781","781","781","9.325011730194092","8.50001049041748","10.150012969970703","781","781","781"
"50724864","","","","","","","33.949887911478676","7.400010108947754","72.99968719482422","782.3333333333334","782","783"
"50790400","49.0664389928182","10.70002269744873","73.99971771240234","783.6666666666666","783","784","41.299720764160156","28.599945068359375","53.99949645996094","783","783","783"
"50855936","26.68738293647766","8.750011444091797","65.9994888305664","784.25","784","785","58.11628341674805","38.349857330322266","69.99950408935547","784.3333333333334","784","785"
"50921472","66.59953498840332","62.99948501586914","70.1995849609375","786","785","787","48.449546813964844","48.449546813964844","48.449546813964844","786","786","786"
"50987008","49.749691009521484","32.499900817871094","66.99948120117188","786.5","786","787","44.43307749430338","29.599929809570312","62.99948501586914","786","786","786"
"51052544","34.14989471435547","34.14989471435547","34.14989471435547","787","787","787","33.283138275146484","13.350021362304688","52.99950408935547","787.3333333333334","787","788"
"51118080","33.14990425109863","25.949981689453125","40.34982681274414","789","789","789","31.716499010721844","11.500018119812012","63.999488830566406","788","788","788"
"51183616","37.08730602264404","19.49999237060547","64.9494857788086","789.75","789","791","58.9495849609375","58.69953918457031","59.19963073730469","789","789","789"
"51249152","41.17481231689453","11.350021362304688","70.99960327148438","791","790","792","52.73719501495361","8.950016021728516","75.99979400634766","790","790","790"
"51314688","61.99950408935547","61.99950408935547","61.99950408935547","793","793","793","13.625007629394531","8.150012969970703","19.10000228881836","791","791","791"
"51380224","42.649763107299805","26.199909210205078","59.09961700439453","792.5","792","793","46.06223487854004","7.950008392333984","71.99961853027344","792","792","792"
"51445760","","","","","","","48.9663340250651","17.90001678466797","66.9994888305664","793","793","793"
"51511296","15.400029182434082","15.400029182434082","15.400029182434082","794","794","794","39.024763107299805","13.75002670288086","50.9995231628418","794.75","794","796"
"51576832","52.46630986531576","31.39992904663086","62.99950408935547","796","795","797","49.53298314412435","29.599937438964844","67.9994888305664","795.3333333333334","795","796"
"51642368","53.18296686808268","30.5499267578125","64.9994888305664","796.3333333333334","796","797","32.61413996560233","7.100008964538574","71.9996337890625","796.4285714285714","796","798"
"51707904","41.499735832214355","11.000020027160645","61.99948501586914","798","797","799","31.849803924560547","8.7000150680542","65.9994888305664","797.6","797","799"
"51773440","62.99948501586914","62.99948501586914","62.99948501586914","799","799","799","48.966331481933594","17.650009155273438","66.9994888305664","798.6666666666666","798","800"
"51838976","","","","","","","42.666457176208496","15.80003833770752","71.99964141845703","799.3333333333334","799","800"
"51904512","55.824607849121094","47.64973068237305","63.99948501586914","801","801","801","43.38318634033203","17.800010681152344","73.99969482421875","800.3333333333334","800","801"
"51970048","29.433255513509113","7.150005340576172","73.999755859375","801.6666666666666","801","802","20.516643206278484","11.100016593933105","32.249916076660156","801.6666666666666","801","803"
"52035584","56.69962406158447","40.24981689453125","64.0495834350586","802.75","802","803","30.324767112731934","8.65001106262207","51.9995231628418","802.5","802","803"
"52101120","8.450014114379883","8.450014114379883","8.450014114379883","803","803","803","51.224613189697266","49.9995231628418","52.449703216552734","803.5","803","804"
"52166656","29.28318500518799","11.150020599365234","61.99950408935547","804.3333333333334","804","805","","","","","",""
"52232192","31.7998530069987","15.75003433227539","55.29960250854492","805.3333333333334","805","806","44.249752044677734","44.249752044677734","44.249752044677734","805","805","805"
"52297728","50.524681091308594","48.349735260009766","52.69962692260742","806.5","806","807","43.2497288386027","25.74997901916504","68.99946594238281","806.1666666666666","806","807"
"52363264","","","","","","","43.63303883870443","29.799942016601562","50.9995231628418","807.3333333333334","807","808"
"52428800","23.033262888590496","7.750007629394531","35.74986267089844","808.3333333333334","808","809","32.116509755452476","16.10002899169922","62.99948501586914","808","808","808"
"52494336","64.99948310852051","63.99948501586914","65.99948120117188","810","809","811","66.24961185455322","49.9995231628418","74.99976348876953","809.75","809","811"
"52559872","18.600006103515625","18.600006103515625","18.600006103515625","810","810","810","34.583102226257324","5.400002479553223","68.99946594238281","810.3333333333334","810","811"
"52625408","31.324880599975586","17.000011444091797","45.649749755859375","811.5","811","812","41.81226563453674","5.800004005432129","72.99969482421875","811.25","811","812"
"52690944","56.86624399820963","48.84967041015625","63.99949645996094","812.6666666666666","812","814","41.72481083869934","15.000027656555176","72.99969482421875","812.5","812","814"
"52756480","26.199975967407227","26.199975967407227","26.199975967407227","814","814","814","56.79967371622721","49.09972381591797","70.34957885742188","813","813","813"
"52822016","42.3997688293457","32.99989318847656","51.799644470214844","815","814","816","56.54966163635254","43.099796295166016","69.99952697753906","815","814","816"
"52887552","67.47453880310059","63.99948501586914","70.94959259033203","816","815","817","60.99957084655762","49.9995231628418","71.99961853027344","815.5","815","816"
"52953088","63.39949417114258","63.39949417114258","63.39949417114258","817","817","817","51.54954528808594","51.54954528808594","51.54954528808594","817","817","817"
"53018624","","","","","","","43.466421127319336","15.450033187866211","64.9994888305664","817.6666666666666","817","819"
"53084160","45.31640370686849","28.249961853027344","59.99950408935547","819.3333333333334","819","820","42.324724197387695","22.649944305419922","61.99950408935547","819","818","820"
"53149696","70.6995620727539","70.6995620727539","70.6995620727539","820","820","820","39.649810791015625","23.649932861328125","65.74954223632812","819.5","819","821"
"53215232","43.224799394607544","6.000004768371582","73.99976348876953","821","820","822","38.11654790242513","10.55002212524414","72.99969482421875","820.3333333333334","820","821"
"53280768","22.71659509340922","3.199998140335083","38.79982376098633","821.3333333333334","821","822","37.92488521337509","1.8499993085861206","73.99977111816406","821","821","821"
"53346304","71.74961853027344","71.49961853027344","71.99961853027344","822.5","822","823","59.399526596069336","49.9995231628418","68.79953002929688","822.5","822","823"
"53411840","","","","","","","54.07459831237793","39.14973068237305","68.99946594238281","823","823","823"
"53477376","71.99961853027344","71.99961853027344","71.99961853027344","824","824","824","33.174825847148895","3.499997854232788","71.74960327148438","824","824","824"
"53542912","62.79961268107096","50.399662017822266","72.99968719482422","826","825","827","63.332892100016274","52.99950408935547","72.99968719482422","825.3333333333334","825","826"
"53608448","16.35002899169922","16.35002899169922","16.35002899169922","827","827","827","67.24955654144287","61.99950408935547","73.99977111816406","826.5","826","828"
"53673984","47.28721570968628","28.699953079223633","66.99948120117188","828","827","829","3.499997854232788","3.499997854232788","3.499997854232788","827","827","827"
"53739520","67.99957084655762","63.99948501586914","71.9996566772461","829","828","830","13.016647815704346","3.749997615814209","28.949939727783203","828.6666666666666","828","830"
"53805056","34.8997802734375","34.8997802734375","34.8997802734375","829","829","829","23.499955495198567","10.550018310546875","35.29985809326172","829.6666666666666","829","831"
"53870592","64.21630605061848","55.64964294433594","73.99977111816406","831","830","832","36.399773716926575","2.1999990940093994","70.59954833984375","831","830","832"
"53936128","42.366417249043785","13.600029945373535","64.9994888305664","831.6666666666666","831","832","37.23315620422363","16.35003089904785","66.9994888305664","831.6666666666666","831","833"
"54001664","18.37496566772461","5.350002288818359","31.39992904663086","832.5","832","833","34.23318099975586","15.450029373168945","69.99949645996094","832.6666666666666","832","834"
"54067200","55.5663808186849","27.69995880126953","73.99969482421875","833.3333333333334","833","834","38.76226472854614","4.649999618530273","70.99954223632812","833.75","833","835"
"54132736","38.83724927902222","7.650007247924805","64.9994888305664","834.5","834","835","38.39979902903239","14.300036430358887","64.9994888305664","834.3333333333334","834","835"
"54198272","38.31641165415446","6.000000953674316","64.9994888305664","835.3333333333334","835","836","44.5497194925944","39.7998161315918","51.99966812133789","835.3333333333334","835","836"
"54263808","61.68287785847982","58.049644470214844","63.99948501586914","837","836","838","7.550006866455078","7.550006866455078","7.550006866455078","836","836","836"
"54329344","17.750011444091797","17.750011444091797","17.750011444091797","837","837","837","35.27482986450195","12.550025939941406","57.9996337890625","837.5","837","838"
"54394880","65.9994888305664","65.9994888305664","65.9994888305664","838","838","838","63.11626180013021","52.9995231628418","72.99969482421875","838.3333333333334","838","839"
"54460416","","","","","","","57.14956283569336","52.9995231628418","61.29960250854492","839.5","839","840"
"54525952","51.037217140197754","34.89987564086914","71.99961853027344","840.75","840","842","59.449615478515625","59.449615478515625","59.449615478515625","840","840","840"
"54591488","54.389634704589845","42.69974899291992","66.9994888305664","841.8","841","843","61.19963073730469","43.599632263183594","74.99977111816406","841.3333333333334","841","842"
"54657024","62.07455825805664","60.14963150024414","63.99948501586914","843.5","843","844","62.249619483947754","50.799556732177734","74.99974822998047","842.75","842","844"
"54722560","67.4662488301595","63.99948501586914","72.99969482421875","843.6666666666666","843","844","50.31228828430176","29.24994659423828","74.99977111816406","843.5","843","845"
"54788096","46.69979667663574","26.949970245361328","72.99969482421875","844.5","844","845","41.969774436950686","8.50001049041748","72.99969482421875","844.6","844","846"
"54853632","","","","","","","56.99950408935547","49.9995231628418","63.99948501586914","845.5","845","846"
"54919168","53.2496337890625","53.2496337890625","53.2496337890625","847","847","847","43.43305778503418","10.25001335144043","67.99946594238281","846","846","846"
"54984704","66.42448806762695","65.8494873046875","66.9994888305664","847","847","847","73.99974822998047","73.99974822998047","73.99974822998047","847","847","847"
"55050240","72.99969482421875","72.99969482421875","72.99969482421875","849","849","849","43.82481002807617","17.300010681152344","70.349609375","849","848","850"
"55115776","33.65983896255493","2.7499985694885254","72.99969482421875","849.4","849","850","33.84980265299479","18.89999008178711","49.9995231628418","850","849","851"
"55181312","64.49948692321777","63.99948501586914","64.9994888305664","851","850","852","34.57483530044556","11.050016403198242","64.9994888305664","850","850","850"
"55246848","64.26617050170898","61.799530029296875","66.9994888305664","851.6666666666666","851","853","55.83706760406494","41.349769592285156","66.9994888305664","851.75","851","853"
"55312384","42.54977798461914","42.54977798461914","42.54977798461914","852","852","852","59.499494552612305","49.9995231628418","68.99946594238281","852.5","852","853"
"55377920","55.34977340698242","37.699851989746094","72.99969482421875","854","854","854","22.07499408721924","16.200035095214844","27.949953079223633","853.5","853","854"
"55443456","33.09989547729492","33.09989547729492","33.09989547729492","855","855","855","60.93702793121338","52.99951171875","68.99946594238281","854.25","854","855"
"55508992","13.70002269744873","13.70002269744873","13.70002269744873","856","856","856","44.12486171722412","15.250028610229492","72.99969482421875","855","855","855"
"55574528","27.624849557876587","3.8499975204467773","65.9994888305664","856.5","856","857","65.67458820343018","53.69961166381836","75.99977111816406","856.5","856","858"
"55640064","73.9997329711914","72.99968719482422","74.9997787475586","857.5","857","858","64.9994888305664","64.9994888305664","64.9994888305664","857","857","857"
"55705600","","","","","","","28.474873065948486","7.600010871887207","49.349735260009766","858.5","858","859"
"55771136","62.624671936035156","52.249664306640625","72.99967956542969","859","859","859","","","","","",""
"55836672","38.424846172332764","3.8499975204467773","72.99969482421875","860.5","860","861","37.316482861836754","15.000035285949707","64.9994888305664","860.3333333333334","860","861"
"55902208","64.02452850341797","62.999488830566406","65.04956817626953","862","861","863","14.699970165888468","3.8999974727630615","31.449901580810547","861","861","861"
"55967744","20.91658051808675","7.050008773803711","46.79971694946289","863.3333333333334","863","864","59.999494552612305","51.9995231628418","67.99946594238281","862.5","862","863"
"56033280","57.449680709838866","30.8498477935791","73.99971008300781","863.8","863","865","32.21646531422933","10.600014686584473","49.9995231628418","863.3333333333334","863","864"
"56098816","56.29972267150879","40.29978561401367","72.2996597290039","865","865","865","","","","","",""
"56164352","","","","","","","13.29997381567955","1.7499994039535522","35.849876403808594","865.75","865","867"
"56229888","64.9994888305664","64.9994888305664","64.9994888305664","867","867","867","49.49972915649414","31.449920654296875","70.99956512451172","866.5","866","868"
"56295424","61.32452583312988","57.799564361572266","64.8494873046875","868.5","868","869","45.17490196228027","15.350032806396484","74.99977111816406","868","867","869"
"56360960","64.9994888305664","64.9994888305664","64.9994888305664","869","869","869","30.899903297424316","22.399965286254883","39.39984130859375","869","868","870"
"56426496","55.84963862101237","52.699684143066406","57.449588775634766","869.3333333333334","869","870","43.94989347457886","12.900023460388184","74.99976348876953","870","869","871"
"56492032","73.49971389770508","72.99969482421875","73.9997329711914","871","871","871","44.637319564819336","19.249996185302734","76.99982452392578","870.25","870","871"
"56557568","8.000008583068848","8.000008583068848","8.000008583068848","871","871","871","43.92472267150879","26.199893951416016","61.64955139160156","872","871","873"
"56623104","27.849931716918945","16.600021362304688","39.0998420715332","873","873","873","35.3331085840861","11.000016212463379","59.99955749511719","872.3333333333334","872","873"
"56688640","43.7997386932373","31.999902725219727","67.99947357177734","873.8","873","875","57.12458801269531","53.54961395263672","60.699562072753906","874","873","875"
"56754176","54.14977836608887","35.299861907958984","72.99969482421875","875","875","875","72.99969482421875","72.99969482421875","72.99969482421875","874","874","874"
"56819712","61.5162239074707","53.5496940612793","65.9994888305664","875.6666666666666","875","876","34.66652743021647","24.199922561645508","49.04973602294922","875.3333333333334","875","876"
"56885248","26.14988946914673","8.2000093460083","44.099769592285156","876","876","876","62.99949264526367","62.99949264526367","62.99949264526367","876","876","876"
"56950784","64.07452392578125","61.049530029296875","67.09951782226562","877.5","877","878","61.99948501586914","61.99948501586914","61.99948501586914","877","877","877"
"57016320","75.99981689453125","75.99981689453125","75.99981689453125","879","879","879","46.84970728556315","27.099956512451172","69.99954223632812","878.3333333333334","878","879"
"57081856","37.43322881062826","18.35000228881836","73.99969482421875","880","879","881","49.94970830281576","31.749923706054688","66.9994888305664","879.6666666666666","879","881"
"57147392","49.65971450805664","17.000019073486328","70.99961853027344","880.6","880","881","10.350013732910156","10.350013732910156","10.350013732910156","882","882","882"
"57212928","32.529915237426756","19.699974060058594","73.99976348876953","881.6","881","882","36.50820652643839","10.500014305114746","74.99980926513672","881.1666666666666","881","882"
"57278464","34.44993209838867","9.750019073486328","74.99977111816406","882.6666666666666","882","883","42.11970043182373","11.900019645690918","65.99948120117188","882.2","882","883"
"57344000","65.9994888305664","65.9994888305664","65.9994888305664","883","883","883","56.24985122680664","17.750003814697266","76.99982452392578","883.6666666666666","883","885"
"57409536","40.3597599029541","7.450006484985352","62.99948501586914","885","884","886","69.52462387084961","66.04955291748047","72.99969482421875","884","884","884"
"57475072","67.73286946614583","64.9994888305664","72.19965362548828","886","886","886","28.399893760681152","11.450021743774414","45.34976577758789","885","885","885"
"57540608","","","","","","","59.51216220855713","33.04990768432617","73.99977111816406","886","886","886"
"57606144","49.624839782714844","25.249923706054688","73.999755859375","888","888","888","58.8871545791626","38.64984130859375","72.99969482421875","887.5","887","889"
"57671680","44.79965750376383","4.399998664855957","65.9994888305664","889","888","890","38.049811681111656","14.850027084350586","57.4996452331543","888.6666666666666","888","890"
"57737216","","","","","","","39.099735260009766","28.199947357177734","49.9995231628418","889.5","889","890"
"57802752","48.59979820251465","17.50000762939453","74.99974822998047","890.75","890","891","49.96636072794596","17.700008392333984","67.9994888305664","890.6666666666666","890","892"
"57868288","45.57487392425537","17.150022506713867","73.99972534179688","892","892","892","46.574747721354164","7.250005722045898","76.99982452392578","891.3333333333334","891","893"
"57933824","50.949741999308266","14.850030899047852","73.99971008300781","893.3333333333334","893","894","66.33285140991211","61.99948501586914","70.99958038330078","892","892","892"
"57999360","7.250009536743164","7.250009536743164","7.250009536743164","893","893","893","54.74971866607666","30.69992446899414","73.99969482421875","893","893","893"
"58064896","71.4996566772461","65.99946594238281","76.99984741210938","895","895","895","","","","","",""
"58130432","23.124982833862305","19.049999237060547","27.199966430664062","896","896","896","66.66622416178386","62.99949264526367","72.99969482421875","895","895","895"
"58195968","55.574615478515625","45.149742126464844","65.9994888305664","896.5","896","897","20.274964332580566","9.350013732910156","31.199914932250977","896","896","896"
"58261504","46.1663293838501","8.50001049041748","64.9994888305664","898","897","899","45.11641311645508","30.64992904663086","61.99950408935547","897","897","897"
"58327040","","","","","","","45.87471294403076","22.299949645996094","59.99950408935547","898.75","898","900"
"58392576","57.82458972930908","34.29989242553711","66.9994888305664","900.25","899","901","55.22965621948242","28.849857330322266","69.99954223632812","899.4","899","901"
"58458112","37.23328495025635","15.900031089782715","75.99983215332031","901.3333333333334","901","902","56.89961624145508","46.79975891113281","66.99947357177734","901","900","902"
"58523648","21.73737668991089","5.700003623962402","66.9994888305664","902.25","901","903","13.950031280517578","13.950031280517578","13.950031280517578","901","901","901"
"58589184","70.99966812133789","65.9994888305664","75.99984741210938","903.5","903","904","42.72481727600098","7.850008010864258","74.99977111816406","902","902","902"
"58654720","66.79963874816895","59.59958267211914","73.99969482421875","903.5","903","904","50.349544525146484","50.349544525146484","50.349544525146484","904","904","904"
"58720256","39.966572761535645","9.500018119812012","75.99982452392578","905","904","906","56.299747467041016","24.899906158447266","75.99984741210938","904.3333333333334","904","905"
"58785792","48.87471389770508","47.14971160888672","50.59971618652344","906.5","906","907","27.4998779296875","27.4998779296875","27.4998779296875","906","906","906"
"58851328","37.94984817504883","37.94984817504883","37.94984817504883","907","907","907","19.5249981880188","13.300021171569824","25.749975204467773","906","906","906"
"58916864","31.874910354614258","30.44991683959961","33.299903869628906","907.5","907","908","43.48320388793945","24.899919509887695","74.99977111816406","907","907","907"
"58982400","35.424848794937134","15.400036811828613","65.9994888305664","909","908","910","43.93323771158854","16.800025939941406","76.99982452392578","908.6666666666666","908","909"
"59047936","66.99947357177734","66.99947357177734","66.99947357177734","909","909","909","22.9749813079834","19.749980926513672","26.199981689453125","909.5","909","910"
"59113472","31.424854040145874","9.900015830993652","65.9994888305664","911","910","912","20.849941730499268","7.000004768371582","34.69987869262695","910.5","910","911"
"59179008","38.87477684020996","8.950016021728516","64.7995834350586","912.5","912","913","44.18726444244385","27.39996337890625","63.99948501586914","911.25","911","912"
"59244544","38.07485008239746","25.699981689453125","50.4497184753418","913","913","913","63.49964714050293","51.9995231628418","74.99977111816406","913","913","913"
"59310080","38.19981384277344","38.19981384277344","38.19981384277344","913","913","913","47.76631132761637","5.300002098083496","68.99946594238281","913.6666666666666","913","915"
"59375616","54.22475004196167","24.849912643432617","77.9999008178711","915","914","916","39.83982887268066","6.050004959106445","74.99981689453125","914.2","914","915"
"59441152","50.883087793986","9.650018692016602","74.99976348876953","916","915","917","29.17490005493164","28.249961853027344","30.099838256835938","916","916","916"
"59506688","36.08315912882487","14.550025939941406","66.99948120117188","916.6666666666666","916","917","43.76226043701172","17.050018310546875","68.99946594238281","916.75","916","918"
"59572224","56.75973052978516","18.85000228881836","74.99974822998047","918","917","919","60.07480812072754","43.149784088134766","76.99983215332031","917","917","917"
"59637760","25.033283869425457","15.150028228759766","41.09982681274414","919.3333333333334","919","920","25.374818325042725","7.700007438659668","43.04962921142578","918.5","918","919"
"59703296","50.53309281667074","12.60002613067627","73.99976348876953","920.6666666666666","920","921","25.599914073944092","10.7000150680542","40.499813079833984","920.5","920","921"
"59768832","30.79992961883545","26.549970626831055","35.049888610839844","921","921","921","51.84967041015625","51.84967041015625","51.84967041015625","920","920","920"
"59834368","52.924696604410805","7.750011444091797","76.99983215332031","922","921","923","50.61968574523926","7.250005722045898","72.9996566772461","921.6","921","923"
"59899904","16.199999809265137","5.2000017166137695","27.29996109008789","923","922","924","36.774749755859375","10.55001449584961","62.99948501586914","922.5","922","923"
"59965440","72.69968032836914","72.39969635009766","72.99966430664062","924","924","924","65.9994888305664","65.9994888305664","65.9994888305664","923","923","923"
"60030976","40.13310750325521","19.899993896484375","62.99948501586914","925.3333333333334","924","926","60.91636530558268","46.749759674072266","75.99983215332031","924.6666666666666","924","925"
"60096512","22.649938265482586","8.850011825561523","46.399776458740234","926","925","927","69.33291244506836","62.99948501586914","74.99976348876953","925.6666666666666","925","927"
"60162048","72.99969482421875","72.99969482421875","72.99969482421875","927","927","927","35.43724596500397","3.749997615814209","64.9994888305664","926.25","926","927"
"60227584","51.22467231750488","37.44985580444336","64.9994888305664","928.5","928","929","42.94990762074789","15.300028800964355","76.99982452392578","927.3333333333334","927","928"
"60293120","41.199772357940674","14.700034141540527","67.99948120117188","929","928","930","31.862384796142578","15.750041961669922","60.6495361328125","928.5","928","929"
"60358656","20.849928855895996","7.8000078201293945","43.599761962890625","929.6666666666666","929","930","28.89976167678833","4.800000190734863","52.9995231628418","929.5","929","930"
"60424192","24.024884343147278","2.9999983310699463","45.04977035522461","931","931","931","","","","","",""
"60489728","59.09955596923828","49.2996940612793","64.9994888305664","932.6666666666666","932","933","58.999502182006836","50.9995231628418","66.99948120117188","931.5","931","932"
"60555264","56.80973510742187","34.09990310668945","73.99977111816406","933.2","933","934","48.31635030110677","32.34980773925781","67.99948120117188","933.3333333333334","933","934"
"60620800","","","","","","","60.19966411590576","38.79984664916992","75.99983978271484","933","933","933"
"60686336","65.9994888305664","65.9994888305664","65.9994888305664","936","936","936","57.12472915649414","41.24977111816406","72.99968719482422","934","934","934"
"60751872","71.99969482421875","65.9994888305664","77.9999008178711","936.5","936","937","47.71647079785665","3.799997568130493","76.99983215332031","935","935","935"
"60817408","39.9165366490682","12.700030326843262","72.99968719482422","937.3333333333334","937","938","46.3247013092041","27.149883270263672","65.49951934814453","937","937","937"
"60882944","28.07484132051468","1.8999992609024048","54.24968338012695","938.5","938","939","69.24967002868652","53.99950408935547","76.99986267089844","937.5","937","938"
"60948480","65.4994888305664","64.9994888305664","65.9994888305664","939.5","939","940","41.59979248046875","41.59979248046875","41.59979248046875","939","939","939"
"61014016","42.883243560791016","16.25002670288086","75.99983215332031","940","940","940","44.924678802490234","26.849872589111328","62.99948501586914","939.5","939","940"
"61079552","28.416575113932293","19.64999008178711","41.34980773925781","940.6666666666666","940","941","20.799989223480225","12.500025749206543","29.099952697753906","940.5","940","941"
"61145088","47.14981770515442","11.800023078918457","72.99969482421875","942.25","942","943","64.99960708618164","49.9995231628418","76.99983215332031","942","941","943"
"61210624","32.64993381500244","3.149998188018799","78.99995422363281","943.25","943","944","45.49965476989746","38.99980545043945","51.99950408935547","942.5","942","943"
"61276160","61.59969711303711","44.79978942871094","75.99981689453125","944.3333333333334","944","945","46.42479133605957","20.849964141845703","71.99961853027344","944.5","944","945"
"61341696","56.449663162231445","52.29970169067383","60.59962463378906","945","945","945","50.5246696472168","38.04985427856445","62.99948501586914","944","944","944"
"61407232","50.08725357055664","39.7997932434082","72.99966430664062","946.5","946","947","36.8497838973999","10.000012397766113","61.99948501586914","945","945","945"
"61472768","63.674551010131836","61.349613189697266","65.9994888305664","947","947","947","42.56975297927856","3.5499978065490723","64.64957427978516","946.6","946","947"
"61538304","37.52475070953369","9.050012588500977","65.9994888305664","947.5","947","948","66.9994888305664","66.9994888305664","66.9994888305664","949","949","949"
"61603840","29.949863624572753","8.600010871887207","64.9994888305664","949","948","950","46.93311723073324","9.800015449523926","76.99983215332031","948.6666666666666","948","949"
"61669376","24.149940490722656","24.149940490722656","24.149940490722656","950","950","950","29.399871826171875","10.55002212524414","48.24972152709961","950.5","950","951"
"61734912","53.3996639251709","38.79984664916992","67.99948120117188","951","951","951","39.49978065490723","30.549842834472656","48.4497184753418","951","950","952"
"61800448","67.49947357177734","66.99947357177734","67.99947357177734","952","952","952","23.883162796497345","0.9000001549720764","68.9994888305664","952","952","952"
"61865984","44.21226501464844","17.75000762939453","64.14956665039062","953.25","953","954","72.99969482421875","72.99969482421875","72.99969482421875","952","952","952"
"61931520","68.99959182739258","64.9994888305664","72.99969482421875","954.5","954","955","47.549747467041016","47.549747467041016","47.549747467041016","954","954","954"
"61997056","51.733092308044434","14.200024604797363","74.99976348876953","955.3333333333334","955","956","40.92476177215576","26.699901580810547","62.84952926635742","954.75","954","956"
"62062592","31.49991798400879","31.49991798400879","31.49991798400879","956","956","956","66.49948692321777","63.99948501586914","68.9994888305664","955.5","955","956"
"62128128","42.5097843170166","7.650007247924805","72.99969482421875","957.2","957","958","25.512465715408325","13.900031089782715","32.899898529052734","956.5","956","957"
"62193664","23.049985885620117","19.050003051757812","27.049968719482422","958","958","958","35.489803314208984","14.950031280517578","49.9995231628418","957.4","957","958"
"62259200","52.033206621805824","5.100001335144043","75.99984741210938","959.3333333333334","959","960","48.616448084513344","7.850008010864258","75.99983215332031","958.6666666666666","958","959"
"62324736","","","","","","","52.46223735809326","16.750022888183594","74.99976348876953","959","959","959"
"62390272","53.45972900390625","25.44997787475586","75.99983215332031","961","960","962","44.833117961883545","8.7000150680542","75.99982452392578","960.5","960","961"
"62455808","53.149662017822266","53.149662017822266","53.149662017822266","962","962","962","32.02485251426697","5.400002479553223","70.99954223632812","962","961","963"
"62521344","68.22465515136719","61.44953918457031","74.99977111816406","963","963","963","59.44952392578125","59.44952392578125","59.44952392578125","962","962","962"
"62586880","41.66655349731445","20.34998321533203","73.99976348876953","964","964","964","55.98293685913086","39.54981994628906","65.39950561523438","964","963","965"
"62652416","64.99948692321777","63.99948501586914","65.9994888305664","965","964","966","46.61635208129883","17.000022888183594","61.99948501586914","964.3333333333334","964","965"
"62717952","","","","","","","27.4332758585612","21.699966430664062","34.199886322021484","965.6666666666666","965","966"
"62783488","36.49983596801758","17.650009155273438","55.34966278076172","967.5","967","968","49.366355895996094","16.100040435791016","69.99954223632812","967","967","967"
"62849024","39.3497576713562","13.700026512145996","64.9994888305664","968.5","968","969","46.669725608825686","5.500002861022949","73.99969482421875","967.4","967","968"
"62914560","48.389798927307126","10.600014686584473","73.99977111816406","968.8","968","969","68.99967193603516","61.99950408935547","75.99983978271484","969","969","969"
"62980096","43.816360195477806","1.9999991655349731","64.9994888305664","970.3333333333334","970","971","53.48296610514323","30.449932098388672","65.99948120117188","970","969","971"
"63045632","","","","","","","43.066444396972656","13.1500244140625","69.99954223632812","971","970","972"
"63111168","58.37460136413574","50.74971389770508","65.9994888305664","972","972","972","67.44953918457031","67.44953918457031","67.44953918457031","971","971","971"
"63176704","68.9246711730957","61.849517822265625","75.99982452392578","973.5","973","974","31.09990692138672","31.09990692138672","31.09990692138672","974","974","974"
"63242240","62.27454376220703","57.549598693847656","66.9994888305664","974.5","974","975","42.42483305931091","5.9000043869018555","76.99986267089844","974.25","974","975"
"63307776","37.91230821609497","17.000019073486328","66.9994888305664","975.25","974","976","26.449975967407227","26.449975967407227","26.449975967407227","974","974","974"
"63373312","64.26629130045573","50.799644470214844","73.99974822998047","976","976","976","53.63713979721069","18.0000057220459","68.99946594238281","975.5","975","976"
"63438848","54.11637624104818","22.349952697753906","72.99969482421875","977","977","977","33.27486038208008","25.499919891357422","41.049800872802734","977","976","978"
"63504384","65.9994888305664","65.9994888305664","65.9994888305664","977.5","977","978","65.27448654174805","63.54949188232422","66.99948120117188","978.5","978","979"
"63569920","69.33291625976562","65.9994888305664","74.99977111816406","979.3333333333334","979","980","30.074766159057617","8.150009155273438","51.9995231628418","979","979","979"
"63635456","66.9994888305664","66.9994888305664","66.9994888305664","981","981","981","15.400029182434082","15.400029182434082","15.400029182434082","979","979","979"
"63700992","60.34962463378906","60.34962463378906","60.34962463378906","981","981","981","49.63311227162679","9.900012016296387","75.99983978271484","981","981","981"
"63766528","52.7829704284668","27.349960327148438","68.99946594238281","983","982","984","60.49949645996094","53.99950408935547","66.9994888305664","981.5","981","982"
"63832064","69.84980010986328","59.699623107910156","79.9999771118164","983","983","983","39.64975118637085","13.300021171569824","65.99948120117188","982.5","982","983"
"63897600","35.39986801147461","33.549896240234375","37.249839782714844","984.5","984","985","","","","","",""
"63963136","64.99949645996094","64.99949645996094","64.99949645996094","985","985","985","5.2000017166137695","5.2000017166137695","5.2000017166137695","985","985","985"
"64028672","53.62463855743408","36.999847412109375","67.99946594238281","986.75","986","988","45.162240982055664","20.249984741210938","64.9994888305664","985.5","985","986"
"64094208","35.4747371673584","4.950000762939453","65.99947357177734","987","987","987","15.350032806396484","15.350032806396484","15.350032806396484","987","987","987"
"64159744","66.9994888305664","66.9994888305664","66.9994888305664","988","988","988","39.69983673095703","39.69983673095703","39.69983673095703","987","987","987"
"64225280","50.53309154510498","9.600014686584473","74.99977111816406","989.6666666666666","989","991","49.0372976064682","3.749997615814209","75.99981689453125","989.25","989","990"
"64290816","55.54961395263672","55.54961395263672","55.54961395263672","992","992","992","37.499746799468994","7.000004768371582","67.9994888305664","990.5","990","991"
"64356352","46.219721984863284","12.55002212524414","67.9994888305664","991","991","991","39.3498420715332","39.3498420715332","39.3498420715332","990","990","990"
"64421888","66.99947357177734","66.99947357177734","66.99947357177734","992","992","992","37.12478423118591","10.350021362304688","63.99948501586914","991.75","991","992"
"64487424","41.59975290298462","15.200024604797363","67.99948120117188","993","993","993","54.587154388427734","26.449974060058594","69.99951171875","993","993","993"
"64552960","52.04966354370117","52.04966354370117","52.04966354370117","995","995","995","47.674936294555664","18.35000991821289","76.99986267089844","994.5","994","995"
"64618496","19.799991607666016","19.799991607666016","19.799991607666016","996","996","996","8.80001163482666","8.80001163482666","8.80001163482666","996","996","996"
"64684032","63.99985885620117","47.99974060058594","79.9999771118164","996","996","996","73.51641845703125","66.54951477050781","77.9999008178711","996.3333333333334","996","997"
"64749568","","","","","","","37.124817848205566","22.249969482421875","59.99950408935547","996.5","996","997"
"64815104","14.00002384185791","14.00002384185791","14.00002384185791","998","998","998","18.600006103515625","18.600006103515625","18.600006103515625","999","999","999"
"64880640","34.549925565719604","4.249998092651367","77.99991607666016","999.5","999","1001","57.77473831176758","42.549781799316406","72.99969482421875","998","998","998"
"64946176","46.149824142456055","24.09993553161621","73.99974060058594","1000.3333333333334","1000","1001","35.324832916259766","21.049964904785156","49.599700927734375","1000","1000","1000"
"65011712","53.79986731211344","10.40001392364502","76.9998779296875","1001","1001","1001","10.810011291503907","7.550010681152344","18.650005340576172","1000.8","1000","1001"
"65077248","","","","","","","30.049858331680298","14.400029182434082","53.99950408935547","1001.75","1001","1002"
"65142784","22.849945068359375","20.649974822998047","25.049915313720703","1003","1003","1003","49.1746940612793","33.34989929199219","64.9994888305664","1002.5","1002","1003"
"65208320","71.4996223449707","67.99947357177734","74.99977111816406","1004.5","1004","1005","38.99979019165039","20.14997100830078","65.99947357177734","1004","1003","1005"
"65273856","29.883246103922527","18.94998550415039","46.09976577758789","1005","1005","1005","10.200013160705566","10.200013160705566","10.200013160705566","1005","1005","1005"
"65339392","29.183241844177246","10.800015449523926","47.59975814819336","1006","1006","1006","69.6662966410319","62.99949264526367","75.99984741210938","1006.3333333333334","1006","1007"
"65404928","38.67477226257324","33.59989929199219","43.7496452331543","1008","1007","1009","58.63963623046875","20.49997329711914","74.69975280761719","1007","1006","1008"
"65470464","52.21963272094727","11.150020599365234","66.9994888305664","1008.6","1008","1010","53.224740982055664","33.44978713989258","72.99969482421875","1008","1008","1008"
"65536000","30.69984308878581","11.250017166137695","65.99948120117188","1009.3333333333334","1009","1010","39.549834966659546","14.50003719329834","75.99977111816406","1009","1009","1009"
"65601536","45.649757385253906","45.649757385253906","45.649757385253906","1010","1010","1010","25.233206113179524","5.300002098083496","57.84959411621094","1010.3333333333334","1010","1011"
"65667072","56.69969882965088","15.400029182434082","77.9999008178711","1011.4","1011","1013","67.1163558959961","53.34960174560547","75.99984741210938","1011","1011","1011"
"65732608","67.99947357177734","66.99948120117188","68.99946594238281","1012","1012","1012","13.1500244140625","13.1500244140625","13.1500244140625","1013","1013","1013"
"65798144","","","","","","","43.824750900268555","18.650012969970703","68.9994888305664","1013.5","1013","1014"
"65863680","44.69975026448568","4.149997711181641","71.99964904785156","1014","1014","1014","50.1663449605306","18.900001525878906","67.59954833984375","1014","1014","1014"
"65929216","28.583163261413574","4.2999982833862305","67.99946594238281","1015","1015","1015","63.349525451660156","59.6995849609375","66.99946594238281","1015","1014","1016"
"65994752","52.19968287150065","27.449962615966797","64.9994888305664","1016.6666666666666","1016","1018","50.77460479736328","38.54972457885742","62.99948501586914","1016","1016","1016"
"66060288","67.29950714111328","66.99946594238281","67.59954833984375","1017","1017","1017","46.14977474212647","4.699999809265137","76.99984741210938","1017.2","1017","1018"
"66125824","56.233046213785805","27.699954986572266","73.99969482421875","1018","1018","1018","57.07470369338989","17.300012588500977","74.99977111816406","1018","1017","1019"
"66191360","57.88303883870443","32.64989471435547","73.9997329711914","1019","1019","1019","44.62496280670166","11.250017166137695","77.99990844726562","1019.5","1019","1020"
"66256896","34.13735103607178","17.100013732910156","61.349552154541016","1020.75","1020","1022","58.86633173624674","37.59982681274414","72.99969482421875","1019.6666666666666","1019","1020"
"66322432","60.68301645914713","41.04978942871094","74.99977111816406","1021.3333333333334","1021","1022","30.049922943115234","30.049922943115234","30.049922943115234","1022","1022","1022"
"66387968","65.9994888305664","65.9994888305664","65.9994888305664","1022","1022","1022","56.49963665008545","19.99997329711914","70.99961853027344","1022","1021","1023"
"66453504","36.09981107711792","14.500029563903809","57.69959259033203","1023","1023","1023","42.14979076385498","12.400017738342285","70.99959564208984","1023.3333333333334","1023","1024"
"66519040","33.8498649597168","23.799930572509766","43.89979934692383","1024","1024","1024","38.23991317749024","8.25001335144043","77.9999008178711","1024","1024","1024"
"66584576","33.50981101989746","3.8499975204467773","66.9994888305664","1025.2","1025","1026","32.2999153137207","32.2999153137207","32.2999153137207","1025","1025","1025"
"66650112","66.9994888305664","66.9994888305664","66.9994888305664","1026","1026","1026","47.88313229878744","14.650026321411133","75.99984741210938","1026","1026","1026"
"66715648","51.962175369262695","32.349918365478516","67.99947357177734","1027","1027","1027","50.74970626831055","39.9498176574707","61.54959487915039","1027","1027","1027"
"66781184","50.07468795776367","15.150032043457031","69.99954986572266","1028.75","1028","1030","15.400029182434082","15.400029182434082","15.400029182434082","1028","1028","1028"
"66846720","","","","","","","72.99966430664062","68.99946594238281","75.99983215332031","1029.3333333333333","1029","1030"
"66912256","62.724571228027344","60.649566650390625","64.79957580566406","1030","1030","1030","40.76646041870117","20.949974060058594","57.14961242675781","1030","1029","1031"
"66977792","62.83721733093262","33.34989929199219","75.99979400634766","1031","1031","1031","61.36617787679037","53.99950408935547","65.9994888305664","1031","1030","1032"
"67043328","54.533162434895836","16.600021362304688","79.9999771118164","1032.3333333333333","1032","1033","57.13719081878662","26.89990234375","74.99977111816406","1031.75","1031","1032"
"67108864","48.816384633382164","40.39979553222656","60.199615478515625","1033","1033","1033","45.13981952667236","15.800030708312988","75.99983215332031","1033.2","1033","1034"
"67174400","","","","","","","25.32494878768921","13.900023460388184","36.749874114990234","1034","1034","1034"
"67239936","14.175019264221191","11.650018692016602","16.70001983642578","1035.5","1035","1036","42.24966812133789","42.24966812133789","42.24966812133789","1035","1035","1035"
"67305472","","","","","","","57.39960479736328","48.79974365234375","65.99946594238281","1035.5","1035","1036"
"67371008","30.649840354919434","8.600010871887207","66.9994888305664","1037","1037","1037","","","","","",""
"67436544","64.16214084625244","45.649776458740234","75.99984741210938","1038.25","1038","1039","48.799759229024254","9.40001392364502","73.99977111816406","1038","1038","1038"
"67502080","40.09982681274414","40.09982681274414","40.09982681274414","1039","1039","1039","21.199905276298523","1.4999996423721313","36.89973831176758","1039","1039","1039"
"67567616","16.55001974105835","14.500029563903809","18.60000991821289","1041","1040","1042","29.266557693481445","7.050008773803711","41.59981918334961","1040.3333333333333","1040","1041"
"67633152","43.9665641784668","10.950019836425781","77.9999008178711","1041.3333333333333","1041","1042","57.57472014427185","14.30002498626709","73.99976348876953","1041.25","1041","1042"
"67698688","61.04971059163412","40.14984130859375","75.99980163574219","1042.3333333333333","1042","1043","36.299781799316406","19.49999237060547","47.24971008300781","1041.6666666666667","1041","1042"
"67764224","41.82474708557129","17.650005340576172","65.9994888305664","1044","1043","1045","57.674705505371094","43.34979248046875","71.99961853027344","1043","1043","1043"
"67829760","49.54970932006836","30.099937438964844","68.99948120117188","1044","1044","1044","19.499938488006592","4.699999809265137","34.29987716674805","1043.5","1043","1044"
"67895296","67.49947738647461","66.99946594238281","67.9994888305664","1045","1045","1045","37.099867502848305","18.999988555908203","71.9996337890625","1045","1045","1045"
"67960832","43.0997314453125","21.199974060058594","64.9994888305664","1047","1046","1048","65.89951705932617","64.9994888305664","66.79954528808594","1045.5","1045","1046"
"68026368","54.22490882873535","31.44992446899414","76.99989318847656","1047","1047","1047","53.916266123453774","43.749786376953125","65.9994888305664","1046.6666666666667","1046","1047"
"68091904","31.14985179901123","6.000004768371582","44.69974899291992","1048.3333333333333","1048","1049","2.9999983310699463","2.9999983310699463","2.9999983310699463","1049","1049","1049"
"68157440","36.44978380203247","3.9499974250793457","67.99946594238281","1049.6","1049","1051","59.916481018066406","28.74987030029297","76.99982452392578","1048.6666666666667","1048","1049"
"68222976","58.19984436035156","39.39984130859375","76.99984741210938","1050","1050","1050","42.73731970787048","12.30002498626709","74.99976348876953","1049.75","1049","1050"
"68288512","54.62476348876953","36.99986267089844","72.24966430664062","1051","1051","1051","51.77467155456543","36.54985427856445","66.9994888305664","1050.5","1050","1051"
"68354048","53.51646169026693","40.69979476928711","75.99983215332031","1052.6666666666667","1052","1054","29.7665532430013","10.950019836425781","57.099666595458984","1052","1052","1052"
"68419584","66.99947357177734","66.99947357177734","66.99947357177734","1054","1054","1054","68.99960708618164","63.99948501586914","76.99984741210938","1052.6666666666667","1052","1053"
"68485120","38.78313318888346","18.050003051757812","57.24957275390625","1054.6666666666667","1054","1056","61.999563217163086","51.999507904052734","71.99961853027344","1054","1054","1054"
"68550656","66.9994888305664","66.9994888305664","66.9994888305664","1055","1055","1055","48.449676513671875","48.449676513671875","48.449676513671875","1055","1055","1055"
"68616192","53.04975382486979","19.150001525878906","74.99977111816406","1056.6666666666667","1056","1058","70.99963633219402","65.9994888305664","73.99976348876953","1055.6666666666667","1055","1056"
"68681728","56.56650161743164","20.69997787475586","74.99977111816406","1057.6666666666667","1057","1059","38.04985046386719","38.04985046386719","38.04985046386719","1057","1057","1057"
"68747264","68.3745174407959","66.9994888305664","70.49961853027344","1058.25","1058","1059","42.22487545013428","10.450017929077148","73.9997329711914","1058.5","1058","1059"
"68812800","75.99982070922852","74.99977111816406","76.99987030029297","1059","1059","1059","51.28310585021973","12.850019454956055","75.99980926513672","1058.6666666666667","1058","1059"
"68878336","66.4994888305664","65.9994888305664","66.9994888305664","1060.5","1060","1061","69.99947357177734","69.99947357177734","69.99947357177734","1061","1061","1061"
"68943872","75.33310190836589","69.99954223632812","78.99993133544922","1061","1061","1061","45.19987487792969","16.40003204345703","73.99971771240234","1061","1061","1061"
"69009408","72.99971389770508","66.9994888305664","78.99993896484375","1062","1062","1062","53.06641515096029","19.19998550415039","74.99977111816406","1061.6666666666667","1061","1062"
"69074944","58.32470226287842","24.299991607666016","76.99983978271484","1063.75","1063","1065","49.49983787536621","25.999980926513672","72.99969482421875","1063","1063","1063"
"69140480","13.650026321411133","13.650026321411133","13.650026321411133","1064","1064","1064","53.37457084655762","49.9995231628418","56.74961853027344","1064","1064","1064"
"69206016","78.99998474121094","78.99998474121094","78.99998474121094","1065","1065","1065","38.43317643801371","3.5999977588653564","72.99969482421875","1065.3333333333333","1065","1066"
"69271552","49.249855041503906","34.399871826171875","75.99983978271484","1066","1066","1066","73.9997329711914","70.99961853027344","76.99984741210938","1066.5","1066","1067"
"69337088","29.89992332458496","27.44995880126953","32.34988784790039","1067","1067","1067","33.16643691062927","3.199998140335083","52.999515533447266","1067.3333333333333","1067","1068"
"69402624","31.599836349487305","10.150020599365234","53.049652099609375","1068","1068","1068","68.499680519104","50.999507904052734","77.9999008178711","1068.25","1068","1069"
"69468160","63.1495246887207","59.29956817626953","66.99948120117188","1069.5","1069","1070","37.4997353553772","6.000004768371582","68.99946594238281","1069","1069","1069"
"69533696","39.99979114532471","25.949913024902344","68.99946594238281","1070.5","1070","1072","33.81652800242106","13.70002269744873","51.14969253540039","1070.3333333333333","1070","1071"
"69599232","","","","","","","37.89991434415182","2.699998617172241","76.9998550415039","1071","1071","1071"
"69664768","37.01994228363037","6.100005149841309","78.99998474121094","1072.4","1072","1074","69.99968910217285","62.99948501586914","76.99989318847656","1072","1072","1072"
"69730304","38.56641419728597","4.59999942779541","65.9994888305664","1073","1073","1073","43.97484540939331","3.249998092651367","77.99992370605469","1073","1073","1073"
"69795840","37.32474994659424","8.65001106262207","65.9994888305664","1075","1074","1076","39.91645050048828","17.600021362304688","63.99948501586914","1074","1074","1074"
"69861376","49.2663246790568","11.800019264221191","67.9994888305664","1075","1075","1075","30.416499455769856","6.450006484985352","65.9994888305664","1074.6666666666667","1074","1075"
"69926912","48.19974327087402","35.09987258911133","61.29961395263672","1076","1076","1076","51.899664560953774","26.749969482421875","66.99946594238281","1076","1075","1077"
"69992448","68.4495620727539","68.4495620727539","68.4495620727539","1077","1077","1077","57.062143325805664","33.249900817871094","72.99969482421875","1076.75","1076","1077"